ISO-10303-21;
HEADER;
FILE_DESCRIPTION(('FreeCAD Model'),'2;1');
FILE_NAME('Open CASCADE Shape Model','2026-08-17T15:05:16',('Author'),(
    ''),'Open CASCADE STEP processor 7.8','FreeCAD','Unknown');
FILE_SCHEMA(('AUTOMOTIVE_DESIGN { 1 0 10303 214 1 1 1 1 }'));
ENDSEC;
DATA;
#1 = APPLICATION_PROTOCOL_DEFINITION('international standard',
  'automotive_design',2000,#2);
#2 = APPLICATION_CONTEXT(
  'core data for automotive mechanical design processes');
#3 = SHAPE_DEFINITION_REPRESENTATION(#4,#10);
#4 = PRODUCT_DEFINITION_SHAPE('','',#5);
#5 = PRODUCT_DEFINITION('design','',#6,#9);
#6 = PRODUCT_DEFINITION_FORMATION('','',#7);
#7 = PRODUCT('frame_v0','frame_v0','',(#8));
#8 = PRODUCT_CONTEXT('',#2,'mechanical');
#9 = PRODUCT_DEFINITION_CONTEXT('part definition',#2,'design');
#10 = SHAPE_REPRESENTATION('',(#11,#15,#19,#23,#27,#31,#35),#39);
#11 = AXIS2_PLACEMENT_3D('',#12,#13,#14);
#12 = CARTESIAN_POINT('',(0.,0.,0.));
#13 = DIRECTION('',(0.,0.,1.));
#14 = DIRECTION('',(1.,0.,-0.));
#15 = AXIS2_PLACEMENT_3D('',#16,#17,#18);
#16 = CARTESIAN_POINT('',(0.,0.,0.));
#17 = DIRECTION('',(0.,0.,1.));
#18 = DIRECTION('',(1.,0.,0.));
#19 = AXIS2_PLACEMENT_3D('',#20,#21,#22);
#20 = CARTESIAN_POINT('',(0.,0.,4.));
#21 = DIRECTION('',(0.,0.,1.));
#22 = DIRECTION('',(1.,0.,0.));
#23 = AXIS2_PLACEMENT_3D('',#24,#25,#26);
#24 = CARTESIAN_POINT('',(0.,0.,2.));
#25 = DIRECTION('',(0.,-0.,1.));
#26 = DIRECTION('',(0.707106781187,0.707106781187,0.));
#27 = AXIS2_PLACEMENT_3D('',#28,#29,#30);
#28 = CARTESIAN_POINT('',(0.,0.,2.));
#29 = DIRECTION('',(0.,0.,1.));
#30 = DIRECTION('',(-0.707106781187,0.707106781187,0.));
#31 = AXIS2_PLACEMENT_3D('',#32,#33,#34);
#32 = CARTESIAN_POINT('',(0.,0.,2.));
#33 = DIRECTION('',(0.,0.,1.));
#34 = DIRECTION('',(-0.707106781187,-0.707106781187,0.));
#35 = AXIS2_PLACEMENT_3D('',#36,#37,#38);
#36 = CARTESIAN_POINT('',(0.,0.,2.));
#37 = DIRECTION('',(-0.,0.,1.));
#38 = DIRECTION('',(0.707106781187,-0.707106781187,0.));
#39 = ( GEOMETRIC_REPRESENTATION_CONTEXT(3) 
GLOBAL_UNCERTAINTY_ASSIGNED_CONTEXT((#43)) GLOBAL_UNIT_ASSIGNED_CONTEXT(
(#40,#41,#42)) REPRESENTATION_CONTEXT('Context #1',
  '3D Context with UNIT and UNCERTAINTY') );
#40 = ( LENGTH_UNIT() NAMED_UNIT(*) SI_UNIT(.MILLI.,.METRE.) );
#41 = ( NAMED_UNIT(*) PLANE_ANGLE_UNIT() SI_UNIT($,.RADIAN.) );
#42 = ( NAMED_UNIT(*) SI_UNIT($,.STERADIAN.) SOLID_ANGLE_UNIT() );
#43 = UNCERTAINTY_MEASURE_WITH_UNIT(LENGTH_MEASURE(1.E-07),#40,
  'distance_accuracy_value','confusion accuracy');
#44 = PRODUCT_RELATED_PRODUCT_CATEGORY('part',$,(#7));
#45 = SHAPE_DEFINITION_REPRESENTATION(#46,#52);
#46 = PRODUCT_DEFINITION_SHAPE('','',#47);
#47 = PRODUCT_DEFINITION('design','',#48,#51);
#48 = PRODUCT_DEFINITION_FORMATION('','',#49);
#49 = PRODUCT('bottom_plate','bottom_plate','',(#50));
#50 = PRODUCT_CONTEXT('',#2,'mechanical');
#51 = PRODUCT_DEFINITION_CONTEXT('part definition',#2,'design');
#52 = ADVANCED_BREP_SHAPE_REPRESENTATION('',(#11,#53),#1479);
#53 = MANIFOLD_SOLID_BREP('',#54);
#54 = CLOSED_SHELL('',(#55,#95,#126,#157,#506,#855,#872,#889,#906,#923,
    #940,#957,#974,#991,#1008,#1025,#1042,#1059,#1076,#1093,#1110,#1127,
    #1144,#1161,#1178,#1195,#1212,#1229,#1246,#1263,#1275,#1292,#1309,
    #1326,#1343,#1360,#1377,#1394,#1411,#1428,#1445,#1462));
#55 = ADVANCED_FACE('',(#56),#90,.F.);
#56 = FACE_BOUND('',#57,.F.);
#57 = EDGE_LOOP('',(#58,#68,#76,#84));
#58 = ORIENTED_EDGE('',*,*,#59,.T.);
#59 = EDGE_CURVE('',#60,#62,#64,.T.);
#60 = VERTEX_POINT('',#61);
#61 = CARTESIAN_POINT('',(-40.,-55.,0.));
#62 = VERTEX_POINT('',#63);
#63 = CARTESIAN_POINT('',(-40.,-55.,2.));
#64 = LINE('',#65,#66);
#65 = CARTESIAN_POINT('',(-40.,-55.,0.));
#66 = VECTOR('',#67,1.);
#67 = DIRECTION('',(0.,0.,1.));
#68 = ORIENTED_EDGE('',*,*,#69,.T.);
#69 = EDGE_CURVE('',#62,#70,#72,.T.);
#70 = VERTEX_POINT('',#71);
#71 = CARTESIAN_POINT('',(40.,-55.,2.));
#72 = LINE('',#73,#74);
#73 = CARTESIAN_POINT('',(-40.,-55.,2.));
#74 = VECTOR('',#75,1.);
#75 = DIRECTION('',(1.,0.,0.));
#76 = ORIENTED_EDGE('',*,*,#77,.F.);
#77 = EDGE_CURVE('',#78,#70,#80,.T.);
#78 = VERTEX_POINT('',#79);
#79 = CARTESIAN_POINT('',(40.,-55.,0.));
#80 = LINE('',#81,#82);
#81 = CARTESIAN_POINT('',(40.,-55.,0.));
#82 = VECTOR('',#83,1.);
#83 = DIRECTION('',(0.,0.,1.));
#84 = ORIENTED_EDGE('',*,*,#85,.F.);
#85 = EDGE_CURVE('',#60,#78,#86,.T.);
#86 = LINE('',#87,#88);
#87 = CARTESIAN_POINT('',(-40.,-55.,0.));
#88 = VECTOR('',#89,1.);
#89 = DIRECTION('',(1.,0.,0.));
#90 = PLANE('',#91);
#91 = AXIS2_PLACEMENT_3D('',#92,#93,#94);
#92 = CARTESIAN_POINT('',(-40.,-55.,0.));
#93 = DIRECTION('',(0.,1.,0.));
#94 = DIRECTION('',(1.,0.,0.));
#95 = ADVANCED_FACE('',(#96),#121,.F.);
#96 = FACE_BOUND('',#97,.F.);
#97 = EDGE_LOOP('',(#98,#106,#114,#120));
#98 = ORIENTED_EDGE('',*,*,#99,.F.);
#99 = EDGE_CURVE('',#100,#60,#102,.T.);
#100 = VERTEX_POINT('',#101);
#101 = CARTESIAN_POINT('',(-55.14389277477,-39.85610722522,0.));
#102 = LINE('',#103,#104);
#103 = CARTESIAN_POINT('',(-70.,-25.,0.));
#104 = VECTOR('',#105,1.);
#105 = DIRECTION('',(0.707106781187,-0.707106781187,0.));
#106 = ORIENTED_EDGE('',*,*,#107,.T.);
#107 = EDGE_CURVE('',#100,#108,#110,.T.);
#108 = VERTEX_POINT('',#109);
#109 = CARTESIAN_POINT('',(-55.14389277477,-39.85610722522,2.));
#110 = LINE('',#111,#112);
#111 = CARTESIAN_POINT('',(-55.14389277477,-39.85610722522,-1.));
#112 = VECTOR('',#113,1.);
#113 = DIRECTION('',(0.,0.,1.));
#114 = ORIENTED_EDGE('',*,*,#115,.T.);
#115 = EDGE_CURVE('',#108,#62,#116,.T.);
#116 = LINE('',#117,#118);
#117 = CARTESIAN_POINT('',(-70.,-25.,2.));
#118 = VECTOR('',#119,1.);
#119 = DIRECTION('',(0.707106781187,-0.707106781187,0.));
#120 = ORIENTED_EDGE('',*,*,#59,.F.);
#121 = PLANE('',#122);
#122 = AXIS2_PLACEMENT_3D('',#123,#124,#125);
#123 = CARTESIAN_POINT('',(-70.,-25.,0.));
#124 = DIRECTION('',(0.707106781187,0.707106781187,-0.));
#125 = DIRECTION('',(0.707106781187,-0.707106781187,0.));
#126 = ADVANCED_FACE('',(#127),#152,.F.);
#127 = FACE_BOUND('',#128,.F.);
#128 = EDGE_LOOP('',(#129,#137,#138,#146));
#129 = ORIENTED_EDGE('',*,*,#130,.F.);
#130 = EDGE_CURVE('',#78,#131,#133,.T.);
#131 = VERTEX_POINT('',#132);
#132 = CARTESIAN_POINT('',(55.143892774776,-39.85610722522,0.));
#133 = LINE('',#134,#135);
#134 = CARTESIAN_POINT('',(40.,-55.,0.));
#135 = VECTOR('',#136,1.);
#136 = DIRECTION('',(0.707106781187,0.707106781187,0.));
#137 = ORIENTED_EDGE('',*,*,#77,.T.);
#138 = ORIENTED_EDGE('',*,*,#139,.T.);
#139 = EDGE_CURVE('',#70,#140,#142,.T.);
#140 = VERTEX_POINT('',#141);
#141 = CARTESIAN_POINT('',(55.143892774776,-39.85610722522,2.));
#142 = LINE('',#143,#144);
#143 = CARTESIAN_POINT('',(40.,-55.,2.));
#144 = VECTOR('',#145,1.);
#145 = DIRECTION('',(0.707106781187,0.707106781187,0.));
#146 = ORIENTED_EDGE('',*,*,#147,.F.);
#147 = EDGE_CURVE('',#131,#140,#148,.T.);
#148 = LINE('',#149,#150);
#149 = CARTESIAN_POINT('',(55.143892774775,-39.85610722522,-1.));
#150 = VECTOR('',#151,1.);
#151 = DIRECTION('',(0.,0.,1.));
#152 = PLANE('',#153);
#153 = AXIS2_PLACEMENT_3D('',#154,#155,#156);
#154 = CARTESIAN_POINT('',(40.,-55.,0.));
#155 = DIRECTION('',(-0.707106781187,0.707106781187,0.));
#156 = DIRECTION('',(0.707106781187,0.707106781187,0.));
#157 = ADVANCED_FACE('',(#158,#369,#380,#391,#402,#413,#424,#435,#446,
    #457,#468,#479,#490),#501,.F.);
#158 = FACE_BOUND('',#159,.F.);
#159 = EDGE_LOOP('',(#160,#169,#170,#171,#172,#181,#189,#198,#206,#214,
    #222,#230,#238,#247,#255,#264,#272,#280,#288,#297,#305,#314,#322,
    #330,#338,#346,#354,#363));
#160 = ORIENTED_EDGE('',*,*,#161,.F.);
#161 = EDGE_CURVE('',#100,#162,#164,.T.);
#162 = VERTEX_POINT('',#163);
#163 = CARTESIAN_POINT('',(-54.75,-38.75,0.));
#164 = CIRCLE('',#165,1.75);
#165 = AXIS2_PLACEMENT_3D('',#166,#167,#168);
#166 = CARTESIAN_POINT('',(-56.5,-38.75,0.));
#167 = DIRECTION('',(0.,0.,1.));
#168 = DIRECTION('',(1.,0.,-0.));
#169 = ORIENTED_EDGE('',*,*,#99,.T.);
#170 = ORIENTED_EDGE('',*,*,#85,.T.);
#171 = ORIENTED_EDGE('',*,*,#130,.T.);
#172 = ORIENTED_EDGE('',*,*,#173,.F.);
#173 = EDGE_CURVE('',#174,#131,#176,.T.);
#174 = VERTEX_POINT('',#175);
#175 = CARTESIAN_POINT('',(54.75,-38.75,0.));
#176 = CIRCLE('',#177,1.75);
#177 = AXIS2_PLACEMENT_3D('',#178,#179,#180);
#178 = CARTESIAN_POINT('',(56.5,-38.75,0.));
#179 = DIRECTION('',(0.,0.,1.));
#180 = DIRECTION('',(1.,0.,-0.));
#181 = ORIENTED_EDGE('',*,*,#182,.T.);
#182 = EDGE_CURVE('',#174,#183,#185,.T.);
#183 = VERTEX_POINT('',#184);
#184 = CARTESIAN_POINT('',(54.75,-20.25,0.));
#185 = LINE('',#186,#187);
#186 = CARTESIAN_POINT('',(54.75,-19.375,0.));
#187 = VECTOR('',#188,1.);
#188 = DIRECTION('',(-0.,1.,0.));
#189 = ORIENTED_EDGE('',*,*,#190,.F.);
#190 = EDGE_CURVE('',#191,#183,#193,.T.);
#191 = VERTEX_POINT('',#192);
#192 = CARTESIAN_POINT('',(58.25,-20.25,0.));
#193 = CIRCLE('',#194,1.75);
#194 = AXIS2_PLACEMENT_3D('',#195,#196,#197);
#195 = CARTESIAN_POINT('',(56.5,-20.25,0.));
#196 = DIRECTION('',(0.,0.,1.));
#197 = DIRECTION('',(1.,0.,-0.));
#198 = ORIENTED_EDGE('',*,*,#199,.F.);
#199 = EDGE_CURVE('',#200,#191,#202,.T.);
#200 = VERTEX_POINT('',#201);
#201 = CARTESIAN_POINT('',(58.25,-36.75,0.));
#202 = LINE('',#203,#204);
#203 = CARTESIAN_POINT('',(58.25,-19.375,0.));
#204 = VECTOR('',#205,1.);
#205 = DIRECTION('',(-0.,1.,0.));
#206 = ORIENTED_EDGE('',*,*,#207,.T.);
#207 = EDGE_CURVE('',#200,#208,#210,.T.);
#208 = VERTEX_POINT('',#209);
#209 = CARTESIAN_POINT('',(70.,-25.,0.));
#210 = LINE('',#211,#212);
#211 = CARTESIAN_POINT('',(40.,-55.,0.));
#212 = VECTOR('',#213,1.);
#213 = DIRECTION('',(0.707106781187,0.707106781187,0.));
#214 = ORIENTED_EDGE('',*,*,#215,.T.);
#215 = EDGE_CURVE('',#208,#216,#218,.T.);
#216 = VERTEX_POINT('',#217);
#217 = CARTESIAN_POINT('',(70.,25.,0.));
#218 = LINE('',#219,#220);
#219 = CARTESIAN_POINT('',(70.,-25.,0.));
#220 = VECTOR('',#221,1.);
#221 = DIRECTION('',(0.,1.,0.));
#222 = ORIENTED_EDGE('',*,*,#223,.T.);
#223 = EDGE_CURVE('',#216,#224,#226,.T.);
#224 = VERTEX_POINT('',#225);
#225 = CARTESIAN_POINT('',(58.25,36.75,0.));
#226 = LINE('',#227,#228);
#227 = CARTESIAN_POINT('',(70.,25.,0.));
#228 = VECTOR('',#229,1.);
#229 = DIRECTION('',(-0.707106781187,0.707106781187,0.));
#230 = ORIENTED_EDGE('',*,*,#231,.F.);
#231 = EDGE_CURVE('',#232,#224,#234,.T.);
#232 = VERTEX_POINT('',#233);
#233 = CARTESIAN_POINT('',(58.25,20.25,0.));
#234 = LINE('',#235,#236);
#235 = CARTESIAN_POINT('',(58.25,10.125,0.));
#236 = VECTOR('',#237,1.);
#237 = DIRECTION('',(-0.,1.,0.));
#238 = ORIENTED_EDGE('',*,*,#239,.F.);
#239 = EDGE_CURVE('',#240,#232,#242,.T.);
#240 = VERTEX_POINT('',#241);
#241 = CARTESIAN_POINT('',(54.75,20.25,0.));
#242 = CIRCLE('',#243,1.75);
#243 = AXIS2_PLACEMENT_3D('',#244,#245,#246);
#244 = CARTESIAN_POINT('',(56.5,20.25,0.));
#245 = DIRECTION('',(0.,0.,1.));
#246 = DIRECTION('',(1.,0.,-0.));
#247 = ORIENTED_EDGE('',*,*,#248,.T.);
#248 = EDGE_CURVE('',#240,#249,#251,.T.);
#249 = VERTEX_POINT('',#250);
#250 = CARTESIAN_POINT('',(54.75,38.75,0.));
#251 = LINE('',#252,#253);
#252 = CARTESIAN_POINT('',(54.75,10.125,0.));
#253 = VECTOR('',#254,1.);
#254 = DIRECTION('',(-0.,1.,0.));
#255 = ORIENTED_EDGE('',*,*,#256,.F.);
#256 = EDGE_CURVE('',#257,#249,#259,.T.);
#257 = VERTEX_POINT('',#258);
#258 = CARTESIAN_POINT('',(55.143892774775,39.856107225225,0.));
#259 = CIRCLE('',#260,1.75);
#260 = AXIS2_PLACEMENT_3D('',#261,#262,#263);
#261 = CARTESIAN_POINT('',(56.5,38.75,0.));
#262 = DIRECTION('',(0.,0.,1.));
#263 = DIRECTION('',(1.,0.,-0.));
#264 = ORIENTED_EDGE('',*,*,#265,.T.);
#265 = EDGE_CURVE('',#257,#266,#268,.T.);
#266 = VERTEX_POINT('',#267);
#267 = CARTESIAN_POINT('',(40.,55.,0.));
#268 = LINE('',#269,#270);
#269 = CARTESIAN_POINT('',(70.,25.,0.));
#270 = VECTOR('',#271,1.);
#271 = DIRECTION('',(-0.707106781187,0.707106781187,0.));
#272 = ORIENTED_EDGE('',*,*,#273,.T.);
#273 = EDGE_CURVE('',#266,#274,#276,.T.);
#274 = VERTEX_POINT('',#275);
#275 = CARTESIAN_POINT('',(-40.,55.,0.));
#276 = LINE('',#277,#278);
#277 = CARTESIAN_POINT('',(40.,55.,0.));
#278 = VECTOR('',#279,1.);
#279 = DIRECTION('',(-1.,0.,0.));
#280 = ORIENTED_EDGE('',*,*,#281,.T.);
#281 = EDGE_CURVE('',#274,#282,#284,.T.);
#282 = VERTEX_POINT('',#283);
#283 = CARTESIAN_POINT('',(-55.14389277477,39.856107225224,0.));
#284 = LINE('',#285,#286);
#285 = CARTESIAN_POINT('',(-40.,55.,0.));
#286 = VECTOR('',#287,1.);
#287 = DIRECTION('',(-0.707106781187,-0.707106781187,0.));
#288 = ORIENTED_EDGE('',*,*,#289,.F.);
#289 = EDGE_CURVE('',#290,#282,#292,.T.);
#290 = VERTEX_POINT('',#291);
#291 = CARTESIAN_POINT('',(-54.75,38.75,0.));
#292 = CIRCLE('',#293,1.75);
#293 = AXIS2_PLACEMENT_3D('',#294,#295,#296);
#294 = CARTESIAN_POINT('',(-56.5,38.75,0.));
#295 = DIRECTION('',(0.,0.,1.));
#296 = DIRECTION('',(1.,0.,-0.));
#297 = ORIENTED_EDGE('',*,*,#298,.F.);
#298 = EDGE_CURVE('',#299,#290,#301,.T.);
#299 = VERTEX_POINT('',#300);
#300 = CARTESIAN_POINT('',(-54.75,20.25,0.));
#301 = LINE('',#302,#303);
#302 = CARTESIAN_POINT('',(-54.75,10.125,0.));
#303 = VECTOR('',#304,1.);
#304 = DIRECTION('',(-0.,1.,0.));
#305 = ORIENTED_EDGE('',*,*,#306,.F.);
#306 = EDGE_CURVE('',#307,#299,#309,.T.);
#307 = VERTEX_POINT('',#308);
#308 = CARTESIAN_POINT('',(-58.25,20.25,0.));
#309 = CIRCLE('',#310,1.75);
#310 = AXIS2_PLACEMENT_3D('',#311,#312,#313);
#311 = CARTESIAN_POINT('',(-56.5,20.25,0.));
#312 = DIRECTION('',(0.,0.,1.));
#313 = DIRECTION('',(1.,0.,-0.));
#314 = ORIENTED_EDGE('',*,*,#315,.T.);
#315 = EDGE_CURVE('',#307,#316,#318,.T.);
#316 = VERTEX_POINT('',#317);
#317 = CARTESIAN_POINT('',(-58.25,36.75,0.));
#318 = LINE('',#319,#320);
#319 = CARTESIAN_POINT('',(-58.25,10.125,0.));
#320 = VECTOR('',#321,1.);
#321 = DIRECTION('',(-0.,1.,0.));
#322 = ORIENTED_EDGE('',*,*,#323,.T.);
#323 = EDGE_CURVE('',#316,#324,#326,.T.);
#324 = VERTEX_POINT('',#325);
#325 = CARTESIAN_POINT('',(-70.,25.,0.));
#326 = LINE('',#327,#328);
#327 = CARTESIAN_POINT('',(-40.,55.,0.));
#328 = VECTOR('',#329,1.);
#329 = DIRECTION('',(-0.707106781187,-0.707106781187,0.));
#330 = ORIENTED_EDGE('',*,*,#331,.T.);
#331 = EDGE_CURVE('',#324,#332,#334,.T.);
#332 = VERTEX_POINT('',#333);
#333 = CARTESIAN_POINT('',(-70.,-25.,0.));
#334 = LINE('',#335,#336);
#335 = CARTESIAN_POINT('',(-70.,25.,0.));
#336 = VECTOR('',#337,1.);
#337 = DIRECTION('',(0.,-1.,0.));
#338 = ORIENTED_EDGE('',*,*,#339,.T.);
#339 = EDGE_CURVE('',#332,#340,#342,.T.);
#340 = VERTEX_POINT('',#341);
#341 = CARTESIAN_POINT('',(-58.25,-36.75,0.));
#342 = LINE('',#343,#344);
#343 = CARTESIAN_POINT('',(-70.,-25.,0.));
#344 = VECTOR('',#345,1.);
#345 = DIRECTION('',(0.707106781187,-0.707106781187,0.));
#346 = ORIENTED_EDGE('',*,*,#347,.T.);
#347 = EDGE_CURVE('',#340,#348,#350,.T.);
#348 = VERTEX_POINT('',#349);
#349 = CARTESIAN_POINT('',(-58.25,-20.25,0.));
#350 = LINE('',#351,#352);
#351 = CARTESIAN_POINT('',(-58.25,-19.375,0.));
#352 = VECTOR('',#353,1.);
#353 = DIRECTION('',(-0.,1.,0.));
#354 = ORIENTED_EDGE('',*,*,#355,.F.);
#355 = EDGE_CURVE('',#356,#348,#358,.T.);
#356 = VERTEX_POINT('',#357);
#357 = CARTESIAN_POINT('',(-54.75,-20.25,0.));
#358 = CIRCLE('',#359,1.75);
#359 = AXIS2_PLACEMENT_3D('',#360,#361,#362);
#360 = CARTESIAN_POINT('',(-56.5,-20.25,0.));
#361 = DIRECTION('',(0.,0.,1.));
#362 = DIRECTION('',(1.,0.,-0.));
#363 = ORIENTED_EDGE('',*,*,#364,.F.);
#364 = EDGE_CURVE('',#162,#356,#365,.T.);
#365 = LINE('',#366,#367);
#366 = CARTESIAN_POINT('',(-54.75,-19.375,0.));
#367 = VECTOR('',#368,1.);
#368 = DIRECTION('',(-0.,1.,0.));
#369 = FACE_BOUND('',#370,.F.);
#370 = EDGE_LOOP('',(#371));
#371 = ORIENTED_EDGE('',*,*,#372,.F.);
#372 = EDGE_CURVE('',#373,#373,#375,.T.);
#373 = VERTEX_POINT('',#374);
#374 = CARTESIAN_POINT('',(-39.41219330882,-41.01219330882,0.));
#375 = CIRCLE('',#376,1.6);
#376 = AXIS2_PLACEMENT_3D('',#377,#378,#379);
#377 = CARTESIAN_POINT('',(-41.01219330882,-41.01219330882,0.));
#378 = DIRECTION('',(0.,0.,1.));
#379 = DIRECTION('',(1.,0.,-0.));
#380 = FACE_BOUND('',#381,.F.);
#381 = EDGE_LOOP('',(#382));
#382 = ORIENTED_EDGE('',*,*,#383,.F.);
#383 = EDGE_CURVE('',#384,#384,#386,.T.);
#384 = VERTEX_POINT('',#385);
#385 = CARTESIAN_POINT('',(-25.27005768508,-26.87005768508,0.));
#386 = CIRCLE('',#387,1.6);
#387 = AXIS2_PLACEMENT_3D('',#388,#389,#390);
#388 = CARTESIAN_POINT('',(-26.87005768508,-26.87005768508,0.));
#389 = DIRECTION('',(0.,0.,1.));
#390 = DIRECTION('',(1.,0.,-0.));
#391 = FACE_BOUND('',#392,.F.);
#392 = EDGE_LOOP('',(#393));
#393 = ORIENTED_EDGE('',*,*,#394,.F.);
#394 = EDGE_CURVE('',#395,#395,#397,.T.);
#395 = VERTEX_POINT('',#396);
#396 = CARTESIAN_POINT('',(-13.65,-15.25,0.));
#397 = CIRCLE('',#398,1.6);
#398 = AXIS2_PLACEMENT_3D('',#399,#400,#401);
#399 = CARTESIAN_POINT('',(-15.25,-15.25,0.));
#400 = DIRECTION('',(0.,0.,1.));
#401 = DIRECTION('',(1.,0.,-0.));
#402 = FACE_BOUND('',#403,.F.);
#403 = EDGE_LOOP('',(#404));
#404 = ORIENTED_EDGE('',*,*,#405,.F.);
#405 = EDGE_CURVE('',#406,#406,#408,.T.);
#406 = VERTEX_POINT('',#407);
#407 = CARTESIAN_POINT('',(42.61219330882,-41.01219330882,0.));
#408 = CIRCLE('',#409,1.6);
#409 = AXIS2_PLACEMENT_3D('',#410,#411,#412);
#410 = CARTESIAN_POINT('',(41.01219330882,-41.01219330882,0.));
#411 = DIRECTION('',(0.,0.,1.));
#412 = DIRECTION('',(1.,0.,-0.));
#413 = FACE_BOUND('',#414,.F.);
#414 = EDGE_LOOP('',(#415));
#415 = ORIENTED_EDGE('',*,*,#416,.F.);
#416 = EDGE_CURVE('',#417,#417,#419,.T.);
#417 = VERTEX_POINT('',#418);
#418 = CARTESIAN_POINT('',(28.470057685089,-26.87005768508,0.));
#419 = CIRCLE('',#420,1.6);
#420 = AXIS2_PLACEMENT_3D('',#421,#422,#423);
#421 = CARTESIAN_POINT('',(26.870057685089,-26.87005768508,0.));
#422 = DIRECTION('',(0.,0.,1.));
#423 = DIRECTION('',(1.,0.,-0.));
#424 = FACE_BOUND('',#425,.F.);
#425 = EDGE_LOOP('',(#426));
#426 = ORIENTED_EDGE('',*,*,#427,.F.);
#427 = EDGE_CURVE('',#428,#428,#430,.T.);
#428 = VERTEX_POINT('',#429);
#429 = CARTESIAN_POINT('',(16.85,-15.25,0.));
#430 = CIRCLE('',#431,1.6);
#431 = AXIS2_PLACEMENT_3D('',#432,#433,#434);
#432 = CARTESIAN_POINT('',(15.25,-15.25,0.));
#433 = DIRECTION('',(0.,0.,1.));
#434 = DIRECTION('',(1.,0.,-0.));
#435 = FACE_BOUND('',#436,.F.);
#436 = EDGE_LOOP('',(#437));
#437 = ORIENTED_EDGE('',*,*,#438,.F.);
#438 = EDGE_CURVE('',#439,#439,#441,.T.);
#439 = VERTEX_POINT('',#440);
#440 = CARTESIAN_POINT('',(-13.65,15.25,0.));
#441 = CIRCLE('',#442,1.6);
#442 = AXIS2_PLACEMENT_3D('',#443,#444,#445);
#443 = CARTESIAN_POINT('',(-15.25,15.25,0.));
#444 = DIRECTION('',(0.,0.,1.));
#445 = DIRECTION('',(1.,0.,-0.));
#446 = FACE_BOUND('',#447,.F.);
#447 = EDGE_LOOP('',(#448));
#448 = ORIENTED_EDGE('',*,*,#449,.F.);
#449 = EDGE_CURVE('',#450,#450,#452,.T.);
#450 = VERTEX_POINT('',#451);
#451 = CARTESIAN_POINT('',(-25.27005768508,26.870057685089,0.));
#452 = CIRCLE('',#453,1.6);
#453 = AXIS2_PLACEMENT_3D('',#454,#455,#456);
#454 = CARTESIAN_POINT('',(-26.87005768508,26.870057685089,0.));
#455 = DIRECTION('',(0.,0.,1.));
#456 = DIRECTION('',(1.,0.,-0.));
#457 = FACE_BOUND('',#458,.F.);
#458 = EDGE_LOOP('',(#459));
#459 = ORIENTED_EDGE('',*,*,#460,.F.);
#460 = EDGE_CURVE('',#461,#461,#463,.T.);
#461 = VERTEX_POINT('',#462);
#462 = CARTESIAN_POINT('',(-39.41219330882,41.01219330882,0.));
#463 = CIRCLE('',#464,1.6);
#464 = AXIS2_PLACEMENT_3D('',#465,#466,#467);
#465 = CARTESIAN_POINT('',(-41.01219330882,41.01219330882,0.));
#466 = DIRECTION('',(0.,0.,1.));
#467 = DIRECTION('',(1.,0.,-0.));
#468 = FACE_BOUND('',#469,.F.);
#469 = EDGE_LOOP('',(#470));
#470 = ORIENTED_EDGE('',*,*,#471,.F.);
#471 = EDGE_CURVE('',#472,#472,#474,.T.);
#472 = VERTEX_POINT('',#473);
#473 = CARTESIAN_POINT('',(16.85,15.25,0.));
#474 = CIRCLE('',#475,1.6);
#475 = AXIS2_PLACEMENT_3D('',#476,#477,#478);
#476 = CARTESIAN_POINT('',(15.25,15.25,0.));
#477 = DIRECTION('',(0.,0.,1.));
#478 = DIRECTION('',(1.,0.,-0.));
#479 = FACE_BOUND('',#480,.F.);
#480 = EDGE_LOOP('',(#481));
#481 = ORIENTED_EDGE('',*,*,#482,.F.);
#482 = EDGE_CURVE('',#483,#483,#485,.T.);
#483 = VERTEX_POINT('',#484);
#484 = CARTESIAN_POINT('',(28.470057685089,26.870057685089,0.));
#485 = CIRCLE('',#486,1.6);
#486 = AXIS2_PLACEMENT_3D('',#487,#488,#489);
#487 = CARTESIAN_POINT('',(26.870057685089,26.870057685089,0.));
#488 = DIRECTION('',(0.,0.,1.));
#489 = DIRECTION('',(1.,0.,-0.));
#490 = FACE_BOUND('',#491,.F.);
#491 = EDGE_LOOP('',(#492));
#492 = ORIENTED_EDGE('',*,*,#493,.F.);
#493 = EDGE_CURVE('',#494,#494,#496,.T.);
#494 = VERTEX_POINT('',#495);
#495 = CARTESIAN_POINT('',(42.61219330882,41.01219330882,0.));
#496 = CIRCLE('',#497,1.6);
#497 = AXIS2_PLACEMENT_3D('',#498,#499,#500);
#498 = CARTESIAN_POINT('',(41.01219330882,41.01219330882,0.));
#499 = DIRECTION('',(0.,0.,1.));
#500 = DIRECTION('',(1.,0.,-0.));
#501 = PLANE('',#502);
#502 = AXIS2_PLACEMENT_3D('',#503,#504,#505);
#503 = CARTESIAN_POINT('',(2.116552922745E-15,0.,0.));
#504 = DIRECTION('',(0.,0.,1.));
#505 = DIRECTION('',(1.,0.,-0.));
#506 = ADVANCED_FACE('',(#507,#718,#729,#740,#751,#762,#773,#784,#795,
    #806,#817,#828,#839),#850,.T.);
#507 = FACE_BOUND('',#508,.T.);
#508 = EDGE_LOOP('',(#509,#518,#519,#520,#521,#530,#538,#547,#555,#563,
    #571,#579,#587,#596,#604,#613,#621,#629,#637,#646,#654,#663,#671,
    #679,#687,#695,#703,#712));
#509 = ORIENTED_EDGE('',*,*,#510,.F.);
#510 = EDGE_CURVE('',#108,#511,#513,.T.);
#511 = VERTEX_POINT('',#512);
#512 = CARTESIAN_POINT('',(-54.75,-38.75,2.));
#513 = CIRCLE('',#514,1.75);
#514 = AXIS2_PLACEMENT_3D('',#515,#516,#517);
#515 = CARTESIAN_POINT('',(-56.5,-38.75,2.));
#516 = DIRECTION('',(0.,0.,1.));
#517 = DIRECTION('',(1.,0.,-0.));
#518 = ORIENTED_EDGE('',*,*,#115,.T.);
#519 = ORIENTED_EDGE('',*,*,#69,.T.);
#520 = ORIENTED_EDGE('',*,*,#139,.T.);
#521 = ORIENTED_EDGE('',*,*,#522,.F.);
#522 = EDGE_CURVE('',#523,#140,#525,.T.);
#523 = VERTEX_POINT('',#524);
#524 = CARTESIAN_POINT('',(54.75,-38.75,2.));
#525 = CIRCLE('',#526,1.75);
#526 = AXIS2_PLACEMENT_3D('',#527,#528,#529);
#527 = CARTESIAN_POINT('',(56.5,-38.75,2.));
#528 = DIRECTION('',(0.,0.,1.));
#529 = DIRECTION('',(1.,0.,-0.));
#530 = ORIENTED_EDGE('',*,*,#531,.T.);
#531 = EDGE_CURVE('',#523,#532,#534,.T.);
#532 = VERTEX_POINT('',#533);
#533 = CARTESIAN_POINT('',(54.75,-20.25,2.));
#534 = LINE('',#535,#536);
#535 = CARTESIAN_POINT('',(54.75,-19.375,2.));
#536 = VECTOR('',#537,1.);
#537 = DIRECTION('',(-0.,1.,0.));
#538 = ORIENTED_EDGE('',*,*,#539,.F.);
#539 = EDGE_CURVE('',#540,#532,#542,.T.);
#540 = VERTEX_POINT('',#541);
#541 = CARTESIAN_POINT('',(58.25,-20.25,2.));
#542 = CIRCLE('',#543,1.75);
#543 = AXIS2_PLACEMENT_3D('',#544,#545,#546);
#544 = CARTESIAN_POINT('',(56.5,-20.25,2.));
#545 = DIRECTION('',(0.,0.,1.));
#546 = DIRECTION('',(1.,0.,-0.));
#547 = ORIENTED_EDGE('',*,*,#548,.F.);
#548 = EDGE_CURVE('',#549,#540,#551,.T.);
#549 = VERTEX_POINT('',#550);
#550 = CARTESIAN_POINT('',(58.25,-36.75,2.));
#551 = LINE('',#552,#553);
#552 = CARTESIAN_POINT('',(58.25,-19.375,2.));
#553 = VECTOR('',#554,1.);
#554 = DIRECTION('',(-0.,1.,0.));
#555 = ORIENTED_EDGE('',*,*,#556,.T.);
#556 = EDGE_CURVE('',#549,#557,#559,.T.);
#557 = VERTEX_POINT('',#558);
#558 = CARTESIAN_POINT('',(70.,-25.,2.));
#559 = LINE('',#560,#561);
#560 = CARTESIAN_POINT('',(40.,-55.,2.));
#561 = VECTOR('',#562,1.);
#562 = DIRECTION('',(0.707106781187,0.707106781187,0.));
#563 = ORIENTED_EDGE('',*,*,#564,.T.);
#564 = EDGE_CURVE('',#557,#565,#567,.T.);
#565 = VERTEX_POINT('',#566);
#566 = CARTESIAN_POINT('',(70.,25.,2.));
#567 = LINE('',#568,#569);
#568 = CARTESIAN_POINT('',(70.,-25.,2.));
#569 = VECTOR('',#570,1.);
#570 = DIRECTION('',(0.,1.,0.));
#571 = ORIENTED_EDGE('',*,*,#572,.T.);
#572 = EDGE_CURVE('',#565,#573,#575,.T.);
#573 = VERTEX_POINT('',#574);
#574 = CARTESIAN_POINT('',(58.25,36.75,2.));
#575 = LINE('',#576,#577);
#576 = CARTESIAN_POINT('',(70.,25.,2.));
#577 = VECTOR('',#578,1.);
#578 = DIRECTION('',(-0.707106781187,0.707106781187,0.));
#579 = ORIENTED_EDGE('',*,*,#580,.F.);
#580 = EDGE_CURVE('',#581,#573,#583,.T.);
#581 = VERTEX_POINT('',#582);
#582 = CARTESIAN_POINT('',(58.25,20.25,2.));
#583 = LINE('',#584,#585);
#584 = CARTESIAN_POINT('',(58.25,10.125,2.));
#585 = VECTOR('',#586,1.);
#586 = DIRECTION('',(-0.,1.,0.));
#587 = ORIENTED_EDGE('',*,*,#588,.F.);
#588 = EDGE_CURVE('',#589,#581,#591,.T.);
#589 = VERTEX_POINT('',#590);
#590 = CARTESIAN_POINT('',(54.75,20.25,2.));
#591 = CIRCLE('',#592,1.75);
#592 = AXIS2_PLACEMENT_3D('',#593,#594,#595);
#593 = CARTESIAN_POINT('',(56.5,20.25,2.));
#594 = DIRECTION('',(0.,0.,1.));
#595 = DIRECTION('',(1.,0.,-0.));
#596 = ORIENTED_EDGE('',*,*,#597,.T.);
#597 = EDGE_CURVE('',#589,#598,#600,.T.);
#598 = VERTEX_POINT('',#599);
#599 = CARTESIAN_POINT('',(54.75,38.75,2.));
#600 = LINE('',#601,#602);
#601 = CARTESIAN_POINT('',(54.75,10.125,2.));
#602 = VECTOR('',#603,1.);
#603 = DIRECTION('',(-0.,1.,0.));
#604 = ORIENTED_EDGE('',*,*,#605,.F.);
#605 = EDGE_CURVE('',#606,#598,#608,.T.);
#606 = VERTEX_POINT('',#607);
#607 = CARTESIAN_POINT('',(55.143892774775,39.856107225225,2.));
#608 = CIRCLE('',#609,1.75);
#609 = AXIS2_PLACEMENT_3D('',#610,#611,#612);
#610 = CARTESIAN_POINT('',(56.5,38.75,2.));
#611 = DIRECTION('',(0.,0.,1.));
#612 = DIRECTION('',(1.,0.,-0.));
#613 = ORIENTED_EDGE('',*,*,#614,.T.);
#614 = EDGE_CURVE('',#606,#615,#617,.T.);
#615 = VERTEX_POINT('',#616);
#616 = CARTESIAN_POINT('',(40.,55.,2.));
#617 = LINE('',#618,#619);
#618 = CARTESIAN_POINT('',(70.,25.,2.));
#619 = VECTOR('',#620,1.);
#620 = DIRECTION('',(-0.707106781187,0.707106781187,0.));
#621 = ORIENTED_EDGE('',*,*,#622,.T.);
#622 = EDGE_CURVE('',#615,#623,#625,.T.);
#623 = VERTEX_POINT('',#624);
#624 = CARTESIAN_POINT('',(-40.,55.,2.));
#625 = LINE('',#626,#627);
#626 = CARTESIAN_POINT('',(40.,55.,2.));
#627 = VECTOR('',#628,1.);
#628 = DIRECTION('',(-1.,0.,0.));
#629 = ORIENTED_EDGE('',*,*,#630,.T.);
#630 = EDGE_CURVE('',#623,#631,#633,.T.);
#631 = VERTEX_POINT('',#632);
#632 = CARTESIAN_POINT('',(-55.14389277477,39.856107225224,2.));
#633 = LINE('',#634,#635);
#634 = CARTESIAN_POINT('',(-40.,55.,2.));
#635 = VECTOR('',#636,1.);
#636 = DIRECTION('',(-0.707106781187,-0.707106781187,0.));
#637 = ORIENTED_EDGE('',*,*,#638,.F.);
#638 = EDGE_CURVE('',#639,#631,#641,.T.);
#639 = VERTEX_POINT('',#640);
#640 = CARTESIAN_POINT('',(-54.75,38.75,2.));
#641 = CIRCLE('',#642,1.75);
#642 = AXIS2_PLACEMENT_3D('',#643,#644,#645);
#643 = CARTESIAN_POINT('',(-56.5,38.75,2.));
#644 = DIRECTION('',(0.,0.,1.));
#645 = DIRECTION('',(1.,0.,-0.));
#646 = ORIENTED_EDGE('',*,*,#647,.F.);
#647 = EDGE_CURVE('',#648,#639,#650,.T.);
#648 = VERTEX_POINT('',#649);
#649 = CARTESIAN_POINT('',(-54.75,20.25,2.));
#650 = LINE('',#651,#652);
#651 = CARTESIAN_POINT('',(-54.75,10.125,2.));
#652 = VECTOR('',#653,1.);
#653 = DIRECTION('',(-0.,1.,0.));
#654 = ORIENTED_EDGE('',*,*,#655,.F.);
#655 = EDGE_CURVE('',#656,#648,#658,.T.);
#656 = VERTEX_POINT('',#657);
#657 = CARTESIAN_POINT('',(-58.25,20.25,2.));
#658 = CIRCLE('',#659,1.75);
#659 = AXIS2_PLACEMENT_3D('',#660,#661,#662);
#660 = CARTESIAN_POINT('',(-56.5,20.25,2.));
#661 = DIRECTION('',(0.,0.,1.));
#662 = DIRECTION('',(1.,0.,-0.));
#663 = ORIENTED_EDGE('',*,*,#664,.T.);
#664 = EDGE_CURVE('',#656,#665,#667,.T.);
#665 = VERTEX_POINT('',#666);
#666 = CARTESIAN_POINT('',(-58.25,36.75,2.));
#667 = LINE('',#668,#669);
#668 = CARTESIAN_POINT('',(-58.25,10.125,2.));
#669 = VECTOR('',#670,1.);
#670 = DIRECTION('',(-0.,1.,0.));
#671 = ORIENTED_EDGE('',*,*,#672,.T.);
#672 = EDGE_CURVE('',#665,#673,#675,.T.);
#673 = VERTEX_POINT('',#674);
#674 = CARTESIAN_POINT('',(-70.,25.,2.));
#675 = LINE('',#676,#677);
#676 = CARTESIAN_POINT('',(-40.,55.,2.));
#677 = VECTOR('',#678,1.);
#678 = DIRECTION('',(-0.707106781187,-0.707106781187,0.));
#679 = ORIENTED_EDGE('',*,*,#680,.T.);
#680 = EDGE_CURVE('',#673,#681,#683,.T.);
#681 = VERTEX_POINT('',#682);
#682 = CARTESIAN_POINT('',(-70.,-25.,2.));
#683 = LINE('',#684,#685);
#684 = CARTESIAN_POINT('',(-70.,25.,2.));
#685 = VECTOR('',#686,1.);
#686 = DIRECTION('',(0.,-1.,0.));
#687 = ORIENTED_EDGE('',*,*,#688,.T.);
#688 = EDGE_CURVE('',#681,#689,#691,.T.);
#689 = VERTEX_POINT('',#690);
#690 = CARTESIAN_POINT('',(-58.25,-36.75,2.));
#691 = LINE('',#692,#693);
#692 = CARTESIAN_POINT('',(-70.,-25.,2.));
#693 = VECTOR('',#694,1.);
#694 = DIRECTION('',(0.707106781187,-0.707106781187,0.));
#695 = ORIENTED_EDGE('',*,*,#696,.T.);
#696 = EDGE_CURVE('',#689,#697,#699,.T.);
#697 = VERTEX_POINT('',#698);
#698 = CARTESIAN_POINT('',(-58.25,-20.25,2.));
#699 = LINE('',#700,#701);
#700 = CARTESIAN_POINT('',(-58.25,-19.375,2.));
#701 = VECTOR('',#702,1.);
#702 = DIRECTION('',(-0.,1.,0.));
#703 = ORIENTED_EDGE('',*,*,#704,.F.);
#704 = EDGE_CURVE('',#705,#697,#707,.T.);
#705 = VERTEX_POINT('',#706);
#706 = CARTESIAN_POINT('',(-54.75,-20.25,2.));
#707 = CIRCLE('',#708,1.75);
#708 = AXIS2_PLACEMENT_3D('',#709,#710,#711);
#709 = CARTESIAN_POINT('',(-56.5,-20.25,2.));
#710 = DIRECTION('',(0.,0.,1.));
#711 = DIRECTION('',(1.,0.,-0.));
#712 = ORIENTED_EDGE('',*,*,#713,.F.);
#713 = EDGE_CURVE('',#511,#705,#714,.T.);
#714 = LINE('',#715,#716);
#715 = CARTESIAN_POINT('',(-54.75,-19.375,2.));
#716 = VECTOR('',#717,1.);
#717 = DIRECTION('',(-0.,1.,0.));
#718 = FACE_BOUND('',#719,.T.);
#719 = EDGE_LOOP('',(#720));
#720 = ORIENTED_EDGE('',*,*,#721,.F.);
#721 = EDGE_CURVE('',#722,#722,#724,.T.);
#722 = VERTEX_POINT('',#723);
#723 = CARTESIAN_POINT('',(-39.41219330882,-41.01219330882,2.));
#724 = CIRCLE('',#725,1.6);
#725 = AXIS2_PLACEMENT_3D('',#726,#727,#728);
#726 = CARTESIAN_POINT('',(-41.01219330882,-41.01219330882,2.));
#727 = DIRECTION('',(0.,0.,1.));
#728 = DIRECTION('',(1.,0.,-0.));
#729 = FACE_BOUND('',#730,.T.);
#730 = EDGE_LOOP('',(#731));
#731 = ORIENTED_EDGE('',*,*,#732,.F.);
#732 = EDGE_CURVE('',#733,#733,#735,.T.);
#733 = VERTEX_POINT('',#734);
#734 = CARTESIAN_POINT('',(-25.27005768508,-26.87005768508,2.));
#735 = CIRCLE('',#736,1.6);
#736 = AXIS2_PLACEMENT_3D('',#737,#738,#739);
#737 = CARTESIAN_POINT('',(-26.87005768508,-26.87005768508,2.));
#738 = DIRECTION('',(0.,0.,1.));
#739 = DIRECTION('',(1.,0.,-0.));
#740 = FACE_BOUND('',#741,.T.);
#741 = EDGE_LOOP('',(#742));
#742 = ORIENTED_EDGE('',*,*,#743,.F.);
#743 = EDGE_CURVE('',#744,#744,#746,.T.);
#744 = VERTEX_POINT('',#745);
#745 = CARTESIAN_POINT('',(-13.65,-15.25,2.));
#746 = CIRCLE('',#747,1.6);
#747 = AXIS2_PLACEMENT_3D('',#748,#749,#750);
#748 = CARTESIAN_POINT('',(-15.25,-15.25,2.));
#749 = DIRECTION('',(0.,0.,1.));
#750 = DIRECTION('',(1.,0.,-0.));
#751 = FACE_BOUND('',#752,.T.);
#752 = EDGE_LOOP('',(#753));
#753 = ORIENTED_EDGE('',*,*,#754,.F.);
#754 = EDGE_CURVE('',#755,#755,#757,.T.);
#755 = VERTEX_POINT('',#756);
#756 = CARTESIAN_POINT('',(42.61219330882,-41.01219330882,2.));
#757 = CIRCLE('',#758,1.6);
#758 = AXIS2_PLACEMENT_3D('',#759,#760,#761);
#759 = CARTESIAN_POINT('',(41.01219330882,-41.01219330882,2.));
#760 = DIRECTION('',(0.,0.,1.));
#761 = DIRECTION('',(1.,0.,-0.));
#762 = FACE_BOUND('',#763,.T.);
#763 = EDGE_LOOP('',(#764));
#764 = ORIENTED_EDGE('',*,*,#765,.F.);
#765 = EDGE_CURVE('',#766,#766,#768,.T.);
#766 = VERTEX_POINT('',#767);
#767 = CARTESIAN_POINT('',(28.470057685089,-26.87005768508,2.));
#768 = CIRCLE('',#769,1.6);
#769 = AXIS2_PLACEMENT_3D('',#770,#771,#772);
#770 = CARTESIAN_POINT('',(26.870057685089,-26.87005768508,2.));
#771 = DIRECTION('',(0.,0.,1.));
#772 = DIRECTION('',(1.,0.,-0.));
#773 = FACE_BOUND('',#774,.T.);
#774 = EDGE_LOOP('',(#775));
#775 = ORIENTED_EDGE('',*,*,#776,.F.);
#776 = EDGE_CURVE('',#777,#777,#779,.T.);
#777 = VERTEX_POINT('',#778);
#778 = CARTESIAN_POINT('',(16.85,-15.25,2.));
#779 = CIRCLE('',#780,1.6);
#780 = AXIS2_PLACEMENT_3D('',#781,#782,#783);
#781 = CARTESIAN_POINT('',(15.25,-15.25,2.));
#782 = DIRECTION('',(0.,0.,1.));
#783 = DIRECTION('',(1.,0.,-0.));
#784 = FACE_BOUND('',#785,.T.);
#785 = EDGE_LOOP('',(#786));
#786 = ORIENTED_EDGE('',*,*,#787,.F.);
#787 = EDGE_CURVE('',#788,#788,#790,.T.);
#788 = VERTEX_POINT('',#789);
#789 = CARTESIAN_POINT('',(-13.65,15.25,2.));
#790 = CIRCLE('',#791,1.6);
#791 = AXIS2_PLACEMENT_3D('',#792,#793,#794);
#792 = CARTESIAN_POINT('',(-15.25,15.25,2.));
#793 = DIRECTION('',(0.,0.,1.));
#794 = DIRECTION('',(1.,0.,-0.));
#795 = FACE_BOUND('',#796,.T.);
#796 = EDGE_LOOP('',(#797));
#797 = ORIENTED_EDGE('',*,*,#798,.F.);
#798 = EDGE_CURVE('',#799,#799,#801,.T.);
#799 = VERTEX_POINT('',#800);
#800 = CARTESIAN_POINT('',(-25.27005768508,26.870057685089,2.));
#801 = CIRCLE('',#802,1.6);
#802 = AXIS2_PLACEMENT_3D('',#803,#804,#805);
#803 = CARTESIAN_POINT('',(-26.87005768508,26.870057685089,2.));
#804 = DIRECTION('',(0.,0.,1.));
#805 = DIRECTION('',(1.,0.,-0.));
#806 = FACE_BOUND('',#807,.T.);
#807 = EDGE_LOOP('',(#808));
#808 = ORIENTED_EDGE('',*,*,#809,.F.);
#809 = EDGE_CURVE('',#810,#810,#812,.T.);
#810 = VERTEX_POINT('',#811);
#811 = CARTESIAN_POINT('',(-39.41219330882,41.01219330882,2.));
#812 = CIRCLE('',#813,1.6);
#813 = AXIS2_PLACEMENT_3D('',#814,#815,#816);
#814 = CARTESIAN_POINT('',(-41.01219330882,41.01219330882,2.));
#815 = DIRECTION('',(0.,0.,1.));
#816 = DIRECTION('',(1.,0.,-0.));
#817 = FACE_BOUND('',#818,.T.);
#818 = EDGE_LOOP('',(#819));
#819 = ORIENTED_EDGE('',*,*,#820,.F.);
#820 = EDGE_CURVE('',#821,#821,#823,.T.);
#821 = VERTEX_POINT('',#822);
#822 = CARTESIAN_POINT('',(16.85,15.25,2.));
#823 = CIRCLE('',#824,1.6);
#824 = AXIS2_PLACEMENT_3D('',#825,#826,#827);
#825 = CARTESIAN_POINT('',(15.25,15.25,2.));
#826 = DIRECTION('',(0.,0.,1.));
#827 = DIRECTION('',(1.,0.,-0.));
#828 = FACE_BOUND('',#829,.T.);
#829 = EDGE_LOOP('',(#830));
#830 = ORIENTED_EDGE('',*,*,#831,.F.);
#831 = EDGE_CURVE('',#832,#832,#834,.T.);
#832 = VERTEX_POINT('',#833);
#833 = CARTESIAN_POINT('',(28.470057685089,26.870057685089,2.));
#834 = CIRCLE('',#835,1.6);
#835 = AXIS2_PLACEMENT_3D('',#836,#837,#838);
#836 = CARTESIAN_POINT('',(26.870057685089,26.870057685089,2.));
#837 = DIRECTION('',(0.,0.,1.));
#838 = DIRECTION('',(1.,0.,-0.));
#839 = FACE_BOUND('',#840,.T.);
#840 = EDGE_LOOP('',(#841));
#841 = ORIENTED_EDGE('',*,*,#842,.F.);
#842 = EDGE_CURVE('',#843,#843,#845,.T.);
#843 = VERTEX_POINT('',#844);
#844 = CARTESIAN_POINT('',(42.61219330882,41.01219330882,2.));
#845 = CIRCLE('',#846,1.6);
#846 = AXIS2_PLACEMENT_3D('',#847,#848,#849);
#847 = CARTESIAN_POINT('',(41.01219330882,41.01219330882,2.));
#848 = DIRECTION('',(0.,0.,1.));
#849 = DIRECTION('',(1.,0.,-0.));
#850 = PLANE('',#851);
#851 = AXIS2_PLACEMENT_3D('',#852,#853,#854);
#852 = CARTESIAN_POINT('',(2.116552922745E-15,0.,2.));
#853 = DIRECTION('',(0.,0.,1.));
#854 = DIRECTION('',(1.,0.,-0.));
#855 = ADVANCED_FACE('',(#856),#867,.F.);
#856 = FACE_BOUND('',#857,.F.);
#857 = EDGE_LOOP('',(#858,#859,#865,#866));
#858 = ORIENTED_EDGE('',*,*,#161,.T.);
#859 = ORIENTED_EDGE('',*,*,#860,.T.);
#860 = EDGE_CURVE('',#162,#511,#861,.T.);
#861 = LINE('',#862,#863);
#862 = CARTESIAN_POINT('',(-54.75,-38.75,-1.));
#863 = VECTOR('',#864,1.);
#864 = DIRECTION('',(0.,0.,1.));
#865 = ORIENTED_EDGE('',*,*,#510,.F.);
#866 = ORIENTED_EDGE('',*,*,#107,.F.);
#867 = CYLINDRICAL_SURFACE('',#868,1.75);
#868 = AXIS2_PLACEMENT_3D('',#869,#870,#871);
#869 = CARTESIAN_POINT('',(-56.5,-38.75,-1.));
#870 = DIRECTION('',(0.,0.,1.));
#871 = DIRECTION('',(1.,0.,-0.));
#872 = ADVANCED_FACE('',(#873),#884,.F.);
#873 = FACE_BOUND('',#874,.F.);
#874 = EDGE_LOOP('',(#875,#881,#882,#883));
#875 = ORIENTED_EDGE('',*,*,#876,.F.);
#876 = EDGE_CURVE('',#174,#523,#877,.T.);
#877 = LINE('',#878,#879);
#878 = CARTESIAN_POINT('',(54.75,-38.75,-1.));
#879 = VECTOR('',#880,1.);
#880 = DIRECTION('',(0.,0.,1.));
#881 = ORIENTED_EDGE('',*,*,#173,.T.);
#882 = ORIENTED_EDGE('',*,*,#147,.T.);
#883 = ORIENTED_EDGE('',*,*,#522,.F.);
#884 = CYLINDRICAL_SURFACE('',#885,1.75);
#885 = AXIS2_PLACEMENT_3D('',#886,#887,#888);
#886 = CARTESIAN_POINT('',(56.5,-38.75,-1.));
#887 = DIRECTION('',(0.,0.,1.));
#888 = DIRECTION('',(1.,0.,-0.));
#889 = ADVANCED_FACE('',(#890),#901,.F.);
#890 = FACE_BOUND('',#891,.F.);
#891 = EDGE_LOOP('',(#892,#893,#894,#900));
#892 = ORIENTED_EDGE('',*,*,#860,.F.);
#893 = ORIENTED_EDGE('',*,*,#364,.T.);
#894 = ORIENTED_EDGE('',*,*,#895,.T.);
#895 = EDGE_CURVE('',#356,#705,#896,.T.);
#896 = LINE('',#897,#898);
#897 = CARTESIAN_POINT('',(-54.75,-20.25,-1.));
#898 = VECTOR('',#899,1.);
#899 = DIRECTION('',(0.,0.,1.));
#900 = ORIENTED_EDGE('',*,*,#713,.F.);
#901 = PLANE('',#902);
#902 = AXIS2_PLACEMENT_3D('',#903,#904,#905);
#903 = CARTESIAN_POINT('',(-54.75,-38.75,-1.));
#904 = DIRECTION('',(1.,0.,-0.));
#905 = DIRECTION('',(0.,0.,1.));
#906 = ADVANCED_FACE('',(#907),#918,.F.);
#907 = FACE_BOUND('',#908,.F.);
#908 = EDGE_LOOP('',(#909,#910,#911,#912));
#909 = ORIENTED_EDGE('',*,*,#704,.F.);
#910 = ORIENTED_EDGE('',*,*,#895,.F.);
#911 = ORIENTED_EDGE('',*,*,#355,.T.);
#912 = ORIENTED_EDGE('',*,*,#913,.T.);
#913 = EDGE_CURVE('',#348,#697,#914,.T.);
#914 = LINE('',#915,#916);
#915 = CARTESIAN_POINT('',(-58.25,-20.25,-1.));
#916 = VECTOR('',#917,1.);
#917 = DIRECTION('',(0.,0.,1.));
#918 = CYLINDRICAL_SURFACE('',#919,1.75);
#919 = AXIS2_PLACEMENT_3D('',#920,#921,#922);
#920 = CARTESIAN_POINT('',(-56.5,-20.25,-1.));
#921 = DIRECTION('',(0.,0.,1.));
#922 = DIRECTION('',(1.,0.,-0.));
#923 = ADVANCED_FACE('',(#924),#935,.T.);
#924 = FACE_BOUND('',#925,.T.);
#925 = EDGE_LOOP('',(#926,#927,#928,#929));
#926 = ORIENTED_EDGE('',*,*,#347,.T.);
#927 = ORIENTED_EDGE('',*,*,#913,.T.);
#928 = ORIENTED_EDGE('',*,*,#696,.F.);
#929 = ORIENTED_EDGE('',*,*,#930,.T.);
#930 = EDGE_CURVE('',#689,#340,#931,.T.);
#931 = LINE('',#932,#933);
#932 = CARTESIAN_POINT('',(-58.25,-36.75,-0.5));
#933 = VECTOR('',#934,1.);
#934 = DIRECTION('',(0.,0.,-1.));
#935 = PLANE('',#936);
#936 = AXIS2_PLACEMENT_3D('',#937,#938,#939);
#937 = CARTESIAN_POINT('',(-58.25,-38.75,-1.));
#938 = DIRECTION('',(1.,0.,-0.));
#939 = DIRECTION('',(0.,0.,1.));
#940 = ADVANCED_FACE('',(#941),#952,.F.);
#941 = FACE_BOUND('',#942,.F.);
#942 = EDGE_LOOP('',(#943,#944,#950,#951));
#943 = ORIENTED_EDGE('',*,*,#339,.F.);
#944 = ORIENTED_EDGE('',*,*,#945,.T.);
#945 = EDGE_CURVE('',#332,#681,#946,.T.);
#946 = LINE('',#947,#948);
#947 = CARTESIAN_POINT('',(-70.,-25.,0.));
#948 = VECTOR('',#949,1.);
#949 = DIRECTION('',(0.,0.,1.));
#950 = ORIENTED_EDGE('',*,*,#688,.T.);
#951 = ORIENTED_EDGE('',*,*,#930,.T.);
#952 = PLANE('',#953);
#953 = AXIS2_PLACEMENT_3D('',#954,#955,#956);
#954 = CARTESIAN_POINT('',(-70.,-25.,0.));
#955 = DIRECTION('',(0.707106781187,0.707106781187,-0.));
#956 = DIRECTION('',(0.707106781187,-0.707106781187,0.));
#957 = ADVANCED_FACE('',(#958),#969,.F.);
#958 = FACE_BOUND('',#959,.F.);
#959 = EDGE_LOOP('',(#960,#966,#967,#968));
#960 = ORIENTED_EDGE('',*,*,#961,.T.);
#961 = EDGE_CURVE('',#324,#673,#962,.T.);
#962 = LINE('',#963,#964);
#963 = CARTESIAN_POINT('',(-70.,25.,0.));
#964 = VECTOR('',#965,1.);
#965 = DIRECTION('',(0.,0.,1.));
#966 = ORIENTED_EDGE('',*,*,#680,.T.);
#967 = ORIENTED_EDGE('',*,*,#945,.F.);
#968 = ORIENTED_EDGE('',*,*,#331,.F.);
#969 = PLANE('',#970);
#970 = AXIS2_PLACEMENT_3D('',#971,#972,#973);
#971 = CARTESIAN_POINT('',(-70.,25.,0.));
#972 = DIRECTION('',(1.,0.,-0.));
#973 = DIRECTION('',(0.,-1.,0.));
#974 = ADVANCED_FACE('',(#975),#986,.F.);
#975 = FACE_BOUND('',#976,.F.);
#976 = EDGE_LOOP('',(#977,#978,#984,#985));
#977 = ORIENTED_EDGE('',*,*,#323,.F.);
#978 = ORIENTED_EDGE('',*,*,#979,.T.);
#979 = EDGE_CURVE('',#316,#665,#980,.T.);
#980 = LINE('',#981,#982);
#981 = CARTESIAN_POINT('',(-58.25,36.75,-0.5));
#982 = VECTOR('',#983,1.);
#983 = DIRECTION('',(0.,0.,1.));
#984 = ORIENTED_EDGE('',*,*,#672,.T.);
#985 = ORIENTED_EDGE('',*,*,#961,.F.);
#986 = PLANE('',#987);
#987 = AXIS2_PLACEMENT_3D('',#988,#989,#990);
#988 = CARTESIAN_POINT('',(-40.,55.,0.));
#989 = DIRECTION('',(0.707106781187,-0.707106781187,0.));
#990 = DIRECTION('',(-0.707106781187,-0.707106781187,0.));
#991 = ADVANCED_FACE('',(#992),#1003,.T.);
#992 = FACE_BOUND('',#993,.T.);
#993 = EDGE_LOOP('',(#994,#1000,#1001,#1002));
#994 = ORIENTED_EDGE('',*,*,#995,.F.);
#995 = EDGE_CURVE('',#307,#656,#996,.T.);
#996 = LINE('',#997,#998);
#997 = CARTESIAN_POINT('',(-58.25,20.25,-1.));
#998 = VECTOR('',#999,1.);
#999 = DIRECTION('',(0.,0.,1.));
#1000 = ORIENTED_EDGE('',*,*,#315,.T.);
#1001 = ORIENTED_EDGE('',*,*,#979,.T.);
#1002 = ORIENTED_EDGE('',*,*,#664,.F.);
#1003 = PLANE('',#1004);
#1004 = AXIS2_PLACEMENT_3D('',#1005,#1006,#1007);
#1005 = CARTESIAN_POINT('',(-58.25,20.25,-1.));
#1006 = DIRECTION('',(1.,0.,-0.));
#1007 = DIRECTION('',(0.,0.,1.));
#1008 = ADVANCED_FACE('',(#1009),#1020,.F.);
#1009 = FACE_BOUND('',#1010,.F.);
#1010 = EDGE_LOOP('',(#1011,#1012,#1018,#1019));
#1011 = ORIENTED_EDGE('',*,*,#306,.T.);
#1012 = ORIENTED_EDGE('',*,*,#1013,.T.);
#1013 = EDGE_CURVE('',#299,#648,#1014,.T.);
#1014 = LINE('',#1015,#1016);
#1015 = CARTESIAN_POINT('',(-54.75,20.25,-1.));
#1016 = VECTOR('',#1017,1.);
#1017 = DIRECTION('',(0.,0.,1.));
#1018 = ORIENTED_EDGE('',*,*,#655,.F.);
#1019 = ORIENTED_EDGE('',*,*,#995,.F.);
#1020 = CYLINDRICAL_SURFACE('',#1021,1.75);
#1021 = AXIS2_PLACEMENT_3D('',#1022,#1023,#1024);
#1022 = CARTESIAN_POINT('',(-56.5,20.25,-1.));
#1023 = DIRECTION('',(0.,0.,1.));
#1024 = DIRECTION('',(1.,0.,-0.));
#1025 = ADVANCED_FACE('',(#1026),#1037,.F.);
#1026 = FACE_BOUND('',#1027,.F.);
#1027 = EDGE_LOOP('',(#1028,#1029,#1030,#1036));
#1028 = ORIENTED_EDGE('',*,*,#1013,.F.);
#1029 = ORIENTED_EDGE('',*,*,#298,.T.);
#1030 = ORIENTED_EDGE('',*,*,#1031,.T.);
#1031 = EDGE_CURVE('',#290,#639,#1032,.T.);
#1032 = LINE('',#1033,#1034);
#1033 = CARTESIAN_POINT('',(-54.75,38.75,-1.));
#1034 = VECTOR('',#1035,1.);
#1035 = DIRECTION('',(0.,0.,1.));
#1036 = ORIENTED_EDGE('',*,*,#647,.F.);
#1037 = PLANE('',#1038);
#1038 = AXIS2_PLACEMENT_3D('',#1039,#1040,#1041);
#1039 = CARTESIAN_POINT('',(-54.75,20.25,-1.));
#1040 = DIRECTION('',(1.,0.,-0.));
#1041 = DIRECTION('',(0.,0.,1.));
#1042 = ADVANCED_FACE('',(#1043),#1054,.F.);
#1043 = FACE_BOUND('',#1044,.F.);
#1044 = EDGE_LOOP('',(#1045,#1046,#1047,#1048));
#1045 = ORIENTED_EDGE('',*,*,#638,.F.);
#1046 = ORIENTED_EDGE('',*,*,#1031,.F.);
#1047 = ORIENTED_EDGE('',*,*,#289,.T.);
#1048 = ORIENTED_EDGE('',*,*,#1049,.T.);
#1049 = EDGE_CURVE('',#282,#631,#1050,.T.);
#1050 = LINE('',#1051,#1052);
#1051 = CARTESIAN_POINT('',(-55.14389277477,39.856107225225,-1.));
#1052 = VECTOR('',#1053,1.);
#1053 = DIRECTION('',(0.,0.,1.));
#1054 = CYLINDRICAL_SURFACE('',#1055,1.75);
#1055 = AXIS2_PLACEMENT_3D('',#1056,#1057,#1058);
#1056 = CARTESIAN_POINT('',(-56.5,38.75,-1.));
#1057 = DIRECTION('',(0.,0.,1.));
#1058 = DIRECTION('',(1.,0.,-0.));
#1059 = ADVANCED_FACE('',(#1060),#1071,.F.);
#1060 = FACE_BOUND('',#1061,.F.);
#1061 = EDGE_LOOP('',(#1062,#1063,#1069,#1070));
#1062 = ORIENTED_EDGE('',*,*,#281,.F.);
#1063 = ORIENTED_EDGE('',*,*,#1064,.T.);
#1064 = EDGE_CURVE('',#274,#623,#1065,.T.);
#1065 = LINE('',#1066,#1067);
#1066 = CARTESIAN_POINT('',(-40.,55.,0.));
#1067 = VECTOR('',#1068,1.);
#1068 = DIRECTION('',(0.,0.,1.));
#1069 = ORIENTED_EDGE('',*,*,#630,.T.);
#1070 = ORIENTED_EDGE('',*,*,#1049,.F.);
#1071 = PLANE('',#1072);
#1072 = AXIS2_PLACEMENT_3D('',#1073,#1074,#1075);
#1073 = CARTESIAN_POINT('',(-40.,55.,0.));
#1074 = DIRECTION('',(0.707106781187,-0.707106781187,0.));
#1075 = DIRECTION('',(-0.707106781187,-0.707106781187,0.));
#1076 = ADVANCED_FACE('',(#1077),#1088,.F.);
#1077 = FACE_BOUND('',#1078,.F.);
#1078 = EDGE_LOOP('',(#1079,#1085,#1086,#1087));
#1079 = ORIENTED_EDGE('',*,*,#1080,.T.);
#1080 = EDGE_CURVE('',#266,#615,#1081,.T.);
#1081 = LINE('',#1082,#1083);
#1082 = CARTESIAN_POINT('',(40.,55.,0.));
#1083 = VECTOR('',#1084,1.);
#1084 = DIRECTION('',(0.,0.,1.));
#1085 = ORIENTED_EDGE('',*,*,#622,.T.);
#1086 = ORIENTED_EDGE('',*,*,#1064,.F.);
#1087 = ORIENTED_EDGE('',*,*,#273,.F.);
#1088 = PLANE('',#1089);
#1089 = AXIS2_PLACEMENT_3D('',#1090,#1091,#1092);
#1090 = CARTESIAN_POINT('',(40.,55.,0.));
#1091 = DIRECTION('',(0.,-1.,0.));
#1092 = DIRECTION('',(-1.,0.,0.));
#1093 = ADVANCED_FACE('',(#1094),#1105,.F.);
#1094 = FACE_BOUND('',#1095,.F.);
#1095 = EDGE_LOOP('',(#1096,#1097,#1103,#1104));
#1096 = ORIENTED_EDGE('',*,*,#265,.F.);
#1097 = ORIENTED_EDGE('',*,*,#1098,.T.);
#1098 = EDGE_CURVE('',#257,#606,#1099,.T.);
#1099 = LINE('',#1100,#1101);
#1100 = CARTESIAN_POINT('',(55.143892774775,39.856107225225,-1.));
#1101 = VECTOR('',#1102,1.);
#1102 = DIRECTION('',(0.,0.,1.));
#1103 = ORIENTED_EDGE('',*,*,#614,.T.);
#1104 = ORIENTED_EDGE('',*,*,#1080,.F.);
#1105 = PLANE('',#1106);
#1106 = AXIS2_PLACEMENT_3D('',#1107,#1108,#1109);
#1107 = CARTESIAN_POINT('',(70.,25.,0.));
#1108 = DIRECTION('',(-0.707106781187,-0.707106781187,0.));
#1109 = DIRECTION('',(-0.707106781187,0.707106781187,0.));
#1110 = ADVANCED_FACE('',(#1111),#1122,.F.);
#1111 = FACE_BOUND('',#1112,.F.);
#1112 = EDGE_LOOP('',(#1113,#1119,#1120,#1121));
#1113 = ORIENTED_EDGE('',*,*,#1114,.T.);
#1114 = EDGE_CURVE('',#249,#598,#1115,.T.);
#1115 = LINE('',#1116,#1117);
#1116 = CARTESIAN_POINT('',(54.75,38.75,-1.));
#1117 = VECTOR('',#1118,1.);
#1118 = DIRECTION('',(0.,0.,1.));
#1119 = ORIENTED_EDGE('',*,*,#605,.F.);
#1120 = ORIENTED_EDGE('',*,*,#1098,.F.);
#1121 = ORIENTED_EDGE('',*,*,#256,.T.);
#1122 = CYLINDRICAL_SURFACE('',#1123,1.75);
#1123 = AXIS2_PLACEMENT_3D('',#1124,#1125,#1126);
#1124 = CARTESIAN_POINT('',(56.5,38.75,-1.));
#1125 = DIRECTION('',(0.,0.,1.));
#1126 = DIRECTION('',(1.,0.,-0.));
#1127 = ADVANCED_FACE('',(#1128),#1139,.T.);
#1128 = FACE_BOUND('',#1129,.T.);
#1129 = EDGE_LOOP('',(#1130,#1136,#1137,#1138));
#1130 = ORIENTED_EDGE('',*,*,#1131,.F.);
#1131 = EDGE_CURVE('',#240,#589,#1132,.T.);
#1132 = LINE('',#1133,#1134);
#1133 = CARTESIAN_POINT('',(54.75,20.25,-1.));
#1134 = VECTOR('',#1135,1.);
#1135 = DIRECTION('',(0.,0.,1.));
#1136 = ORIENTED_EDGE('',*,*,#248,.T.);
#1137 = ORIENTED_EDGE('',*,*,#1114,.T.);
#1138 = ORIENTED_EDGE('',*,*,#597,.F.);
#1139 = PLANE('',#1140);
#1140 = AXIS2_PLACEMENT_3D('',#1141,#1142,#1143);
#1141 = CARTESIAN_POINT('',(54.75,20.25,-1.));
#1142 = DIRECTION('',(1.,0.,-0.));
#1143 = DIRECTION('',(0.,0.,1.));
#1144 = ADVANCED_FACE('',(#1145),#1156,.F.);
#1145 = FACE_BOUND('',#1146,.F.);
#1146 = EDGE_LOOP('',(#1147,#1148,#1154,#1155));
#1147 = ORIENTED_EDGE('',*,*,#239,.T.);
#1148 = ORIENTED_EDGE('',*,*,#1149,.T.);
#1149 = EDGE_CURVE('',#232,#581,#1150,.T.);
#1150 = LINE('',#1151,#1152);
#1151 = CARTESIAN_POINT('',(58.25,20.25,-1.));
#1152 = VECTOR('',#1153,1.);
#1153 = DIRECTION('',(0.,0.,1.));
#1154 = ORIENTED_EDGE('',*,*,#588,.F.);
#1155 = ORIENTED_EDGE('',*,*,#1131,.F.);
#1156 = CYLINDRICAL_SURFACE('',#1157,1.75);
#1157 = AXIS2_PLACEMENT_3D('',#1158,#1159,#1160);
#1158 = CARTESIAN_POINT('',(56.5,20.25,-1.));
#1159 = DIRECTION('',(0.,0.,1.));
#1160 = DIRECTION('',(1.,0.,-0.));
#1161 = ADVANCED_FACE('',(#1162),#1173,.F.);
#1162 = FACE_BOUND('',#1163,.F.);
#1163 = EDGE_LOOP('',(#1164,#1165,#1166,#1172));
#1164 = ORIENTED_EDGE('',*,*,#1149,.F.);
#1165 = ORIENTED_EDGE('',*,*,#231,.T.);
#1166 = ORIENTED_EDGE('',*,*,#1167,.T.);
#1167 = EDGE_CURVE('',#224,#573,#1168,.T.);
#1168 = LINE('',#1169,#1170);
#1169 = CARTESIAN_POINT('',(58.25,36.75,-0.5));
#1170 = VECTOR('',#1171,1.);
#1171 = DIRECTION('',(0.,0.,1.));
#1172 = ORIENTED_EDGE('',*,*,#580,.F.);
#1173 = PLANE('',#1174);
#1174 = AXIS2_PLACEMENT_3D('',#1175,#1176,#1177);
#1175 = CARTESIAN_POINT('',(58.25,20.25,-1.));
#1176 = DIRECTION('',(1.,0.,-0.));
#1177 = DIRECTION('',(0.,0.,1.));
#1178 = ADVANCED_FACE('',(#1179),#1190,.F.);
#1179 = FACE_BOUND('',#1180,.F.);
#1180 = EDGE_LOOP('',(#1181,#1182,#1188,#1189));
#1181 = ORIENTED_EDGE('',*,*,#223,.F.);
#1182 = ORIENTED_EDGE('',*,*,#1183,.T.);
#1183 = EDGE_CURVE('',#216,#565,#1184,.T.);
#1184 = LINE('',#1185,#1186);
#1185 = CARTESIAN_POINT('',(70.,25.,0.));
#1186 = VECTOR('',#1187,1.);
#1187 = DIRECTION('',(0.,0.,1.));
#1188 = ORIENTED_EDGE('',*,*,#572,.T.);
#1189 = ORIENTED_EDGE('',*,*,#1167,.F.);
#1190 = PLANE('',#1191);
#1191 = AXIS2_PLACEMENT_3D('',#1192,#1193,#1194);
#1192 = CARTESIAN_POINT('',(70.,25.,0.));
#1193 = DIRECTION('',(-0.707106781187,-0.707106781187,0.));
#1194 = DIRECTION('',(-0.707106781187,0.707106781187,0.));
#1195 = ADVANCED_FACE('',(#1196),#1207,.F.);
#1196 = FACE_BOUND('',#1197,.F.);
#1197 = EDGE_LOOP('',(#1198,#1204,#1205,#1206));
#1198 = ORIENTED_EDGE('',*,*,#1199,.T.);
#1199 = EDGE_CURVE('',#208,#557,#1200,.T.);
#1200 = LINE('',#1201,#1202);
#1201 = CARTESIAN_POINT('',(70.,-25.,0.));
#1202 = VECTOR('',#1203,1.);
#1203 = DIRECTION('',(0.,0.,1.));
#1204 = ORIENTED_EDGE('',*,*,#564,.T.);
#1205 = ORIENTED_EDGE('',*,*,#1183,.F.);
#1206 = ORIENTED_EDGE('',*,*,#215,.F.);
#1207 = PLANE('',#1208);
#1208 = AXIS2_PLACEMENT_3D('',#1209,#1210,#1211);
#1209 = CARTESIAN_POINT('',(70.,-25.,0.));
#1210 = DIRECTION('',(-1.,0.,0.));
#1211 = DIRECTION('',(0.,1.,0.));
#1212 = ADVANCED_FACE('',(#1213),#1224,.F.);
#1213 = FACE_BOUND('',#1214,.F.);
#1214 = EDGE_LOOP('',(#1215,#1216,#1222,#1223));
#1215 = ORIENTED_EDGE('',*,*,#207,.F.);
#1216 = ORIENTED_EDGE('',*,*,#1217,.F.);
#1217 = EDGE_CURVE('',#549,#200,#1218,.T.);
#1218 = LINE('',#1219,#1220);
#1219 = CARTESIAN_POINT('',(58.25,-36.75,-0.5));
#1220 = VECTOR('',#1221,1.);
#1221 = DIRECTION('',(-0.,0.,-1.));
#1222 = ORIENTED_EDGE('',*,*,#556,.T.);
#1223 = ORIENTED_EDGE('',*,*,#1199,.F.);
#1224 = PLANE('',#1225);
#1225 = AXIS2_PLACEMENT_3D('',#1226,#1227,#1228);
#1226 = CARTESIAN_POINT('',(40.,-55.,0.));
#1227 = DIRECTION('',(-0.707106781187,0.707106781187,0.));
#1228 = DIRECTION('',(0.707106781187,0.707106781187,0.));
#1229 = ADVANCED_FACE('',(#1230),#1241,.F.);
#1230 = FACE_BOUND('',#1231,.F.);
#1231 = EDGE_LOOP('',(#1232,#1233,#1239,#1240));
#1232 = ORIENTED_EDGE('',*,*,#199,.T.);
#1233 = ORIENTED_EDGE('',*,*,#1234,.T.);
#1234 = EDGE_CURVE('',#191,#540,#1235,.T.);
#1235 = LINE('',#1236,#1237);
#1236 = CARTESIAN_POINT('',(58.25,-20.25,-1.));
#1237 = VECTOR('',#1238,1.);
#1238 = DIRECTION('',(0.,0.,1.));
#1239 = ORIENTED_EDGE('',*,*,#548,.F.);
#1240 = ORIENTED_EDGE('',*,*,#1217,.T.);
#1241 = PLANE('',#1242);
#1242 = AXIS2_PLACEMENT_3D('',#1243,#1244,#1245);
#1243 = CARTESIAN_POINT('',(58.25,-38.75,-1.));
#1244 = DIRECTION('',(1.,0.,-0.));
#1245 = DIRECTION('',(0.,0.,1.));
#1246 = ADVANCED_FACE('',(#1247),#1258,.F.);
#1247 = FACE_BOUND('',#1248,.F.);
#1248 = EDGE_LOOP('',(#1249,#1250,#1251,#1252));
#1249 = ORIENTED_EDGE('',*,*,#539,.F.);
#1250 = ORIENTED_EDGE('',*,*,#1234,.F.);
#1251 = ORIENTED_EDGE('',*,*,#190,.T.);
#1252 = ORIENTED_EDGE('',*,*,#1253,.T.);
#1253 = EDGE_CURVE('',#183,#532,#1254,.T.);
#1254 = LINE('',#1255,#1256);
#1255 = CARTESIAN_POINT('',(54.75,-20.25,-1.));
#1256 = VECTOR('',#1257,1.);
#1257 = DIRECTION('',(0.,0.,1.));
#1258 = CYLINDRICAL_SURFACE('',#1259,1.75);
#1259 = AXIS2_PLACEMENT_3D('',#1260,#1261,#1262);
#1260 = CARTESIAN_POINT('',(56.5,-20.25,-1.));
#1261 = DIRECTION('',(0.,0.,1.));
#1262 = DIRECTION('',(1.,0.,-0.));
#1263 = ADVANCED_FACE('',(#1264),#1270,.T.);
#1264 = FACE_BOUND('',#1265,.T.);
#1265 = EDGE_LOOP('',(#1266,#1267,#1268,#1269));
#1266 = ORIENTED_EDGE('',*,*,#876,.F.);
#1267 = ORIENTED_EDGE('',*,*,#182,.T.);
#1268 = ORIENTED_EDGE('',*,*,#1253,.T.);
#1269 = ORIENTED_EDGE('',*,*,#531,.F.);
#1270 = PLANE('',#1271);
#1271 = AXIS2_PLACEMENT_3D('',#1272,#1273,#1274);
#1272 = CARTESIAN_POINT('',(54.75,-38.75,-1.));
#1273 = DIRECTION('',(1.,0.,-0.));
#1274 = DIRECTION('',(0.,0.,1.));
#1275 = ADVANCED_FACE('',(#1276),#1287,.F.);
#1276 = FACE_BOUND('',#1277,.F.);
#1277 = EDGE_LOOP('',(#1278,#1279,#1285,#1286));
#1278 = ORIENTED_EDGE('',*,*,#721,.F.);
#1279 = ORIENTED_EDGE('',*,*,#1280,.F.);
#1280 = EDGE_CURVE('',#373,#722,#1281,.T.);
#1281 = LINE('',#1282,#1283);
#1282 = CARTESIAN_POINT('',(-39.41219330882,-41.01219330882,-1.));
#1283 = VECTOR('',#1284,1.);
#1284 = DIRECTION('',(0.,0.,1.));
#1285 = ORIENTED_EDGE('',*,*,#372,.T.);
#1286 = ORIENTED_EDGE('',*,*,#1280,.T.);
#1287 = CYLINDRICAL_SURFACE('',#1288,1.6);
#1288 = AXIS2_PLACEMENT_3D('',#1289,#1290,#1291);
#1289 = CARTESIAN_POINT('',(-41.01219330882,-41.01219330882,-1.));
#1290 = DIRECTION('',(0.,0.,1.));
#1291 = DIRECTION('',(1.,0.,-0.));
#1292 = ADVANCED_FACE('',(#1293),#1304,.F.);
#1293 = FACE_BOUND('',#1294,.F.);
#1294 = EDGE_LOOP('',(#1295,#1296,#1302,#1303));
#1295 = ORIENTED_EDGE('',*,*,#732,.F.);
#1296 = ORIENTED_EDGE('',*,*,#1297,.F.);
#1297 = EDGE_CURVE('',#384,#733,#1298,.T.);
#1298 = LINE('',#1299,#1300);
#1299 = CARTESIAN_POINT('',(-25.27005768508,-26.87005768508,-1.));
#1300 = VECTOR('',#1301,1.);
#1301 = DIRECTION('',(0.,0.,1.));
#1302 = ORIENTED_EDGE('',*,*,#383,.T.);
#1303 = ORIENTED_EDGE('',*,*,#1297,.T.);
#1304 = CYLINDRICAL_SURFACE('',#1305,1.6);
#1305 = AXIS2_PLACEMENT_3D('',#1306,#1307,#1308);
#1306 = CARTESIAN_POINT('',(-26.87005768508,-26.87005768508,-1.));
#1307 = DIRECTION('',(0.,0.,1.));
#1308 = DIRECTION('',(1.,0.,-0.));
#1309 = ADVANCED_FACE('',(#1310),#1321,.F.);
#1310 = FACE_BOUND('',#1311,.F.);
#1311 = EDGE_LOOP('',(#1312,#1313,#1319,#1320));
#1312 = ORIENTED_EDGE('',*,*,#743,.F.);
#1313 = ORIENTED_EDGE('',*,*,#1314,.F.);
#1314 = EDGE_CURVE('',#395,#744,#1315,.T.);
#1315 = LINE('',#1316,#1317);
#1316 = CARTESIAN_POINT('',(-13.65,-15.25,-1.));
#1317 = VECTOR('',#1318,1.);
#1318 = DIRECTION('',(0.,0.,1.));
#1319 = ORIENTED_EDGE('',*,*,#394,.T.);
#1320 = ORIENTED_EDGE('',*,*,#1314,.T.);
#1321 = CYLINDRICAL_SURFACE('',#1322,1.6);
#1322 = AXIS2_PLACEMENT_3D('',#1323,#1324,#1325);
#1323 = CARTESIAN_POINT('',(-15.25,-15.25,-1.));
#1324 = DIRECTION('',(0.,0.,1.));
#1325 = DIRECTION('',(1.,0.,-0.));
#1326 = ADVANCED_FACE('',(#1327),#1338,.F.);
#1327 = FACE_BOUND('',#1328,.F.);
#1328 = EDGE_LOOP('',(#1329,#1330,#1336,#1337));
#1329 = ORIENTED_EDGE('',*,*,#754,.F.);
#1330 = ORIENTED_EDGE('',*,*,#1331,.F.);
#1331 = EDGE_CURVE('',#406,#755,#1332,.T.);
#1332 = LINE('',#1333,#1334);
#1333 = CARTESIAN_POINT('',(42.61219330882,-41.01219330882,-1.));
#1334 = VECTOR('',#1335,1.);
#1335 = DIRECTION('',(0.,0.,1.));
#1336 = ORIENTED_EDGE('',*,*,#405,.T.);
#1337 = ORIENTED_EDGE('',*,*,#1331,.T.);
#1338 = CYLINDRICAL_SURFACE('',#1339,1.6);
#1339 = AXIS2_PLACEMENT_3D('',#1340,#1341,#1342);
#1340 = CARTESIAN_POINT('',(41.01219330882,-41.01219330882,-1.));
#1341 = DIRECTION('',(0.,0.,1.));
#1342 = DIRECTION('',(1.,0.,-0.));
#1343 = ADVANCED_FACE('',(#1344),#1355,.F.);
#1344 = FACE_BOUND('',#1345,.F.);
#1345 = EDGE_LOOP('',(#1346,#1347,#1353,#1354));
#1346 = ORIENTED_EDGE('',*,*,#765,.F.);
#1347 = ORIENTED_EDGE('',*,*,#1348,.F.);
#1348 = EDGE_CURVE('',#417,#766,#1349,.T.);
#1349 = LINE('',#1350,#1351);
#1350 = CARTESIAN_POINT('',(28.470057685089,-26.87005768508,-1.));
#1351 = VECTOR('',#1352,1.);
#1352 = DIRECTION('',(0.,0.,1.));
#1353 = ORIENTED_EDGE('',*,*,#416,.T.);
#1354 = ORIENTED_EDGE('',*,*,#1348,.T.);
#1355 = CYLINDRICAL_SURFACE('',#1356,1.6);
#1356 = AXIS2_PLACEMENT_3D('',#1357,#1358,#1359);
#1357 = CARTESIAN_POINT('',(26.870057685089,-26.87005768508,-1.));
#1358 = DIRECTION('',(0.,0.,1.));
#1359 = DIRECTION('',(1.,0.,-0.));
#1360 = ADVANCED_FACE('',(#1361),#1372,.F.);
#1361 = FACE_BOUND('',#1362,.F.);
#1362 = EDGE_LOOP('',(#1363,#1364,#1370,#1371));
#1363 = ORIENTED_EDGE('',*,*,#776,.F.);
#1364 = ORIENTED_EDGE('',*,*,#1365,.F.);
#1365 = EDGE_CURVE('',#428,#777,#1366,.T.);
#1366 = LINE('',#1367,#1368);
#1367 = CARTESIAN_POINT('',(16.85,-15.25,-1.));
#1368 = VECTOR('',#1369,1.);
#1369 = DIRECTION('',(0.,0.,1.));
#1370 = ORIENTED_EDGE('',*,*,#427,.T.);
#1371 = ORIENTED_EDGE('',*,*,#1365,.T.);
#1372 = CYLINDRICAL_SURFACE('',#1373,1.6);
#1373 = AXIS2_PLACEMENT_3D('',#1374,#1375,#1376);
#1374 = CARTESIAN_POINT('',(15.25,-15.25,-1.));
#1375 = DIRECTION('',(0.,0.,1.));
#1376 = DIRECTION('',(1.,0.,-0.));
#1377 = ADVANCED_FACE('',(#1378),#1389,.F.);
#1378 = FACE_BOUND('',#1379,.F.);
#1379 = EDGE_LOOP('',(#1380,#1381,#1387,#1388));
#1380 = ORIENTED_EDGE('',*,*,#787,.F.);
#1381 = ORIENTED_EDGE('',*,*,#1382,.F.);
#1382 = EDGE_CURVE('',#439,#788,#1383,.T.);
#1383 = LINE('',#1384,#1385);
#1384 = CARTESIAN_POINT('',(-13.65,15.25,-1.));
#1385 = VECTOR('',#1386,1.);
#1386 = DIRECTION('',(0.,0.,1.));
#1387 = ORIENTED_EDGE('',*,*,#438,.T.);
#1388 = ORIENTED_EDGE('',*,*,#1382,.T.);
#1389 = CYLINDRICAL_SURFACE('',#1390,1.6);
#1390 = AXIS2_PLACEMENT_3D('',#1391,#1392,#1393);
#1391 = CARTESIAN_POINT('',(-15.25,15.25,-1.));
#1392 = DIRECTION('',(0.,0.,1.));
#1393 = DIRECTION('',(1.,0.,-0.));
#1394 = ADVANCED_FACE('',(#1395),#1406,.F.);
#1395 = FACE_BOUND('',#1396,.F.);
#1396 = EDGE_LOOP('',(#1397,#1398,#1404,#1405));
#1397 = ORIENTED_EDGE('',*,*,#798,.F.);
#1398 = ORIENTED_EDGE('',*,*,#1399,.F.);
#1399 = EDGE_CURVE('',#450,#799,#1400,.T.);
#1400 = LINE('',#1401,#1402);
#1401 = CARTESIAN_POINT('',(-25.27005768508,26.870057685089,-1.));
#1402 = VECTOR('',#1403,1.);
#1403 = DIRECTION('',(0.,0.,1.));
#1404 = ORIENTED_EDGE('',*,*,#449,.T.);
#1405 = ORIENTED_EDGE('',*,*,#1399,.T.);
#1406 = CYLINDRICAL_SURFACE('',#1407,1.6);
#1407 = AXIS2_PLACEMENT_3D('',#1408,#1409,#1410);
#1408 = CARTESIAN_POINT('',(-26.87005768508,26.870057685089,-1.));
#1409 = DIRECTION('',(0.,0.,1.));
#1410 = DIRECTION('',(1.,0.,-0.));
#1411 = ADVANCED_FACE('',(#1412),#1423,.F.);
#1412 = FACE_BOUND('',#1413,.F.);
#1413 = EDGE_LOOP('',(#1414,#1415,#1421,#1422));
#1414 = ORIENTED_EDGE('',*,*,#809,.F.);
#1415 = ORIENTED_EDGE('',*,*,#1416,.F.);
#1416 = EDGE_CURVE('',#461,#810,#1417,.T.);
#1417 = LINE('',#1418,#1419);
#1418 = CARTESIAN_POINT('',(-39.41219330882,41.01219330882,-1.));
#1419 = VECTOR('',#1420,1.);
#1420 = DIRECTION('',(0.,0.,1.));
#1421 = ORIENTED_EDGE('',*,*,#460,.T.);
#1422 = ORIENTED_EDGE('',*,*,#1416,.T.);
#1423 = CYLINDRICAL_SURFACE('',#1424,1.6);
#1424 = AXIS2_PLACEMENT_3D('',#1425,#1426,#1427);
#1425 = CARTESIAN_POINT('',(-41.01219330882,41.01219330882,-1.));
#1426 = DIRECTION('',(0.,0.,1.));
#1427 = DIRECTION('',(1.,0.,-0.));
#1428 = ADVANCED_FACE('',(#1429),#1440,.F.);
#1429 = FACE_BOUND('',#1430,.F.);
#1430 = EDGE_LOOP('',(#1431,#1432,#1438,#1439));
#1431 = ORIENTED_EDGE('',*,*,#820,.F.);
#1432 = ORIENTED_EDGE('',*,*,#1433,.F.);
#1433 = EDGE_CURVE('',#472,#821,#1434,.T.);
#1434 = LINE('',#1435,#1436);
#1435 = CARTESIAN_POINT('',(16.85,15.25,-1.));
#1436 = VECTOR('',#1437,1.);
#1437 = DIRECTION('',(0.,0.,1.));
#1438 = ORIENTED_EDGE('',*,*,#471,.T.);
#1439 = ORIENTED_EDGE('',*,*,#1433,.T.);
#1440 = CYLINDRICAL_SURFACE('',#1441,1.6);
#1441 = AXIS2_PLACEMENT_3D('',#1442,#1443,#1444);
#1442 = CARTESIAN_POINT('',(15.25,15.25,-1.));
#1443 = DIRECTION('',(0.,0.,1.));
#1444 = DIRECTION('',(1.,0.,-0.));
#1445 = ADVANCED_FACE('',(#1446),#1457,.F.);
#1446 = FACE_BOUND('',#1447,.F.);
#1447 = EDGE_LOOP('',(#1448,#1449,#1455,#1456));
#1448 = ORIENTED_EDGE('',*,*,#831,.F.);
#1449 = ORIENTED_EDGE('',*,*,#1450,.F.);
#1450 = EDGE_CURVE('',#483,#832,#1451,.T.);
#1451 = LINE('',#1452,#1453);
#1452 = CARTESIAN_POINT('',(28.470057685089,26.870057685089,-1.));
#1453 = VECTOR('',#1454,1.);
#1454 = DIRECTION('',(0.,0.,1.));
#1455 = ORIENTED_EDGE('',*,*,#482,.T.);
#1456 = ORIENTED_EDGE('',*,*,#1450,.T.);
#1457 = CYLINDRICAL_SURFACE('',#1458,1.6);
#1458 = AXIS2_PLACEMENT_3D('',#1459,#1460,#1461);
#1459 = CARTESIAN_POINT('',(26.870057685089,26.870057685089,-1.));
#1460 = DIRECTION('',(0.,0.,1.));
#1461 = DIRECTION('',(1.,0.,-0.));
#1462 = ADVANCED_FACE('',(#1463),#1474,.F.);
#1463 = FACE_BOUND('',#1464,.F.);
#1464 = EDGE_LOOP('',(#1465,#1466,#1472,#1473));
#1465 = ORIENTED_EDGE('',*,*,#842,.F.);
#1466 = ORIENTED_EDGE('',*,*,#1467,.F.);
#1467 = EDGE_CURVE('',#494,#843,#1468,.T.);
#1468 = LINE('',#1469,#1470);
#1469 = CARTESIAN_POINT('',(42.61219330882,41.01219330882,-1.));
#1470 = VECTOR('',#1471,1.);
#1471 = DIRECTION('',(0.,0.,1.));
#1472 = ORIENTED_EDGE('',*,*,#493,.T.);
#1473 = ORIENTED_EDGE('',*,*,#1467,.T.);
#1474 = CYLINDRICAL_SURFACE('',#1475,1.6);
#1475 = AXIS2_PLACEMENT_3D('',#1476,#1477,#1478);
#1476 = CARTESIAN_POINT('',(41.01219330882,41.01219330882,-1.));
#1477 = DIRECTION('',(0.,0.,1.));
#1478 = DIRECTION('',(1.,0.,-0.));
#1479 = ( GEOMETRIC_REPRESENTATION_CONTEXT(3) 
GLOBAL_UNCERTAINTY_ASSIGNED_CONTEXT((#1483)) 
GLOBAL_UNIT_ASSIGNED_CONTEXT((#1480,#1481,#1482)) REPRESENTATION_CONTEXT
('Context #1','3D Context with UNIT and UNCERTAINTY') );
#1480 = ( LENGTH_UNIT() NAMED_UNIT(*) SI_UNIT(.MILLI.,.METRE.) );
#1481 = ( NAMED_UNIT(*) PLANE_ANGLE_UNIT() SI_UNIT($,.RADIAN.) );
#1482 = ( NAMED_UNIT(*) SI_UNIT($,.STERADIAN.) SOLID_ANGLE_UNIT() );
#1483 = UNCERTAINTY_MEASURE_WITH_UNIT(LENGTH_MEASURE(1.E-07),#1480,
  'distance_accuracy_value','confusion accuracy');
#1484 = CONTEXT_DEPENDENT_SHAPE_REPRESENTATION(#1485,#1487);
#1485 = ( REPRESENTATION_RELATIONSHIP('','',#52,#10) 
REPRESENTATION_RELATIONSHIP_WITH_TRANSFORMATION(#1486) 
SHAPE_REPRESENTATION_RELATIONSHIP() );
#1486 = ITEM_DEFINED_TRANSFORMATION('','',#11,#15);
#1487 = PRODUCT_DEFINITION_SHAPE('Placement','Placement of an item',
  #1488);
#1488 = NEXT_ASSEMBLY_USAGE_OCCURRENCE('1','bottom_plate','',#5,#47,$);
#1489 = PRODUCT_RELATED_PRODUCT_CATEGORY('part',$,(#49));
#1490 = SHAPE_DEFINITION_REPRESENTATION(#1491,#1497);
#1491 = PRODUCT_DEFINITION_SHAPE('','',#1492);
#1492 = PRODUCT_DEFINITION('design','',#1493,#1496);
#1493 = PRODUCT_DEFINITION_FORMATION('','',#1494);
#1494 = PRODUCT('top_plate','top_plate','',(#1495));
#1495 = PRODUCT_CONTEXT('',#2,'mechanical');
#1496 = PRODUCT_DEFINITION_CONTEXT('part definition',#2,'design');
#1497 = ADVANCED_BREP_SHAPE_REPRESENTATION('',(#11,#1498),#2092);
#1498 = MANIFOLD_SOLID_BREP('',#1499);
#1499 = CLOSED_SHELL('',(#1500,#1540,#1571,#1602,#1739,#1876,#1893,#1910
    ,#1927,#1944,#1956,#1973,#1990,#2007,#2024,#2041,#2058,#2075));
#1500 = ADVANCED_FACE('',(#1501),#1535,.F.);
#1501 = FACE_BOUND('',#1502,.F.);
#1502 = EDGE_LOOP('',(#1503,#1513,#1521,#1529));
#1503 = ORIENTED_EDGE('',*,*,#1504,.T.);
#1504 = EDGE_CURVE('',#1505,#1507,#1509,.T.);
#1505 = VERTEX_POINT('',#1506);
#1506 = CARTESIAN_POINT('',(-28.8,-42.9,0.));
#1507 = VERTEX_POINT('',#1508);
#1508 = CARTESIAN_POINT('',(-28.8,-42.9,1.5));
#1509 = LINE('',#1510,#1511);
#1510 = CARTESIAN_POINT('',(-28.8,-42.9,0.));
#1511 = VECTOR('',#1512,1.);
#1512 = DIRECTION('',(0.,0.,1.));
#1513 = ORIENTED_EDGE('',*,*,#1514,.T.);
#1514 = EDGE_CURVE('',#1507,#1515,#1517,.T.);
#1515 = VERTEX_POINT('',#1516);
#1516 = CARTESIAN_POINT('',(28.8,-42.9,1.5));
#1517 = LINE('',#1518,#1519);
#1518 = CARTESIAN_POINT('',(-28.8,-42.9,1.5));
#1519 = VECTOR('',#1520,1.);
#1520 = DIRECTION('',(1.,0.,0.));
#1521 = ORIENTED_EDGE('',*,*,#1522,.F.);
#1522 = EDGE_CURVE('',#1523,#1515,#1525,.T.);
#1523 = VERTEX_POINT('',#1524);
#1524 = CARTESIAN_POINT('',(28.8,-42.9,0.));
#1525 = LINE('',#1526,#1527);
#1526 = CARTESIAN_POINT('',(28.8,-42.9,0.));
#1527 = VECTOR('',#1528,1.);
#1528 = DIRECTION('',(0.,0.,1.));
#1529 = ORIENTED_EDGE('',*,*,#1530,.F.);
#1530 = EDGE_CURVE('',#1505,#1523,#1531,.T.);
#1531 = LINE('',#1532,#1533);
#1532 = CARTESIAN_POINT('',(-28.8,-42.9,0.));
#1533 = VECTOR('',#1534,1.);
#1534 = DIRECTION('',(1.,0.,0.));
#1535 = PLANE('',#1536);
#1536 = AXIS2_PLACEMENT_3D('',#1537,#1538,#1539);
#1537 = CARTESIAN_POINT('',(-28.8,-42.9,0.));
#1538 = DIRECTION('',(0.,1.,0.));
#1539 = DIRECTION('',(1.,0.,0.));
#1540 = ADVANCED_FACE('',(#1541),#1566,.F.);
#1541 = FACE_BOUND('',#1542,.F.);
#1542 = EDGE_LOOP('',(#1543,#1553,#1559,#1560));
#1543 = ORIENTED_EDGE('',*,*,#1544,.T.);
#1544 = EDGE_CURVE('',#1545,#1547,#1549,.T.);
#1545 = VERTEX_POINT('',#1546);
#1546 = CARTESIAN_POINT('',(-50.4,-21.3,0.));
#1547 = VERTEX_POINT('',#1548);
#1548 = CARTESIAN_POINT('',(-50.4,-21.3,1.5));
#1549 = LINE('',#1550,#1551);
#1550 = CARTESIAN_POINT('',(-50.4,-21.3,0.));
#1551 = VECTOR('',#1552,1.);
#1552 = DIRECTION('',(0.,0.,1.));
#1553 = ORIENTED_EDGE('',*,*,#1554,.T.);
#1554 = EDGE_CURVE('',#1547,#1507,#1555,.T.);
#1555 = LINE('',#1556,#1557);
#1556 = CARTESIAN_POINT('',(-50.4,-21.3,1.5));
#1557 = VECTOR('',#1558,1.);
#1558 = DIRECTION('',(0.707106781187,-0.707106781187,0.));
#1559 = ORIENTED_EDGE('',*,*,#1504,.F.);
#1560 = ORIENTED_EDGE('',*,*,#1561,.F.);
#1561 = EDGE_CURVE('',#1545,#1505,#1562,.T.);
#1562 = LINE('',#1563,#1564);
#1563 = CARTESIAN_POINT('',(-50.4,-21.3,0.));
#1564 = VECTOR('',#1565,1.);
#1565 = DIRECTION('',(0.707106781187,-0.707106781187,0.));
#1566 = PLANE('',#1567);
#1567 = AXIS2_PLACEMENT_3D('',#1568,#1569,#1570);
#1568 = CARTESIAN_POINT('',(-50.4,-21.3,0.));
#1569 = DIRECTION('',(0.707106781187,0.707106781187,-0.));
#1570 = DIRECTION('',(0.707106781187,-0.707106781187,0.));
#1571 = ADVANCED_FACE('',(#1572),#1597,.F.);
#1572 = FACE_BOUND('',#1573,.F.);
#1573 = EDGE_LOOP('',(#1574,#1575,#1583,#1591));
#1574 = ORIENTED_EDGE('',*,*,#1522,.T.);
#1575 = ORIENTED_EDGE('',*,*,#1576,.T.);
#1576 = EDGE_CURVE('',#1515,#1577,#1579,.T.);
#1577 = VERTEX_POINT('',#1578);
#1578 = CARTESIAN_POINT('',(50.4,-21.3,1.5));
#1579 = LINE('',#1580,#1581);
#1580 = CARTESIAN_POINT('',(28.8,-42.9,1.5));
#1581 = VECTOR('',#1582,1.);
#1582 = DIRECTION('',(0.707106781187,0.707106781187,0.));
#1583 = ORIENTED_EDGE('',*,*,#1584,.F.);
#1584 = EDGE_CURVE('',#1585,#1577,#1587,.T.);
#1585 = VERTEX_POINT('',#1586);
#1586 = CARTESIAN_POINT('',(50.4,-21.3,0.));
#1587 = LINE('',#1588,#1589);
#1588 = CARTESIAN_POINT('',(50.4,-21.3,0.));
#1589 = VECTOR('',#1590,1.);
#1590 = DIRECTION('',(0.,0.,1.));
#1591 = ORIENTED_EDGE('',*,*,#1592,.F.);
#1592 = EDGE_CURVE('',#1523,#1585,#1593,.T.);
#1593 = LINE('',#1594,#1595);
#1594 = CARTESIAN_POINT('',(28.8,-42.9,0.));
#1595 = VECTOR('',#1596,1.);
#1596 = DIRECTION('',(0.707106781187,0.707106781187,0.));
#1597 = PLANE('',#1598);
#1598 = AXIS2_PLACEMENT_3D('',#1599,#1600,#1601);
#1599 = CARTESIAN_POINT('',(28.8,-42.9,0.));
#1600 = DIRECTION('',(-0.707106781187,0.707106781187,0.));
#1601 = DIRECTION('',(0.707106781187,0.707106781187,0.));
#1602 = ADVANCED_FACE('',(#1603,#1646,#1657,#1668,#1679,#1690,#1701,
    #1712,#1723),#1734,.F.);
#1603 = FACE_BOUND('',#1604,.F.);
#1604 = EDGE_LOOP('',(#1605,#1606,#1607,#1615,#1623,#1631,#1639,#1645));
#1605 = ORIENTED_EDGE('',*,*,#1530,.T.);
#1606 = ORIENTED_EDGE('',*,*,#1592,.T.);
#1607 = ORIENTED_EDGE('',*,*,#1608,.T.);
#1608 = EDGE_CURVE('',#1585,#1609,#1611,.T.);
#1609 = VERTEX_POINT('',#1610);
#1610 = CARTESIAN_POINT('',(50.4,21.3,0.));
#1611 = LINE('',#1612,#1613);
#1612 = CARTESIAN_POINT('',(50.4,-21.3,0.));
#1613 = VECTOR('',#1614,1.);
#1614 = DIRECTION('',(0.,1.,0.));
#1615 = ORIENTED_EDGE('',*,*,#1616,.T.);
#1616 = EDGE_CURVE('',#1609,#1617,#1619,.T.);
#1617 = VERTEX_POINT('',#1618);
#1618 = CARTESIAN_POINT('',(28.8,42.9,0.));
#1619 = LINE('',#1620,#1621);
#1620 = CARTESIAN_POINT('',(50.4,21.3,0.));
#1621 = VECTOR('',#1622,1.);
#1622 = DIRECTION('',(-0.707106781187,0.707106781187,0.));
#1623 = ORIENTED_EDGE('',*,*,#1624,.T.);
#1624 = EDGE_CURVE('',#1617,#1625,#1627,.T.);
#1625 = VERTEX_POINT('',#1626);
#1626 = CARTESIAN_POINT('',(-28.8,42.9,0.));
#1627 = LINE('',#1628,#1629);
#1628 = CARTESIAN_POINT('',(28.8,42.9,0.));
#1629 = VECTOR('',#1630,1.);
#1630 = DIRECTION('',(-1.,0.,0.));
#1631 = ORIENTED_EDGE('',*,*,#1632,.T.);
#1632 = EDGE_CURVE('',#1625,#1633,#1635,.T.);
#1633 = VERTEX_POINT('',#1634);
#1634 = CARTESIAN_POINT('',(-50.4,21.3,0.));
#1635 = LINE('',#1636,#1637);
#1636 = CARTESIAN_POINT('',(-28.8,42.9,0.));
#1637 = VECTOR('',#1638,1.);
#1638 = DIRECTION('',(-0.707106781187,-0.707106781187,0.));
#1639 = ORIENTED_EDGE('',*,*,#1640,.T.);
#1640 = EDGE_CURVE('',#1633,#1545,#1641,.T.);
#1641 = LINE('',#1642,#1643);
#1642 = CARTESIAN_POINT('',(-50.4,21.3,0.));
#1643 = VECTOR('',#1644,1.);
#1644 = DIRECTION('',(0.,-1.,0.));
#1645 = ORIENTED_EDGE('',*,*,#1561,.T.);
#1646 = FACE_BOUND('',#1647,.F.);
#1647 = EDGE_LOOP('',(#1648));
#1648 = ORIENTED_EDGE('',*,*,#1649,.F.);
#1649 = EDGE_CURVE('',#1650,#1650,#1652,.T.);
#1650 = VERTEX_POINT('',#1651);
#1651 = CARTESIAN_POINT('',(-25.27005768508,-26.87005768508,0.));
#1652 = CIRCLE('',#1653,1.6);
#1653 = AXIS2_PLACEMENT_3D('',#1654,#1655,#1656);
#1654 = CARTESIAN_POINT('',(-26.87005768508,-26.87005768508,0.));
#1655 = DIRECTION('',(0.,0.,1.));
#1656 = DIRECTION('',(1.,0.,-0.));
#1657 = FACE_BOUND('',#1658,.F.);
#1658 = EDGE_LOOP('',(#1659));
#1659 = ORIENTED_EDGE('',*,*,#1660,.F.);
#1660 = EDGE_CURVE('',#1661,#1661,#1663,.T.);
#1661 = VERTEX_POINT('',#1662);
#1662 = CARTESIAN_POINT('',(-13.65,-15.25,0.));
#1663 = CIRCLE('',#1664,1.6);
#1664 = AXIS2_PLACEMENT_3D('',#1665,#1666,#1667);
#1665 = CARTESIAN_POINT('',(-15.25,-15.25,0.));
#1666 = DIRECTION('',(0.,0.,1.));
#1667 = DIRECTION('',(1.,0.,-0.));
#1668 = FACE_BOUND('',#1669,.F.);
#1669 = EDGE_LOOP('',(#1670));
#1670 = ORIENTED_EDGE('',*,*,#1671,.F.);
#1671 = EDGE_CURVE('',#1672,#1672,#1674,.T.);
#1672 = VERTEX_POINT('',#1673);
#1673 = CARTESIAN_POINT('',(28.470057685089,-26.87005768508,0.));
#1674 = CIRCLE('',#1675,1.6);
#1675 = AXIS2_PLACEMENT_3D('',#1676,#1677,#1678);
#1676 = CARTESIAN_POINT('',(26.870057685089,-26.87005768508,0.));
#1677 = DIRECTION('',(0.,0.,1.));
#1678 = DIRECTION('',(1.,0.,-0.));
#1679 = FACE_BOUND('',#1680,.F.);
#1680 = EDGE_LOOP('',(#1681));
#1681 = ORIENTED_EDGE('',*,*,#1682,.F.);
#1682 = EDGE_CURVE('',#1683,#1683,#1685,.T.);
#1683 = VERTEX_POINT('',#1684);
#1684 = CARTESIAN_POINT('',(16.85,-15.25,0.));
#1685 = CIRCLE('',#1686,1.6);
#1686 = AXIS2_PLACEMENT_3D('',#1687,#1688,#1689);
#1687 = CARTESIAN_POINT('',(15.25,-15.25,0.));
#1688 = DIRECTION('',(0.,0.,1.));
#1689 = DIRECTION('',(1.,0.,-0.));
#1690 = FACE_BOUND('',#1691,.F.);
#1691 = EDGE_LOOP('',(#1692));
#1692 = ORIENTED_EDGE('',*,*,#1693,.F.);
#1693 = EDGE_CURVE('',#1694,#1694,#1696,.T.);
#1694 = VERTEX_POINT('',#1695);
#1695 = CARTESIAN_POINT('',(-13.65,15.25,0.));
#1696 = CIRCLE('',#1697,1.6);
#1697 = AXIS2_PLACEMENT_3D('',#1698,#1699,#1700);
#1698 = CARTESIAN_POINT('',(-15.25,15.25,0.));
#1699 = DIRECTION('',(0.,0.,1.));
#1700 = DIRECTION('',(1.,0.,-0.));
#1701 = FACE_BOUND('',#1702,.F.);
#1702 = EDGE_LOOP('',(#1703));
#1703 = ORIENTED_EDGE('',*,*,#1704,.F.);
#1704 = EDGE_CURVE('',#1705,#1705,#1707,.T.);
#1705 = VERTEX_POINT('',#1706);
#1706 = CARTESIAN_POINT('',(-25.27005768508,26.870057685089,0.));
#1707 = CIRCLE('',#1708,1.6);
#1708 = AXIS2_PLACEMENT_3D('',#1709,#1710,#1711);
#1709 = CARTESIAN_POINT('',(-26.87005768508,26.870057685089,0.));
#1710 = DIRECTION('',(0.,0.,1.));
#1711 = DIRECTION('',(1.,0.,-0.));
#1712 = FACE_BOUND('',#1713,.F.);
#1713 = EDGE_LOOP('',(#1714));
#1714 = ORIENTED_EDGE('',*,*,#1715,.F.);
#1715 = EDGE_CURVE('',#1716,#1716,#1718,.T.);
#1716 = VERTEX_POINT('',#1717);
#1717 = CARTESIAN_POINT('',(16.85,15.25,0.));
#1718 = CIRCLE('',#1719,1.6);
#1719 = AXIS2_PLACEMENT_3D('',#1720,#1721,#1722);
#1720 = CARTESIAN_POINT('',(15.25,15.25,0.));
#1721 = DIRECTION('',(0.,0.,1.));
#1722 = DIRECTION('',(1.,0.,-0.));
#1723 = FACE_BOUND('',#1724,.F.);
#1724 = EDGE_LOOP('',(#1725));
#1725 = ORIENTED_EDGE('',*,*,#1726,.F.);
#1726 = EDGE_CURVE('',#1727,#1727,#1729,.T.);
#1727 = VERTEX_POINT('',#1728);
#1728 = CARTESIAN_POINT('',(28.470057685089,26.870057685089,0.));
#1729 = CIRCLE('',#1730,1.6);
#1730 = AXIS2_PLACEMENT_3D('',#1731,#1732,#1733);
#1731 = CARTESIAN_POINT('',(26.870057685089,26.870057685089,0.));
#1732 = DIRECTION('',(0.,0.,1.));
#1733 = DIRECTION('',(1.,0.,-0.));
#1734 = PLANE('',#1735);
#1735 = AXIS2_PLACEMENT_3D('',#1736,#1737,#1738);
#1736 = CARTESIAN_POINT('',(-2.64315828867E-15,3.52421105156E-16,0.));
#1737 = DIRECTION('',(0.,0.,1.));
#1738 = DIRECTION('',(1.,0.,-0.));
#1739 = ADVANCED_FACE('',(#1740,#1783,#1794,#1805,#1816,#1827,#1838,
    #1849,#1860),#1871,.T.);
#1740 = FACE_BOUND('',#1741,.T.);
#1741 = EDGE_LOOP('',(#1742,#1743,#1744,#1752,#1760,#1768,#1776,#1782));
#1742 = ORIENTED_EDGE('',*,*,#1514,.T.);
#1743 = ORIENTED_EDGE('',*,*,#1576,.T.);
#1744 = ORIENTED_EDGE('',*,*,#1745,.T.);
#1745 = EDGE_CURVE('',#1577,#1746,#1748,.T.);
#1746 = VERTEX_POINT('',#1747);
#1747 = CARTESIAN_POINT('',(50.4,21.3,1.5));
#1748 = LINE('',#1749,#1750);
#1749 = CARTESIAN_POINT('',(50.4,-21.3,1.5));
#1750 = VECTOR('',#1751,1.);
#1751 = DIRECTION('',(0.,1.,0.));
#1752 = ORIENTED_EDGE('',*,*,#1753,.T.);
#1753 = EDGE_CURVE('',#1746,#1754,#1756,.T.);
#1754 = VERTEX_POINT('',#1755);
#1755 = CARTESIAN_POINT('',(28.8,42.9,1.5));
#1756 = LINE('',#1757,#1758);
#1757 = CARTESIAN_POINT('',(50.4,21.3,1.5));
#1758 = VECTOR('',#1759,1.);
#1759 = DIRECTION('',(-0.707106781187,0.707106781187,0.));
#1760 = ORIENTED_EDGE('',*,*,#1761,.T.);
#1761 = EDGE_CURVE('',#1754,#1762,#1764,.T.);
#1762 = VERTEX_POINT('',#1763);
#1763 = CARTESIAN_POINT('',(-28.8,42.9,1.5));
#1764 = LINE('',#1765,#1766);
#1765 = CARTESIAN_POINT('',(28.8,42.9,1.5));
#1766 = VECTOR('',#1767,1.);
#1767 = DIRECTION('',(-1.,0.,0.));
#1768 = ORIENTED_EDGE('',*,*,#1769,.T.);
#1769 = EDGE_CURVE('',#1762,#1770,#1772,.T.);
#1770 = VERTEX_POINT('',#1771);
#1771 = CARTESIAN_POINT('',(-50.4,21.3,1.5));
#1772 = LINE('',#1773,#1774);
#1773 = CARTESIAN_POINT('',(-28.8,42.9,1.5));
#1774 = VECTOR('',#1775,1.);
#1775 = DIRECTION('',(-0.707106781187,-0.707106781187,0.));
#1776 = ORIENTED_EDGE('',*,*,#1777,.T.);
#1777 = EDGE_CURVE('',#1770,#1547,#1778,.T.);
#1778 = LINE('',#1779,#1780);
#1779 = CARTESIAN_POINT('',(-50.4,21.3,1.5));
#1780 = VECTOR('',#1781,1.);
#1781 = DIRECTION('',(0.,-1.,0.));
#1782 = ORIENTED_EDGE('',*,*,#1554,.T.);
#1783 = FACE_BOUND('',#1784,.T.);
#1784 = EDGE_LOOP('',(#1785));
#1785 = ORIENTED_EDGE('',*,*,#1786,.F.);
#1786 = EDGE_CURVE('',#1787,#1787,#1789,.T.);
#1787 = VERTEX_POINT('',#1788);
#1788 = CARTESIAN_POINT('',(-25.27005768508,-26.87005768508,1.5));
#1789 = CIRCLE('',#1790,1.6);
#1790 = AXIS2_PLACEMENT_3D('',#1791,#1792,#1793);
#1791 = CARTESIAN_POINT('',(-26.87005768508,-26.87005768508,1.5));
#1792 = DIRECTION('',(0.,0.,1.));
#1793 = DIRECTION('',(1.,0.,-0.));
#1794 = FACE_BOUND('',#1795,.T.);
#1795 = EDGE_LOOP('',(#1796));
#1796 = ORIENTED_EDGE('',*,*,#1797,.F.);
#1797 = EDGE_CURVE('',#1798,#1798,#1800,.T.);
#1798 = VERTEX_POINT('',#1799);
#1799 = CARTESIAN_POINT('',(-13.65,-15.25,1.5));
#1800 = CIRCLE('',#1801,1.6);
#1801 = AXIS2_PLACEMENT_3D('',#1802,#1803,#1804);
#1802 = CARTESIAN_POINT('',(-15.25,-15.25,1.5));
#1803 = DIRECTION('',(0.,0.,1.));
#1804 = DIRECTION('',(1.,0.,-0.));
#1805 = FACE_BOUND('',#1806,.T.);
#1806 = EDGE_LOOP('',(#1807));
#1807 = ORIENTED_EDGE('',*,*,#1808,.F.);
#1808 = EDGE_CURVE('',#1809,#1809,#1811,.T.);
#1809 = VERTEX_POINT('',#1810);
#1810 = CARTESIAN_POINT('',(28.470057685089,-26.87005768508,1.5));
#1811 = CIRCLE('',#1812,1.6);
#1812 = AXIS2_PLACEMENT_3D('',#1813,#1814,#1815);
#1813 = CARTESIAN_POINT('',(26.870057685089,-26.87005768508,1.5));
#1814 = DIRECTION('',(0.,0.,1.));
#1815 = DIRECTION('',(1.,0.,-0.));
#1816 = FACE_BOUND('',#1817,.T.);
#1817 = EDGE_LOOP('',(#1818));
#1818 = ORIENTED_EDGE('',*,*,#1819,.F.);
#1819 = EDGE_CURVE('',#1820,#1820,#1822,.T.);
#1820 = VERTEX_POINT('',#1821);
#1821 = CARTESIAN_POINT('',(16.85,-15.25,1.5));
#1822 = CIRCLE('',#1823,1.6);
#1823 = AXIS2_PLACEMENT_3D('',#1824,#1825,#1826);
#1824 = CARTESIAN_POINT('',(15.25,-15.25,1.5));
#1825 = DIRECTION('',(0.,0.,1.));
#1826 = DIRECTION('',(1.,0.,-0.));
#1827 = FACE_BOUND('',#1828,.T.);
#1828 = EDGE_LOOP('',(#1829));
#1829 = ORIENTED_EDGE('',*,*,#1830,.F.);
#1830 = EDGE_CURVE('',#1831,#1831,#1833,.T.);
#1831 = VERTEX_POINT('',#1832);
#1832 = CARTESIAN_POINT('',(-13.65,15.25,1.5));
#1833 = CIRCLE('',#1834,1.6);
#1834 = AXIS2_PLACEMENT_3D('',#1835,#1836,#1837);
#1835 = CARTESIAN_POINT('',(-15.25,15.25,1.5));
#1836 = DIRECTION('',(0.,0.,1.));
#1837 = DIRECTION('',(1.,0.,-0.));
#1838 = FACE_BOUND('',#1839,.T.);
#1839 = EDGE_LOOP('',(#1840));
#1840 = ORIENTED_EDGE('',*,*,#1841,.F.);
#1841 = EDGE_CURVE('',#1842,#1842,#1844,.T.);
#1842 = VERTEX_POINT('',#1843);
#1843 = CARTESIAN_POINT('',(-25.27005768508,26.870057685089,1.5));
#1844 = CIRCLE('',#1845,1.6);
#1845 = AXIS2_PLACEMENT_3D('',#1846,#1847,#1848);
#1846 = CARTESIAN_POINT('',(-26.87005768508,26.870057685089,1.5));
#1847 = DIRECTION('',(0.,0.,1.));
#1848 = DIRECTION('',(1.,0.,-0.));
#1849 = FACE_BOUND('',#1850,.T.);
#1850 = EDGE_LOOP('',(#1851));
#1851 = ORIENTED_EDGE('',*,*,#1852,.F.);
#1852 = EDGE_CURVE('',#1853,#1853,#1855,.T.);
#1853 = VERTEX_POINT('',#1854);
#1854 = CARTESIAN_POINT('',(16.85,15.25,1.5));
#1855 = CIRCLE('',#1856,1.6);
#1856 = AXIS2_PLACEMENT_3D('',#1857,#1858,#1859);
#1857 = CARTESIAN_POINT('',(15.25,15.25,1.5));
#1858 = DIRECTION('',(0.,0.,1.));
#1859 = DIRECTION('',(1.,0.,-0.));
#1860 = FACE_BOUND('',#1861,.T.);
#1861 = EDGE_LOOP('',(#1862));
#1862 = ORIENTED_EDGE('',*,*,#1863,.F.);
#1863 = EDGE_CURVE('',#1864,#1864,#1866,.T.);
#1864 = VERTEX_POINT('',#1865);
#1865 = CARTESIAN_POINT('',(28.470057685089,26.870057685089,1.5));
#1866 = CIRCLE('',#1867,1.6);
#1867 = AXIS2_PLACEMENT_3D('',#1868,#1869,#1870);
#1868 = CARTESIAN_POINT('',(26.870057685089,26.870057685089,1.5));
#1869 = DIRECTION('',(0.,0.,1.));
#1870 = DIRECTION('',(1.,0.,-0.));
#1871 = PLANE('',#1872);
#1872 = AXIS2_PLACEMENT_3D('',#1873,#1874,#1875);
#1873 = CARTESIAN_POINT('',(-2.64315828867E-15,3.52421105156E-16,1.5));
#1874 = DIRECTION('',(0.,0.,1.));
#1875 = DIRECTION('',(1.,0.,-0.));
#1876 = ADVANCED_FACE('',(#1877),#1888,.F.);
#1877 = FACE_BOUND('',#1878,.F.);
#1878 = EDGE_LOOP('',(#1879,#1885,#1886,#1887));
#1879 = ORIENTED_EDGE('',*,*,#1880,.T.);
#1880 = EDGE_CURVE('',#1633,#1770,#1881,.T.);
#1881 = LINE('',#1882,#1883);
#1882 = CARTESIAN_POINT('',(-50.4,21.3,0.));
#1883 = VECTOR('',#1884,1.);
#1884 = DIRECTION('',(0.,0.,1.));
#1885 = ORIENTED_EDGE('',*,*,#1777,.T.);
#1886 = ORIENTED_EDGE('',*,*,#1544,.F.);
#1887 = ORIENTED_EDGE('',*,*,#1640,.F.);
#1888 = PLANE('',#1889);
#1889 = AXIS2_PLACEMENT_3D('',#1890,#1891,#1892);
#1890 = CARTESIAN_POINT('',(-50.4,21.3,0.));
#1891 = DIRECTION('',(1.,0.,-0.));
#1892 = DIRECTION('',(0.,-1.,0.));
#1893 = ADVANCED_FACE('',(#1894),#1905,.F.);
#1894 = FACE_BOUND('',#1895,.F.);
#1895 = EDGE_LOOP('',(#1896,#1897,#1898,#1904));
#1896 = ORIENTED_EDGE('',*,*,#1584,.T.);
#1897 = ORIENTED_EDGE('',*,*,#1745,.T.);
#1898 = ORIENTED_EDGE('',*,*,#1899,.F.);
#1899 = EDGE_CURVE('',#1609,#1746,#1900,.T.);
#1900 = LINE('',#1901,#1902);
#1901 = CARTESIAN_POINT('',(50.4,21.3,0.));
#1902 = VECTOR('',#1903,1.);
#1903 = DIRECTION('',(0.,0.,1.));
#1904 = ORIENTED_EDGE('',*,*,#1608,.F.);
#1905 = PLANE('',#1906);
#1906 = AXIS2_PLACEMENT_3D('',#1907,#1908,#1909);
#1907 = CARTESIAN_POINT('',(50.4,-21.3,0.));
#1908 = DIRECTION('',(-1.,0.,0.));
#1909 = DIRECTION('',(0.,1.,0.));
#1910 = ADVANCED_FACE('',(#1911),#1922,.F.);
#1911 = FACE_BOUND('',#1912,.F.);
#1912 = EDGE_LOOP('',(#1913,#1919,#1920,#1921));
#1913 = ORIENTED_EDGE('',*,*,#1914,.T.);
#1914 = EDGE_CURVE('',#1625,#1762,#1915,.T.);
#1915 = LINE('',#1916,#1917);
#1916 = CARTESIAN_POINT('',(-28.8,42.9,0.));
#1917 = VECTOR('',#1918,1.);
#1918 = DIRECTION('',(0.,0.,1.));
#1919 = ORIENTED_EDGE('',*,*,#1769,.T.);
#1920 = ORIENTED_EDGE('',*,*,#1880,.F.);
#1921 = ORIENTED_EDGE('',*,*,#1632,.F.);
#1922 = PLANE('',#1923);
#1923 = AXIS2_PLACEMENT_3D('',#1924,#1925,#1926);
#1924 = CARTESIAN_POINT('',(-28.8,42.9,0.));
#1925 = DIRECTION('',(0.707106781187,-0.707106781187,0.));
#1926 = DIRECTION('',(-0.707106781187,-0.707106781187,0.));
#1927 = ADVANCED_FACE('',(#1928),#1939,.F.);
#1928 = FACE_BOUND('',#1929,.F.);
#1929 = EDGE_LOOP('',(#1930,#1931,#1932,#1938));
#1930 = ORIENTED_EDGE('',*,*,#1899,.T.);
#1931 = ORIENTED_EDGE('',*,*,#1753,.T.);
#1932 = ORIENTED_EDGE('',*,*,#1933,.F.);
#1933 = EDGE_CURVE('',#1617,#1754,#1934,.T.);
#1934 = LINE('',#1935,#1936);
#1935 = CARTESIAN_POINT('',(28.8,42.9,0.));
#1936 = VECTOR('',#1937,1.);
#1937 = DIRECTION('',(0.,0.,1.));
#1938 = ORIENTED_EDGE('',*,*,#1616,.F.);
#1939 = PLANE('',#1940);
#1940 = AXIS2_PLACEMENT_3D('',#1941,#1942,#1943);
#1941 = CARTESIAN_POINT('',(50.4,21.3,0.));
#1942 = DIRECTION('',(-0.707106781187,-0.707106781187,0.));
#1943 = DIRECTION('',(-0.707106781187,0.707106781187,0.));
#1944 = ADVANCED_FACE('',(#1945),#1951,.F.);
#1945 = FACE_BOUND('',#1946,.F.);
#1946 = EDGE_LOOP('',(#1947,#1948,#1949,#1950));
#1947 = ORIENTED_EDGE('',*,*,#1933,.T.);
#1948 = ORIENTED_EDGE('',*,*,#1761,.T.);
#1949 = ORIENTED_EDGE('',*,*,#1914,.F.);
#1950 = ORIENTED_EDGE('',*,*,#1624,.F.);
#1951 = PLANE('',#1952);
#1952 = AXIS2_PLACEMENT_3D('',#1953,#1954,#1955);
#1953 = CARTESIAN_POINT('',(28.8,42.9,0.));
#1954 = DIRECTION('',(0.,-1.,0.));
#1955 = DIRECTION('',(-1.,0.,0.));
#1956 = ADVANCED_FACE('',(#1957),#1968,.F.);
#1957 = FACE_BOUND('',#1958,.F.);
#1958 = EDGE_LOOP('',(#1959,#1960,#1966,#1967));
#1959 = ORIENTED_EDGE('',*,*,#1786,.F.);
#1960 = ORIENTED_EDGE('',*,*,#1961,.F.);
#1961 = EDGE_CURVE('',#1650,#1787,#1962,.T.);
#1962 = LINE('',#1963,#1964);
#1963 = CARTESIAN_POINT('',(-25.27005768508,-26.87005768508,-1.));
#1964 = VECTOR('',#1965,1.);
#1965 = DIRECTION('',(0.,0.,1.));
#1966 = ORIENTED_EDGE('',*,*,#1649,.T.);
#1967 = ORIENTED_EDGE('',*,*,#1961,.T.);
#1968 = CYLINDRICAL_SURFACE('',#1969,1.6);
#1969 = AXIS2_PLACEMENT_3D('',#1970,#1971,#1972);
#1970 = CARTESIAN_POINT('',(-26.87005768508,-26.87005768508,-1.));
#1971 = DIRECTION('',(0.,0.,1.));
#1972 = DIRECTION('',(1.,0.,-0.));
#1973 = ADVANCED_FACE('',(#1974),#1985,.F.);
#1974 = FACE_BOUND('',#1975,.F.);
#1975 = EDGE_LOOP('',(#1976,#1977,#1983,#1984));
#1976 = ORIENTED_EDGE('',*,*,#1797,.F.);
#1977 = ORIENTED_EDGE('',*,*,#1978,.F.);
#1978 = EDGE_CURVE('',#1661,#1798,#1979,.T.);
#1979 = LINE('',#1980,#1981);
#1980 = CARTESIAN_POINT('',(-13.65,-15.25,-1.));
#1981 = VECTOR('',#1982,1.);
#1982 = DIRECTION('',(0.,0.,1.));
#1983 = ORIENTED_EDGE('',*,*,#1660,.T.);
#1984 = ORIENTED_EDGE('',*,*,#1978,.T.);
#1985 = CYLINDRICAL_SURFACE('',#1986,1.6);
#1986 = AXIS2_PLACEMENT_3D('',#1987,#1988,#1989);
#1987 = CARTESIAN_POINT('',(-15.25,-15.25,-1.));
#1988 = DIRECTION('',(0.,0.,1.));
#1989 = DIRECTION('',(1.,0.,-0.));
#1990 = ADVANCED_FACE('',(#1991),#2002,.F.);
#1991 = FACE_BOUND('',#1992,.F.);
#1992 = EDGE_LOOP('',(#1993,#1994,#2000,#2001));
#1993 = ORIENTED_EDGE('',*,*,#1808,.F.);
#1994 = ORIENTED_EDGE('',*,*,#1995,.F.);
#1995 = EDGE_CURVE('',#1672,#1809,#1996,.T.);
#1996 = LINE('',#1997,#1998);
#1997 = CARTESIAN_POINT('',(28.470057685089,-26.87005768508,-1.));
#1998 = VECTOR('',#1999,1.);
#1999 = DIRECTION('',(0.,0.,1.));
#2000 = ORIENTED_EDGE('',*,*,#1671,.T.);
#2001 = ORIENTED_EDGE('',*,*,#1995,.T.);
#2002 = CYLINDRICAL_SURFACE('',#2003,1.6);
#2003 = AXIS2_PLACEMENT_3D('',#2004,#2005,#2006);
#2004 = CARTESIAN_POINT('',(26.870057685089,-26.87005768508,-1.));
#2005 = DIRECTION('',(0.,0.,1.));
#2006 = DIRECTION('',(1.,0.,-0.));
#2007 = ADVANCED_FACE('',(#2008),#2019,.F.);
#2008 = FACE_BOUND('',#2009,.F.);
#2009 = EDGE_LOOP('',(#2010,#2011,#2017,#2018));
#2010 = ORIENTED_EDGE('',*,*,#1819,.F.);
#2011 = ORIENTED_EDGE('',*,*,#2012,.F.);
#2012 = EDGE_CURVE('',#1683,#1820,#2013,.T.);
#2013 = LINE('',#2014,#2015);
#2014 = CARTESIAN_POINT('',(16.85,-15.25,-1.));
#2015 = VECTOR('',#2016,1.);
#2016 = DIRECTION('',(0.,0.,1.));
#2017 = ORIENTED_EDGE('',*,*,#1682,.T.);
#2018 = ORIENTED_EDGE('',*,*,#2012,.T.);
#2019 = CYLINDRICAL_SURFACE('',#2020,1.6);
#2020 = AXIS2_PLACEMENT_3D('',#2021,#2022,#2023);
#2021 = CARTESIAN_POINT('',(15.25,-15.25,-1.));
#2022 = DIRECTION('',(0.,0.,1.));
#2023 = DIRECTION('',(1.,0.,-0.));
#2024 = ADVANCED_FACE('',(#2025),#2036,.F.);
#2025 = FACE_BOUND('',#2026,.F.);
#2026 = EDGE_LOOP('',(#2027,#2028,#2034,#2035));
#2027 = ORIENTED_EDGE('',*,*,#1830,.F.);
#2028 = ORIENTED_EDGE('',*,*,#2029,.F.);
#2029 = EDGE_CURVE('',#1694,#1831,#2030,.T.);
#2030 = LINE('',#2031,#2032);
#2031 = CARTESIAN_POINT('',(-13.65,15.25,-1.));
#2032 = VECTOR('',#2033,1.);
#2033 = DIRECTION('',(0.,0.,1.));
#2034 = ORIENTED_EDGE('',*,*,#1693,.T.);
#2035 = ORIENTED_EDGE('',*,*,#2029,.T.);
#2036 = CYLINDRICAL_SURFACE('',#2037,1.6);
#2037 = AXIS2_PLACEMENT_3D('',#2038,#2039,#2040);
#2038 = CARTESIAN_POINT('',(-15.25,15.25,-1.));
#2039 = DIRECTION('',(0.,0.,1.));
#2040 = DIRECTION('',(1.,0.,-0.));
#2041 = ADVANCED_FACE('',(#2042),#2053,.F.);
#2042 = FACE_BOUND('',#2043,.F.);
#2043 = EDGE_LOOP('',(#2044,#2045,#2051,#2052));
#2044 = ORIENTED_EDGE('',*,*,#1841,.F.);
#2045 = ORIENTED_EDGE('',*,*,#2046,.F.);
#2046 = EDGE_CURVE('',#1705,#1842,#2047,.T.);
#2047 = LINE('',#2048,#2049);
#2048 = CARTESIAN_POINT('',(-25.27005768508,26.870057685089,-1.));
#2049 = VECTOR('',#2050,1.);
#2050 = DIRECTION('',(0.,0.,1.));
#2051 = ORIENTED_EDGE('',*,*,#1704,.T.);
#2052 = ORIENTED_EDGE('',*,*,#2046,.T.);
#2053 = CYLINDRICAL_SURFACE('',#2054,1.6);
#2054 = AXIS2_PLACEMENT_3D('',#2055,#2056,#2057);
#2055 = CARTESIAN_POINT('',(-26.87005768508,26.870057685089,-1.));
#2056 = DIRECTION('',(0.,0.,1.));
#2057 = DIRECTION('',(1.,0.,-0.));
#2058 = ADVANCED_FACE('',(#2059),#2070,.F.);
#2059 = FACE_BOUND('',#2060,.F.);
#2060 = EDGE_LOOP('',(#2061,#2062,#2068,#2069));
#2061 = ORIENTED_EDGE('',*,*,#1852,.F.);
#2062 = ORIENTED_EDGE('',*,*,#2063,.F.);
#2063 = EDGE_CURVE('',#1716,#1853,#2064,.T.);
#2064 = LINE('',#2065,#2066);
#2065 = CARTESIAN_POINT('',(16.85,15.25,-1.));
#2066 = VECTOR('',#2067,1.);
#2067 = DIRECTION('',(0.,0.,1.));
#2068 = ORIENTED_EDGE('',*,*,#1715,.T.);
#2069 = ORIENTED_EDGE('',*,*,#2063,.T.);
#2070 = CYLINDRICAL_SURFACE('',#2071,1.6);
#2071 = AXIS2_PLACEMENT_3D('',#2072,#2073,#2074);
#2072 = CARTESIAN_POINT('',(15.25,15.25,-1.));
#2073 = DIRECTION('',(0.,0.,1.));
#2074 = DIRECTION('',(1.,0.,-0.));
#2075 = ADVANCED_FACE('',(#2076),#2087,.F.);
#2076 = FACE_BOUND('',#2077,.F.);
#2077 = EDGE_LOOP('',(#2078,#2079,#2085,#2086));
#2078 = ORIENTED_EDGE('',*,*,#1863,.F.);
#2079 = ORIENTED_EDGE('',*,*,#2080,.F.);
#2080 = EDGE_CURVE('',#1727,#1864,#2081,.T.);
#2081 = LINE('',#2082,#2083);
#2082 = CARTESIAN_POINT('',(28.470057685089,26.870057685089,-1.));
#2083 = VECTOR('',#2084,1.);
#2084 = DIRECTION('',(0.,0.,1.));
#2085 = ORIENTED_EDGE('',*,*,#1726,.T.);
#2086 = ORIENTED_EDGE('',*,*,#2080,.T.);
#2087 = CYLINDRICAL_SURFACE('',#2088,1.6);
#2088 = AXIS2_PLACEMENT_3D('',#2089,#2090,#2091);
#2089 = CARTESIAN_POINT('',(26.870057685089,26.870057685089,-1.));
#2090 = DIRECTION('',(0.,0.,1.));
#2091 = DIRECTION('',(1.,0.,-0.));
#2092 = ( GEOMETRIC_REPRESENTATION_CONTEXT(3) 
GLOBAL_UNCERTAINTY_ASSIGNED_CONTEXT((#2096)) 
GLOBAL_UNIT_ASSIGNED_CONTEXT((#2093,#2094,#2095)) REPRESENTATION_CONTEXT
('Context #1','3D Context with UNIT and UNCERTAINTY') );
#2093 = ( LENGTH_UNIT() NAMED_UNIT(*) SI_UNIT(.MILLI.,.METRE.) );
#2094 = ( NAMED_UNIT(*) PLANE_ANGLE_UNIT() SI_UNIT($,.RADIAN.) );
#2095 = ( NAMED_UNIT(*) SI_UNIT($,.STERADIAN.) SOLID_ANGLE_UNIT() );
#2096 = UNCERTAINTY_MEASURE_WITH_UNIT(LENGTH_MEASURE(1.E-07),#2093,
  'distance_accuracy_value','confusion accuracy');
#2097 = CONTEXT_DEPENDENT_SHAPE_REPRESENTATION(#2098,#2100);
#2098 = ( REPRESENTATION_RELATIONSHIP('','',#1497,#10) 
REPRESENTATION_RELATIONSHIP_WITH_TRANSFORMATION(#2099) 
SHAPE_REPRESENTATION_RELATIONSHIP() );
#2099 = ITEM_DEFINED_TRANSFORMATION('','',#11,#19);
#2100 = PRODUCT_DEFINITION_SHAPE('Placement','Placement of an item',
  #2101);
#2101 = NEXT_ASSEMBLY_USAGE_OCCURRENCE('2','top_plate','',#5,#1492,$);
#2102 = PRODUCT_RELATED_PRODUCT_CATEGORY('part',$,(#1494));
#2103 = SHAPE_DEFINITION_REPRESENTATION(#2104,#2110);
#2104 = PRODUCT_DEFINITION_SHAPE('','',#2105);
#2105 = PRODUCT_DEFINITION('design','',#2106,#2109);
#2106 = PRODUCT_DEFINITION_FORMATION('','',#2107);
#2107 = PRODUCT('arm_1','arm_1','',(#2108));
#2108 = PRODUCT_CONTEXT('',#2,'mechanical');
#2109 = PRODUCT_DEFINITION_CONTEXT('part definition',#2,'design');
#2110 = ADVANCED_BREP_SHAPE_REPRESENTATION('',(#11,#2111),#3123);
#2111 = MANIFOLD_SOLID_BREP('',#2112);
#2112 = CLOSED_SHELL('',(#2113,#2147,#2202,#2218,#2249,#2360,#2391,#2416
    ,#2441,#2459,#2498,#2531,#2666,#2711,#2756,#2801,#2846,#2891,#2916,
    #2934,#2949,#2960,#3013,#3072,#3089,#3106));
#2113 = ADVANCED_FACE('',(#2114),#2142,.T.);
#2114 = FACE_BOUND('',#2115,.T.);
#2115 = EDGE_LOOP('',(#2116,#2127,#2135));
#2116 = ORIENTED_EDGE('',*,*,#2117,.T.);
#2117 = EDGE_CURVE('',#2118,#2120,#2122,.T.);
#2118 = VERTEX_POINT('',#2119);
#2119 = CARTESIAN_POINT('',(36.,-1.959434878636E-15,2.));
#2120 = VERTEX_POINT('',#2121);
#2121 = CARTESIAN_POINT('',(28.,8.,2.));
#2122 = CIRCLE('',#2123,8.);
#2123 = AXIS2_PLACEMENT_3D('',#2124,#2125,#2126);
#2124 = CARTESIAN_POINT('',(28.,0.,2.));
#2125 = DIRECTION('',(0.,0.,1.));
#2126 = DIRECTION('',(1.,0.,-0.));
#2127 = ORIENTED_EDGE('',*,*,#2128,.F.);
#2128 = EDGE_CURVE('',#2129,#2120,#2131,.T.);
#2129 = VERTEX_POINT('',#2130);
#2130 = CARTESIAN_POINT('',(28.,-8.,2.));
#2131 = LINE('',#2132,#2133);
#2132 = CARTESIAN_POINT('',(28.,-8.,2.));
#2133 = VECTOR('',#2134,1.);
#2134 = DIRECTION('',(-0.,1.,0.));
#2135 = ORIENTED_EDGE('',*,*,#2136,.T.);
#2136 = EDGE_CURVE('',#2129,#2118,#2137,.T.);
#2137 = CIRCLE('',#2138,8.);
#2138 = AXIS2_PLACEMENT_3D('',#2139,#2140,#2141);
#2139 = CARTESIAN_POINT('',(28.,0.,2.));
#2140 = DIRECTION('',(0.,0.,1.));
#2141 = DIRECTION('',(1.,0.,-0.));
#2142 = PLANE('',#2143);
#2143 = AXIS2_PLACEMENT_3D('',#2144,#2145,#2146);
#2144 = CARTESIAN_POINT('',(28.,-8.,2.));
#2145 = DIRECTION('',(0.,0.,1.));
#2146 = DIRECTION('',(1.,0.,-0.));
#2147 = ADVANCED_FACE('',(#2148,#2175,#2186),#2197,.T.);
#2148 = FACE_BOUND('',#2149,.T.);
#2149 = EDGE_LOOP('',(#2150,#2158,#2159,#2160,#2168));
#2150 = ORIENTED_EDGE('',*,*,#2151,.F.);
#2151 = EDGE_CURVE('',#2120,#2152,#2154,.T.);
#2152 = VERTEX_POINT('',#2153);
#2153 = CARTESIAN_POINT('',(158.8754845034,8.,2.));
#2154 = LINE('',#2155,#2156);
#2155 = CARTESIAN_POINT('',(28.,8.,2.));
#2156 = VECTOR('',#2157,1.);
#2157 = DIRECTION('',(1.,0.,-0.));
#2158 = ORIENTED_EDGE('',*,*,#2117,.F.);
#2159 = ORIENTED_EDGE('',*,*,#2136,.F.);
#2160 = ORIENTED_EDGE('',*,*,#2161,.T.);
#2161 = EDGE_CURVE('',#2129,#2162,#2164,.T.);
#2162 = VERTEX_POINT('',#2163);
#2163 = CARTESIAN_POINT('',(158.8754845034,-8.,2.));
#2164 = LINE('',#2165,#2166);
#2165 = CARTESIAN_POINT('',(28.,-8.,2.));
#2166 = VECTOR('',#2167,1.);
#2167 = DIRECTION('',(1.,0.,-0.));
#2168 = ORIENTED_EDGE('',*,*,#2169,.F.);
#2169 = EDGE_CURVE('',#2152,#2162,#2170,.T.);
#2170 = CIRCLE('',#2171,18.);
#2171 = AXIS2_PLACEMENT_3D('',#2172,#2173,#2174);
#2172 = CARTESIAN_POINT('',(175.,0.,2.));
#2173 = DIRECTION('',(0.,0.,1.));
#2174 = DIRECTION('',(1.,0.,-0.));
#2175 = FACE_BOUND('',#2176,.T.);
#2176 = EDGE_LOOP('',(#2177));
#2177 = ORIENTED_EDGE('',*,*,#2178,.F.);
#2178 = EDGE_CURVE('',#2179,#2179,#2181,.T.);
#2179 = VERTEX_POINT('',#2180);
#2180 = CARTESIAN_POINT('',(39.6,-3.918869757272E-16,2.));
#2181 = CIRCLE('',#2182,1.6);
#2182 = AXIS2_PLACEMENT_3D('',#2183,#2184,#2185);
#2183 = CARTESIAN_POINT('',(38.,0.,2.));
#2184 = DIRECTION('',(0.,0.,1.));
#2185 = DIRECTION('',(1.,0.,-0.));
#2186 = FACE_BOUND('',#2187,.T.);
#2187 = EDGE_LOOP('',(#2188));
#2188 = ORIENTED_EDGE('',*,*,#2189,.F.);
#2189 = EDGE_CURVE('',#2190,#2190,#2192,.T.);
#2190 = VERTEX_POINT('',#2191);
#2191 = CARTESIAN_POINT('',(59.6,-3.918869757272E-16,2.));
#2192 = CIRCLE('',#2193,1.6);
#2193 = AXIS2_PLACEMENT_3D('',#2194,#2195,#2196);
#2194 = CARTESIAN_POINT('',(58.,0.,2.));
#2195 = DIRECTION('',(0.,0.,1.));
#2196 = DIRECTION('',(1.,0.,-0.));
#2197 = PLANE('',#2198);
#2198 = AXIS2_PLACEMENT_3D('',#2199,#2200,#2201);
#2199 = CARTESIAN_POINT('',(28.,-8.,2.));
#2200 = DIRECTION('',(0.,0.,1.));
#2201 = DIRECTION('',(1.,0.,-0.));
#2202 = ADVANCED_FACE('',(#2203),#2213,.T.);
#2203 = FACE_BOUND('',#2204,.T.);
#2204 = EDGE_LOOP('',(#2205,#2206));
#2205 = ORIENTED_EDGE('',*,*,#2128,.T.);
#2206 = ORIENTED_EDGE('',*,*,#2207,.T.);
#2207 = EDGE_CURVE('',#2120,#2129,#2208,.T.);
#2208 = CIRCLE('',#2209,8.);
#2209 = AXIS2_PLACEMENT_3D('',#2210,#2211,#2212);
#2210 = CARTESIAN_POINT('',(28.,0.,2.));
#2211 = DIRECTION('',(0.,0.,1.));
#2212 = DIRECTION('',(1.,0.,-0.));
#2213 = PLANE('',#2214);
#2214 = AXIS2_PLACEMENT_3D('',#2215,#2216,#2217);
#2215 = CARTESIAN_POINT('',(28.,0.,2.));
#2216 = DIRECTION('',(0.,0.,1.));
#2217 = DIRECTION('',(1.,0.,-0.));
#2218 = ADVANCED_FACE('',(#2219),#2244,.T.);
#2219 = FACE_BOUND('',#2220,.T.);
#2220 = EDGE_LOOP('',(#2221,#2231,#2237,#2238));
#2221 = ORIENTED_EDGE('',*,*,#2222,.F.);
#2222 = EDGE_CURVE('',#2223,#2225,#2227,.T.);
#2223 = VERTEX_POINT('',#2224);
#2224 = CARTESIAN_POINT('',(28.,8.,0.));
#2225 = VERTEX_POINT('',#2226);
#2226 = CARTESIAN_POINT('',(158.8754845034,8.,0.));
#2227 = LINE('',#2228,#2229);
#2228 = CARTESIAN_POINT('',(28.,8.,0.));
#2229 = VECTOR('',#2230,1.);
#2230 = DIRECTION('',(1.,0.,-0.));
#2231 = ORIENTED_EDGE('',*,*,#2232,.T.);
#2232 = EDGE_CURVE('',#2223,#2120,#2233,.T.);
#2233 = LINE('',#2234,#2235);
#2234 = CARTESIAN_POINT('',(28.,8.,0.));
#2235 = VECTOR('',#2236,1.);
#2236 = DIRECTION('',(0.,0.,1.));
#2237 = ORIENTED_EDGE('',*,*,#2151,.T.);
#2238 = ORIENTED_EDGE('',*,*,#2239,.F.);
#2239 = EDGE_CURVE('',#2225,#2152,#2240,.T.);
#2240 = LINE('',#2241,#2242);
#2241 = CARTESIAN_POINT('',(158.8754845034,8.,0.));
#2242 = VECTOR('',#2243,1.);
#2243 = DIRECTION('',(0.,0.,1.));
#2244 = PLANE('',#2245);
#2245 = AXIS2_PLACEMENT_3D('',#2246,#2247,#2248);
#2246 = CARTESIAN_POINT('',(28.,8.,0.));
#2247 = DIRECTION('',(-0.,1.,0.));
#2248 = DIRECTION('',(0.,0.,1.));
#2249 = ADVANCED_FACE('',(#2250,#2344),#2355,.T.);
#2250 = FACE_BOUND('',#2251,.T.);
#2251 = EDGE_LOOP('',(#2252,#2260,#2261,#2269,#2278,#2286,#2295,#2303,
    #2312,#2320,#2329,#2337));
#2252 = ORIENTED_EDGE('',*,*,#2253,.F.);
#2253 = EDGE_CURVE('',#2152,#2254,#2256,.T.);
#2254 = VERTEX_POINT('',#2255);
#2255 = CARTESIAN_POINT('',(164.94322356371,8.,2.));
#2256 = LINE('',#2257,#2258);
#2257 = CARTESIAN_POINT('',(28.,8.,2.));
#2258 = VECTOR('',#2259,1.);
#2259 = DIRECTION('',(1.,0.,-0.));
#2260 = ORIENTED_EDGE('',*,*,#2169,.T.);
#2261 = ORIENTED_EDGE('',*,*,#2262,.T.);
#2262 = EDGE_CURVE('',#2162,#2263,#2265,.T.);
#2263 = VERTEX_POINT('',#2264);
#2264 = CARTESIAN_POINT('',(164.94322356371,-8.,2.));
#2265 = LINE('',#2266,#2267);
#2266 = CARTESIAN_POINT('',(28.,-8.,2.));
#2267 = VECTOR('',#2268,1.);
#2268 = DIRECTION('',(1.,0.,-0.));
#2269 = ORIENTED_EDGE('',*,*,#2270,.F.);
#2270 = EDGE_CURVE('',#2271,#2263,#2273,.T.);
#2271 = VERTEX_POINT('',#2272);
#2272 = CARTESIAN_POINT('',(166.05677643628,-8.,2.));
#2273 = CIRCLE('',#2274,1.6);
#2274 = AXIS2_PLACEMENT_3D('',#2275,#2276,#2277);
#2275 = CARTESIAN_POINT('',(165.5,-9.5,2.));
#2276 = DIRECTION('',(0.,0.,1.));
#2277 = DIRECTION('',(1.,0.,-0.));
#2278 = ORIENTED_EDGE('',*,*,#2279,.T.);
#2279 = EDGE_CURVE('',#2271,#2280,#2282,.T.);
#2280 = VERTEX_POINT('',#2281);
#2281 = CARTESIAN_POINT('',(174.44322356371,-8.,2.));
#2282 = LINE('',#2283,#2284);
#2283 = CARTESIAN_POINT('',(28.,-8.,2.));
#2284 = VECTOR('',#2285,1.);
#2285 = DIRECTION('',(1.,0.,-0.));
#2286 = ORIENTED_EDGE('',*,*,#2287,.F.);
#2287 = EDGE_CURVE('',#2288,#2280,#2290,.T.);
#2288 = VERTEX_POINT('',#2289);
#2289 = CARTESIAN_POINT('',(175.,-7.900000000001,2.));
#2290 = CIRCLE('',#2291,1.6);
#2291 = AXIS2_PLACEMENT_3D('',#2292,#2293,#2294);
#2292 = CARTESIAN_POINT('',(175.,-9.5,2.));
#2293 = DIRECTION('',(0.,0.,1.));
#2294 = DIRECTION('',(1.,0.,-0.));
#2295 = ORIENTED_EDGE('',*,*,#2296,.T.);
#2296 = EDGE_CURVE('',#2288,#2297,#2299,.T.);
#2297 = VERTEX_POINT('',#2298);
#2298 = CARTESIAN_POINT('',(175.,-4.5,2.));
#2299 = LINE('',#2300,#2301);
#2300 = CARTESIAN_POINT('',(175.,-8.,2.));
#2301 = VECTOR('',#2302,1.);
#2302 = DIRECTION('',(-0.,1.,0.));
#2303 = ORIENTED_EDGE('',*,*,#2304,.F.);
#2304 = EDGE_CURVE('',#2305,#2297,#2307,.T.);
#2305 = VERTEX_POINT('',#2306);
#2306 = CARTESIAN_POINT('',(175.,4.5,2.));
#2307 = CIRCLE('',#2308,4.5);
#2308 = AXIS2_PLACEMENT_3D('',#2309,#2310,#2311);
#2309 = CARTESIAN_POINT('',(175.,0.,2.));
#2310 = DIRECTION('',(0.,0.,1.));
#2311 = DIRECTION('',(1.,0.,-0.));
#2312 = ORIENTED_EDGE('',*,*,#2313,.T.);
#2313 = EDGE_CURVE('',#2305,#2314,#2316,.T.);
#2314 = VERTEX_POINT('',#2315);
#2315 = CARTESIAN_POINT('',(175.,7.900000000001,2.));
#2316 = LINE('',#2317,#2318);
#2317 = CARTESIAN_POINT('',(175.,-8.,2.));
#2318 = VECTOR('',#2319,1.);
#2319 = DIRECTION('',(-0.,1.,0.));
#2320 = ORIENTED_EDGE('',*,*,#2321,.F.);
#2321 = EDGE_CURVE('',#2322,#2314,#2324,.T.);
#2322 = VERTEX_POINT('',#2323);
#2323 = CARTESIAN_POINT('',(174.44322356371,8.,2.));
#2324 = CIRCLE('',#2325,1.6);
#2325 = AXIS2_PLACEMENT_3D('',#2326,#2327,#2328);
#2326 = CARTESIAN_POINT('',(175.,9.5,2.));
#2327 = DIRECTION('',(0.,0.,1.));
#2328 = DIRECTION('',(1.,0.,-0.));
#2329 = ORIENTED_EDGE('',*,*,#2330,.F.);
#2330 = EDGE_CURVE('',#2331,#2322,#2333,.T.);
#2331 = VERTEX_POINT('',#2332);
#2332 = CARTESIAN_POINT('',(166.05677643628,8.,2.));
#2333 = LINE('',#2334,#2335);
#2334 = CARTESIAN_POINT('',(28.,8.,2.));
#2335 = VECTOR('',#2336,1.);
#2336 = DIRECTION('',(1.,0.,-0.));
#2337 = ORIENTED_EDGE('',*,*,#2338,.F.);
#2338 = EDGE_CURVE('',#2254,#2331,#2339,.T.);
#2339 = CIRCLE('',#2340,1.6);
#2340 = AXIS2_PLACEMENT_3D('',#2341,#2342,#2343);
#2341 = CARTESIAN_POINT('',(165.5,9.5,2.));
#2342 = DIRECTION('',(0.,0.,1.));
#2343 = DIRECTION('',(1.,0.,-0.));
#2344 = FACE_BOUND('',#2345,.T.);
#2345 = EDGE_LOOP('',(#2346));
#2346 = ORIENTED_EDGE('',*,*,#2347,.F.);
#2347 = EDGE_CURVE('',#2348,#2348,#2350,.T.);
#2348 = VERTEX_POINT('',#2349);
#2349 = CARTESIAN_POINT('',(168.6,-3.918869757272E-16,2.));
#2350 = CIRCLE('',#2351,1.6);
#2351 = AXIS2_PLACEMENT_3D('',#2352,#2353,#2354);
#2352 = CARTESIAN_POINT('',(167.,0.,2.));
#2353 = DIRECTION('',(0.,0.,1.));
#2354 = DIRECTION('',(1.,0.,-0.));
#2355 = PLANE('',#2356);
#2356 = AXIS2_PLACEMENT_3D('',#2357,#2358,#2359);
#2357 = CARTESIAN_POINT('',(28.,-8.,2.));
#2358 = DIRECTION('',(0.,0.,1.));
#2359 = DIRECTION('',(1.,0.,-0.));
#2360 = ADVANCED_FACE('',(#2361),#2386,.F.);
#2361 = FACE_BOUND('',#2362,.F.);
#2362 = EDGE_LOOP('',(#2363,#2373,#2379,#2380));
#2363 = ORIENTED_EDGE('',*,*,#2364,.F.);
#2364 = EDGE_CURVE('',#2365,#2367,#2369,.T.);
#2365 = VERTEX_POINT('',#2366);
#2366 = CARTESIAN_POINT('',(28.,-8.,0.));
#2367 = VERTEX_POINT('',#2368);
#2368 = CARTESIAN_POINT('',(158.8754845034,-8.,0.));
#2369 = LINE('',#2370,#2371);
#2370 = CARTESIAN_POINT('',(28.,-8.,0.));
#2371 = VECTOR('',#2372,1.);
#2372 = DIRECTION('',(1.,0.,-0.));
#2373 = ORIENTED_EDGE('',*,*,#2374,.T.);
#2374 = EDGE_CURVE('',#2365,#2129,#2375,.T.);
#2375 = LINE('',#2376,#2377);
#2376 = CARTESIAN_POINT('',(28.,-8.,0.));
#2377 = VECTOR('',#2378,1.);
#2378 = DIRECTION('',(0.,0.,1.));
#2379 = ORIENTED_EDGE('',*,*,#2161,.T.);
#2380 = ORIENTED_EDGE('',*,*,#2381,.F.);
#2381 = EDGE_CURVE('',#2367,#2162,#2382,.T.);
#2382 = LINE('',#2383,#2384);
#2383 = CARTESIAN_POINT('',(158.8754845034,-8.,0.));
#2384 = VECTOR('',#2385,1.);
#2385 = DIRECTION('',(0.,0.,1.));
#2386 = PLANE('',#2387);
#2387 = AXIS2_PLACEMENT_3D('',#2388,#2389,#2390);
#2388 = CARTESIAN_POINT('',(28.,-8.,0.));
#2389 = DIRECTION('',(-0.,1.,0.));
#2390 = DIRECTION('',(0.,0.,1.));
#2391 = ADVANCED_FACE('',(#2392),#2411,.F.);
#2392 = FACE_BOUND('',#2393,.F.);
#2393 = EDGE_LOOP('',(#2394,#2395,#2403,#2410));
#2394 = ORIENTED_EDGE('',*,*,#2178,.F.);
#2395 = ORIENTED_EDGE('',*,*,#2396,.F.);
#2396 = EDGE_CURVE('',#2397,#2179,#2399,.T.);
#2397 = VERTEX_POINT('',#2398);
#2398 = CARTESIAN_POINT('',(39.6,-3.918869757272E-16,0.));
#2399 = LINE('',#2400,#2401);
#2400 = CARTESIAN_POINT('',(39.6,-3.918869757272E-16,-1.));
#2401 = VECTOR('',#2402,1.);
#2402 = DIRECTION('',(0.,0.,1.));
#2403 = ORIENTED_EDGE('',*,*,#2404,.T.);
#2404 = EDGE_CURVE('',#2397,#2397,#2405,.T.);
#2405 = CIRCLE('',#2406,1.6);
#2406 = AXIS2_PLACEMENT_3D('',#2407,#2408,#2409);
#2407 = CARTESIAN_POINT('',(38.,0.,0.));
#2408 = DIRECTION('',(0.,0.,1.));
#2409 = DIRECTION('',(1.,0.,-0.));
#2410 = ORIENTED_EDGE('',*,*,#2396,.T.);
#2411 = CYLINDRICAL_SURFACE('',#2412,1.6);
#2412 = AXIS2_PLACEMENT_3D('',#2413,#2414,#2415);
#2413 = CARTESIAN_POINT('',(38.,0.,-1.));
#2414 = DIRECTION('',(0.,0.,1.));
#2415 = DIRECTION('',(1.,0.,-0.));
#2416 = ADVANCED_FACE('',(#2417),#2436,.F.);
#2417 = FACE_BOUND('',#2418,.F.);
#2418 = EDGE_LOOP('',(#2419,#2420,#2428,#2435));
#2419 = ORIENTED_EDGE('',*,*,#2189,.F.);
#2420 = ORIENTED_EDGE('',*,*,#2421,.F.);
#2421 = EDGE_CURVE('',#2422,#2190,#2424,.T.);
#2422 = VERTEX_POINT('',#2423);
#2423 = CARTESIAN_POINT('',(59.6,-3.918869757272E-16,0.));
#2424 = LINE('',#2425,#2426);
#2425 = CARTESIAN_POINT('',(59.6,-3.918869757272E-16,-1.));
#2426 = VECTOR('',#2427,1.);
#2427 = DIRECTION('',(0.,0.,1.));
#2428 = ORIENTED_EDGE('',*,*,#2429,.T.);
#2429 = EDGE_CURVE('',#2422,#2422,#2430,.T.);
#2430 = CIRCLE('',#2431,1.6);
#2431 = AXIS2_PLACEMENT_3D('',#2432,#2433,#2434);
#2432 = CARTESIAN_POINT('',(58.,0.,0.));
#2433 = DIRECTION('',(0.,0.,1.));
#2434 = DIRECTION('',(1.,0.,-0.));
#2435 = ORIENTED_EDGE('',*,*,#2421,.T.);
#2436 = CYLINDRICAL_SURFACE('',#2437,1.6);
#2437 = AXIS2_PLACEMENT_3D('',#2438,#2439,#2440);
#2438 = CARTESIAN_POINT('',(58.,0.,-1.));
#2439 = DIRECTION('',(0.,0.,1.));
#2440 = DIRECTION('',(1.,0.,-0.));
#2441 = ADVANCED_FACE('',(#2442),#2454,.T.);
#2442 = FACE_BOUND('',#2443,.T.);
#2443 = EDGE_LOOP('',(#2444,#2445,#2446,#2453));
#2444 = ORIENTED_EDGE('',*,*,#2207,.F.);
#2445 = ORIENTED_EDGE('',*,*,#2232,.F.);
#2446 = ORIENTED_EDGE('',*,*,#2447,.T.);
#2447 = EDGE_CURVE('',#2223,#2365,#2448,.T.);
#2448 = CIRCLE('',#2449,8.);
#2449 = AXIS2_PLACEMENT_3D('',#2450,#2451,#2452);
#2450 = CARTESIAN_POINT('',(28.,0.,0.));
#2451 = DIRECTION('',(0.,0.,1.));
#2452 = DIRECTION('',(1.,0.,-0.));
#2453 = ORIENTED_EDGE('',*,*,#2374,.T.);
#2454 = CYLINDRICAL_SURFACE('',#2455,8.);
#2455 = AXIS2_PLACEMENT_3D('',#2456,#2457,#2458);
#2456 = CARTESIAN_POINT('',(28.,0.,0.));
#2457 = DIRECTION('',(0.,0.,1.));
#2458 = DIRECTION('',(1.,0.,-0.));
#2459 = ADVANCED_FACE('',(#2460,#2487,#2490),#2493,.F.);
#2460 = FACE_BOUND('',#2461,.F.);
#2461 = EDGE_LOOP('',(#2462,#2463,#2472,#2479,#2480));
#2462 = ORIENTED_EDGE('',*,*,#2222,.F.);
#2463 = ORIENTED_EDGE('',*,*,#2464,.F.);
#2464 = EDGE_CURVE('',#2465,#2223,#2467,.T.);
#2465 = VERTEX_POINT('',#2466);
#2466 = CARTESIAN_POINT('',(36.,-1.959434878636E-15,0.));
#2467 = CIRCLE('',#2468,8.);
#2468 = AXIS2_PLACEMENT_3D('',#2469,#2470,#2471);
#2469 = CARTESIAN_POINT('',(28.,0.,0.));
#2470 = DIRECTION('',(0.,0.,1.));
#2471 = DIRECTION('',(1.,0.,-0.));
#2472 = ORIENTED_EDGE('',*,*,#2473,.F.);
#2473 = EDGE_CURVE('',#2365,#2465,#2474,.T.);
#2474 = CIRCLE('',#2475,8.);
#2475 = AXIS2_PLACEMENT_3D('',#2476,#2477,#2478);
#2476 = CARTESIAN_POINT('',(28.,0.,0.));
#2477 = DIRECTION('',(0.,0.,1.));
#2478 = DIRECTION('',(1.,0.,-0.));
#2479 = ORIENTED_EDGE('',*,*,#2364,.T.);
#2480 = ORIENTED_EDGE('',*,*,#2481,.F.);
#2481 = EDGE_CURVE('',#2225,#2367,#2482,.T.);
#2482 = CIRCLE('',#2483,18.);
#2483 = AXIS2_PLACEMENT_3D('',#2484,#2485,#2486);
#2484 = CARTESIAN_POINT('',(175.,0.,0.));
#2485 = DIRECTION('',(0.,0.,1.));
#2486 = DIRECTION('',(1.,0.,-0.));
#2487 = FACE_BOUND('',#2488,.F.);
#2488 = EDGE_LOOP('',(#2489));
#2489 = ORIENTED_EDGE('',*,*,#2404,.F.);
#2490 = FACE_BOUND('',#2491,.F.);
#2491 = EDGE_LOOP('',(#2492));
#2492 = ORIENTED_EDGE('',*,*,#2429,.F.);
#2493 = PLANE('',#2494);
#2494 = AXIS2_PLACEMENT_3D('',#2495,#2496,#2497);
#2495 = CARTESIAN_POINT('',(28.,-8.,0.));
#2496 = DIRECTION('',(0.,0.,1.));
#2497 = DIRECTION('',(1.,0.,-0.));
#2498 = ADVANCED_FACE('',(#2499),#2526,.T.);
#2499 = FACE_BOUND('',#2500,.T.);
#2500 = EDGE_LOOP('',(#2501,#2510,#2518,#2525));
#2501 = ORIENTED_EDGE('',*,*,#2502,.F.);
#2502 = EDGE_CURVE('',#2503,#2152,#2505,.T.);
#2503 = VERTEX_POINT('',#2504);
#2504 = CARTESIAN_POINT('',(193.,-4.40872847693E-15,2.));
#2505 = CIRCLE('',#2506,18.);
#2506 = AXIS2_PLACEMENT_3D('',#2507,#2508,#2509);
#2507 = CARTESIAN_POINT('',(175.,0.,2.));
#2508 = DIRECTION('',(0.,0.,1.));
#2509 = DIRECTION('',(1.,0.,-0.));
#2510 = ORIENTED_EDGE('',*,*,#2511,.F.);
#2511 = EDGE_CURVE('',#2512,#2503,#2514,.T.);
#2512 = VERTEX_POINT('',#2513);
#2513 = CARTESIAN_POINT('',(193.,-4.40872847693E-15,0.));
#2514 = LINE('',#2515,#2516);
#2515 = CARTESIAN_POINT('',(193.,-4.40872847693E-15,0.));
#2516 = VECTOR('',#2517,1.);
#2517 = DIRECTION('',(0.,0.,1.));
#2518 = ORIENTED_EDGE('',*,*,#2519,.T.);
#2519 = EDGE_CURVE('',#2512,#2225,#2520,.T.);
#2520 = CIRCLE('',#2521,18.);
#2521 = AXIS2_PLACEMENT_3D('',#2522,#2523,#2524);
#2522 = CARTESIAN_POINT('',(175.,0.,0.));
#2523 = DIRECTION('',(0.,0.,1.));
#2524 = DIRECTION('',(1.,0.,-0.));
#2525 = ORIENTED_EDGE('',*,*,#2239,.T.);
#2526 = CYLINDRICAL_SURFACE('',#2527,18.);
#2527 = AXIS2_PLACEMENT_3D('',#2528,#2529,#2530);
#2528 = CARTESIAN_POINT('',(175.,0.,0.));
#2529 = DIRECTION('',(0.,0.,1.));
#2530 = DIRECTION('',(1.,0.,-0.));
#2531 = ADVANCED_FACE('',(#2532,#2628,#2639,#2650),#2661,.T.);
#2532 = FACE_BOUND('',#2533,.T.);
#2533 = EDGE_LOOP('',(#2534,#2535,#2542,#2543,#2544,#2553,#2560,#2561,
    #2570,#2577,#2578,#2587,#2594,#2595,#2604,#2611,#2612,#2621));
#2534 = ORIENTED_EDGE('',*,*,#2262,.F.);
#2535 = ORIENTED_EDGE('',*,*,#2536,.T.);
#2536 = EDGE_CURVE('',#2162,#2503,#2537,.T.);
#2537 = CIRCLE('',#2538,18.);
#2538 = AXIS2_PLACEMENT_3D('',#2539,#2540,#2541);
#2539 = CARTESIAN_POINT('',(175.,0.,2.));
#2540 = DIRECTION('',(0.,0.,1.));
#2541 = DIRECTION('',(1.,0.,-0.));
#2542 = ORIENTED_EDGE('',*,*,#2502,.T.);
#2543 = ORIENTED_EDGE('',*,*,#2253,.T.);
#2544 = ORIENTED_EDGE('',*,*,#2545,.F.);
#2545 = EDGE_CURVE('',#2546,#2254,#2548,.T.);
#2546 = VERTEX_POINT('',#2547);
#2547 = CARTESIAN_POINT('',(167.1,9.5,2.));
#2548 = CIRCLE('',#2549,1.6);
#2549 = AXIS2_PLACEMENT_3D('',#2550,#2551,#2552);
#2550 = CARTESIAN_POINT('',(165.5,9.5,2.));
#2551 = DIRECTION('',(0.,0.,1.));
#2552 = DIRECTION('',(1.,0.,-0.));
#2553 = ORIENTED_EDGE('',*,*,#2554,.F.);
#2554 = EDGE_CURVE('',#2331,#2546,#2555,.T.);
#2555 = CIRCLE('',#2556,1.6);
#2556 = AXIS2_PLACEMENT_3D('',#2557,#2558,#2559);
#2557 = CARTESIAN_POINT('',(165.5,9.5,2.));
#2558 = DIRECTION('',(0.,0.,1.));
#2559 = DIRECTION('',(1.,0.,-0.));
#2560 = ORIENTED_EDGE('',*,*,#2330,.T.);
#2561 = ORIENTED_EDGE('',*,*,#2562,.F.);
#2562 = EDGE_CURVE('',#2563,#2322,#2565,.T.);
#2563 = VERTEX_POINT('',#2564);
#2564 = CARTESIAN_POINT('',(176.6,9.5,2.));
#2565 = CIRCLE('',#2566,1.6);
#2566 = AXIS2_PLACEMENT_3D('',#2567,#2568,#2569);
#2567 = CARTESIAN_POINT('',(175.,9.5,2.));
#2568 = DIRECTION('',(0.,0.,1.));
#2569 = DIRECTION('',(1.,0.,-0.));
#2570 = ORIENTED_EDGE('',*,*,#2571,.F.);
#2571 = EDGE_CURVE('',#2314,#2563,#2572,.T.);
#2572 = CIRCLE('',#2573,1.6);
#2573 = AXIS2_PLACEMENT_3D('',#2574,#2575,#2576);
#2574 = CARTESIAN_POINT('',(175.,9.5,2.));
#2575 = DIRECTION('',(0.,0.,1.));
#2576 = DIRECTION('',(1.,0.,-0.));
#2577 = ORIENTED_EDGE('',*,*,#2313,.F.);
#2578 = ORIENTED_EDGE('',*,*,#2579,.F.);
#2579 = EDGE_CURVE('',#2580,#2305,#2582,.T.);
#2580 = VERTEX_POINT('',#2581);
#2581 = CARTESIAN_POINT('',(179.5,-1.102182119233E-15,2.));
#2582 = CIRCLE('',#2583,4.5);
#2583 = AXIS2_PLACEMENT_3D('',#2584,#2585,#2586);
#2584 = CARTESIAN_POINT('',(175.,0.,2.));
#2585 = DIRECTION('',(0.,0.,1.));
#2586 = DIRECTION('',(1.,0.,-0.));
#2587 = ORIENTED_EDGE('',*,*,#2588,.F.);
#2588 = EDGE_CURVE('',#2297,#2580,#2589,.T.);
#2589 = CIRCLE('',#2590,4.5);
#2590 = AXIS2_PLACEMENT_3D('',#2591,#2592,#2593);
#2591 = CARTESIAN_POINT('',(175.,0.,2.));
#2592 = DIRECTION('',(0.,0.,1.));
#2593 = DIRECTION('',(1.,0.,-0.));
#2594 = ORIENTED_EDGE('',*,*,#2296,.F.);
#2595 = ORIENTED_EDGE('',*,*,#2596,.F.);
#2596 = EDGE_CURVE('',#2597,#2288,#2599,.T.);
#2597 = VERTEX_POINT('',#2598);
#2598 = CARTESIAN_POINT('',(176.6,-9.5,2.));
#2599 = CIRCLE('',#2600,1.6);
#2600 = AXIS2_PLACEMENT_3D('',#2601,#2602,#2603);
#2601 = CARTESIAN_POINT('',(175.,-9.5,2.));
#2602 = DIRECTION('',(0.,0.,1.));
#2603 = DIRECTION('',(1.,0.,-0.));
#2604 = ORIENTED_EDGE('',*,*,#2605,.F.);
#2605 = EDGE_CURVE('',#2280,#2597,#2606,.T.);
#2606 = CIRCLE('',#2607,1.6);
#2607 = AXIS2_PLACEMENT_3D('',#2608,#2609,#2610);
#2608 = CARTESIAN_POINT('',(175.,-9.5,2.));
#2609 = DIRECTION('',(0.,0.,1.));
#2610 = DIRECTION('',(1.,0.,-0.));
#2611 = ORIENTED_EDGE('',*,*,#2279,.F.);
#2612 = ORIENTED_EDGE('',*,*,#2613,.F.);
#2613 = EDGE_CURVE('',#2614,#2271,#2616,.T.);
#2614 = VERTEX_POINT('',#2615);
#2615 = CARTESIAN_POINT('',(167.1,-9.5,2.));
#2616 = CIRCLE('',#2617,1.6);
#2617 = AXIS2_PLACEMENT_3D('',#2618,#2619,#2620);
#2618 = CARTESIAN_POINT('',(165.5,-9.5,2.));
#2619 = DIRECTION('',(0.,0.,1.));
#2620 = DIRECTION('',(1.,0.,-0.));
#2621 = ORIENTED_EDGE('',*,*,#2622,.F.);
#2622 = EDGE_CURVE('',#2263,#2614,#2623,.T.);
#2623 = CIRCLE('',#2624,1.6);
#2624 = AXIS2_PLACEMENT_3D('',#2625,#2626,#2627);
#2625 = CARTESIAN_POINT('',(165.5,-9.5,2.));
#2626 = DIRECTION('',(0.,0.,1.));
#2627 = DIRECTION('',(1.,0.,-0.));
#2628 = FACE_BOUND('',#2629,.T.);
#2629 = EDGE_LOOP('',(#2630));
#2630 = ORIENTED_EDGE('',*,*,#2631,.F.);
#2631 = EDGE_CURVE('',#2632,#2632,#2634,.T.);
#2632 = VERTEX_POINT('',#2633);
#2633 = CARTESIAN_POINT('',(186.1,-9.5,2.));
#2634 = CIRCLE('',#2635,1.6);
#2635 = AXIS2_PLACEMENT_3D('',#2636,#2637,#2638);
#2636 = CARTESIAN_POINT('',(184.5,-9.5,2.));
#2637 = DIRECTION('',(0.,0.,1.));
#2638 = DIRECTION('',(1.,0.,-0.));
#2639 = FACE_BOUND('',#2640,.T.);
#2640 = EDGE_LOOP('',(#2641));
#2641 = ORIENTED_EDGE('',*,*,#2642,.F.);
#2642 = EDGE_CURVE('',#2643,#2643,#2645,.T.);
#2643 = VERTEX_POINT('',#2644);
#2644 = CARTESIAN_POINT('',(184.6,-3.918869757272E-16,2.));
#2645 = CIRCLE('',#2646,1.6);
#2646 = AXIS2_PLACEMENT_3D('',#2647,#2648,#2649);
#2647 = CARTESIAN_POINT('',(183.,0.,2.));
#2648 = DIRECTION('',(0.,0.,1.));
#2649 = DIRECTION('',(1.,0.,-0.));
#2650 = FACE_BOUND('',#2651,.T.);
#2651 = EDGE_LOOP('',(#2652));
#2652 = ORIENTED_EDGE('',*,*,#2653,.F.);
#2653 = EDGE_CURVE('',#2654,#2654,#2656,.T.);
#2654 = VERTEX_POINT('',#2655);
#2655 = CARTESIAN_POINT('',(186.1,9.5,2.));
#2656 = CIRCLE('',#2657,1.6);
#2657 = AXIS2_PLACEMENT_3D('',#2658,#2659,#2660);
#2658 = CARTESIAN_POINT('',(184.5,9.5,2.));
#2659 = DIRECTION('',(0.,0.,1.));
#2660 = DIRECTION('',(1.,0.,-0.));
#2661 = PLANE('',#2662);
#2662 = AXIS2_PLACEMENT_3D('',#2663,#2664,#2665);
#2663 = CARTESIAN_POINT('',(175.,0.,2.));
#2664 = DIRECTION('',(0.,0.,1.));
#2665 = DIRECTION('',(1.,0.,-0.));
#2666 = ADVANCED_FACE('',(#2667),#2706,.F.);
#2667 = FACE_BOUND('',#2668,.F.);
#2668 = EDGE_LOOP('',(#2669,#2670,#2678,#2687,#2696,#2703,#2704,#2705));
#2669 = ORIENTED_EDGE('',*,*,#2545,.F.);
#2670 = ORIENTED_EDGE('',*,*,#2671,.F.);
#2671 = EDGE_CURVE('',#2672,#2546,#2674,.T.);
#2672 = VERTEX_POINT('',#2673);
#2673 = CARTESIAN_POINT('',(167.1,9.5,0.));
#2674 = LINE('',#2675,#2676);
#2675 = CARTESIAN_POINT('',(167.1,9.5,-1.));
#2676 = VECTOR('',#2677,1.);
#2677 = DIRECTION('',(0.,0.,1.));
#2678 = ORIENTED_EDGE('',*,*,#2679,.T.);
#2679 = EDGE_CURVE('',#2672,#2680,#2682,.T.);
#2680 = VERTEX_POINT('',#2681);
#2681 = CARTESIAN_POINT('',(164.94322356371,8.,0.));
#2682 = CIRCLE('',#2683,1.6);
#2683 = AXIS2_PLACEMENT_3D('',#2684,#2685,#2686);
#2684 = CARTESIAN_POINT('',(165.5,9.5,0.));
#2685 = DIRECTION('',(0.,0.,1.));
#2686 = DIRECTION('',(1.,0.,-0.));
#2687 = ORIENTED_EDGE('',*,*,#2688,.T.);
#2688 = EDGE_CURVE('',#2680,#2689,#2691,.T.);
#2689 = VERTEX_POINT('',#2690);
#2690 = CARTESIAN_POINT('',(166.05677643628,8.,0.));
#2691 = CIRCLE('',#2692,1.6);
#2692 = AXIS2_PLACEMENT_3D('',#2693,#2694,#2695);
#2693 = CARTESIAN_POINT('',(165.5,9.5,0.));
#2694 = DIRECTION('',(0.,0.,1.));
#2695 = DIRECTION('',(1.,0.,-0.));
#2696 = ORIENTED_EDGE('',*,*,#2697,.T.);
#2697 = EDGE_CURVE('',#2689,#2672,#2698,.T.);
#2698 = CIRCLE('',#2699,1.6);
#2699 = AXIS2_PLACEMENT_3D('',#2700,#2701,#2702);
#2700 = CARTESIAN_POINT('',(165.5,9.5,0.));
#2701 = DIRECTION('',(0.,0.,1.));
#2702 = DIRECTION('',(1.,0.,-0.));
#2703 = ORIENTED_EDGE('',*,*,#2671,.T.);
#2704 = ORIENTED_EDGE('',*,*,#2554,.F.);
#2705 = ORIENTED_EDGE('',*,*,#2338,.F.);
#2706 = CYLINDRICAL_SURFACE('',#2707,1.6);
#2707 = AXIS2_PLACEMENT_3D('',#2708,#2709,#2710);
#2708 = CARTESIAN_POINT('',(165.5,9.5,-1.));
#2709 = DIRECTION('',(0.,0.,1.));
#2710 = DIRECTION('',(1.,0.,-0.));
#2711 = ADVANCED_FACE('',(#2712),#2751,.F.);
#2712 = FACE_BOUND('',#2713,.F.);
#2713 = EDGE_LOOP('',(#2714,#2715,#2723,#2732,#2741,#2748,#2749,#2750));
#2714 = ORIENTED_EDGE('',*,*,#2562,.F.);
#2715 = ORIENTED_EDGE('',*,*,#2716,.F.);
#2716 = EDGE_CURVE('',#2717,#2563,#2719,.T.);
#2717 = VERTEX_POINT('',#2718);
#2718 = CARTESIAN_POINT('',(176.6,9.5,0.));
#2719 = LINE('',#2720,#2721);
#2720 = CARTESIAN_POINT('',(176.6,9.5,-1.));
#2721 = VECTOR('',#2722,1.);
#2722 = DIRECTION('',(0.,0.,1.));
#2723 = ORIENTED_EDGE('',*,*,#2724,.T.);
#2724 = EDGE_CURVE('',#2717,#2725,#2727,.T.);
#2725 = VERTEX_POINT('',#2726);
#2726 = CARTESIAN_POINT('',(174.44322356371,8.,0.));
#2727 = CIRCLE('',#2728,1.6);
#2728 = AXIS2_PLACEMENT_3D('',#2729,#2730,#2731);
#2729 = CARTESIAN_POINT('',(175.,9.5,0.));
#2730 = DIRECTION('',(0.,0.,1.));
#2731 = DIRECTION('',(1.,0.,-0.));
#2732 = ORIENTED_EDGE('',*,*,#2733,.T.);
#2733 = EDGE_CURVE('',#2725,#2734,#2736,.T.);
#2734 = VERTEX_POINT('',#2735);
#2735 = CARTESIAN_POINT('',(175.,7.900000000001,0.));
#2736 = CIRCLE('',#2737,1.6);
#2737 = AXIS2_PLACEMENT_3D('',#2738,#2739,#2740);
#2738 = CARTESIAN_POINT('',(175.,9.5,0.));
#2739 = DIRECTION('',(0.,0.,1.));
#2740 = DIRECTION('',(1.,0.,-0.));
#2741 = ORIENTED_EDGE('',*,*,#2742,.T.);
#2742 = EDGE_CURVE('',#2734,#2717,#2743,.T.);
#2743 = CIRCLE('',#2744,1.6);
#2744 = AXIS2_PLACEMENT_3D('',#2745,#2746,#2747);
#2745 = CARTESIAN_POINT('',(175.,9.5,0.));
#2746 = DIRECTION('',(0.,0.,1.));
#2747 = DIRECTION('',(1.,0.,-0.));
#2748 = ORIENTED_EDGE('',*,*,#2716,.T.);
#2749 = ORIENTED_EDGE('',*,*,#2571,.F.);
#2750 = ORIENTED_EDGE('',*,*,#2321,.F.);
#2751 = CYLINDRICAL_SURFACE('',#2752,1.6);
#2752 = AXIS2_PLACEMENT_3D('',#2753,#2754,#2755);
#2753 = CARTESIAN_POINT('',(175.,9.5,-1.));
#2754 = DIRECTION('',(0.,0.,1.));
#2755 = DIRECTION('',(1.,0.,-0.));
#2756 = ADVANCED_FACE('',(#2757),#2796,.F.);
#2757 = FACE_BOUND('',#2758,.F.);
#2758 = EDGE_LOOP('',(#2759,#2760,#2768,#2777,#2786,#2793,#2794,#2795));
#2759 = ORIENTED_EDGE('',*,*,#2579,.F.);
#2760 = ORIENTED_EDGE('',*,*,#2761,.F.);
#2761 = EDGE_CURVE('',#2762,#2580,#2764,.T.);
#2762 = VERTEX_POINT('',#2763);
#2763 = CARTESIAN_POINT('',(179.5,-1.102182119233E-15,0.));
#2764 = LINE('',#2765,#2766);
#2765 = CARTESIAN_POINT('',(179.5,-1.102182119233E-15,-1.));
#2766 = VECTOR('',#2767,1.);
#2767 = DIRECTION('',(0.,0.,1.));
#2768 = ORIENTED_EDGE('',*,*,#2769,.T.);
#2769 = EDGE_CURVE('',#2762,#2770,#2772,.T.);
#2770 = VERTEX_POINT('',#2771);
#2771 = CARTESIAN_POINT('',(175.,4.5,0.));
#2772 = CIRCLE('',#2773,4.5);
#2773 = AXIS2_PLACEMENT_3D('',#2774,#2775,#2776);
#2774 = CARTESIAN_POINT('',(175.,0.,0.));
#2775 = DIRECTION('',(0.,0.,1.));
#2776 = DIRECTION('',(1.,0.,-0.));
#2777 = ORIENTED_EDGE('',*,*,#2778,.T.);
#2778 = EDGE_CURVE('',#2770,#2779,#2781,.T.);
#2779 = VERTEX_POINT('',#2780);
#2780 = CARTESIAN_POINT('',(175.,-4.5,0.));
#2781 = CIRCLE('',#2782,4.5);
#2782 = AXIS2_PLACEMENT_3D('',#2783,#2784,#2785);
#2783 = CARTESIAN_POINT('',(175.,0.,0.));
#2784 = DIRECTION('',(0.,0.,1.));
#2785 = DIRECTION('',(1.,0.,-0.));
#2786 = ORIENTED_EDGE('',*,*,#2787,.T.);
#2787 = EDGE_CURVE('',#2779,#2762,#2788,.T.);
#2788 = CIRCLE('',#2789,4.5);
#2789 = AXIS2_PLACEMENT_3D('',#2790,#2791,#2792);
#2790 = CARTESIAN_POINT('',(175.,0.,0.));
#2791 = DIRECTION('',(0.,0.,1.));
#2792 = DIRECTION('',(1.,0.,-0.));
#2793 = ORIENTED_EDGE('',*,*,#2761,.T.);
#2794 = ORIENTED_EDGE('',*,*,#2588,.F.);
#2795 = ORIENTED_EDGE('',*,*,#2304,.F.);
#2796 = CYLINDRICAL_SURFACE('',#2797,4.5);
#2797 = AXIS2_PLACEMENT_3D('',#2798,#2799,#2800);
#2798 = CARTESIAN_POINT('',(175.,0.,-1.));
#2799 = DIRECTION('',(0.,0.,1.));
#2800 = DIRECTION('',(1.,0.,-0.));
#2801 = ADVANCED_FACE('',(#2802),#2841,.F.);
#2802 = FACE_BOUND('',#2803,.F.);
#2803 = EDGE_LOOP('',(#2804,#2805,#2813,#2822,#2831,#2838,#2839,#2840));
#2804 = ORIENTED_EDGE('',*,*,#2596,.F.);
#2805 = ORIENTED_EDGE('',*,*,#2806,.F.);
#2806 = EDGE_CURVE('',#2807,#2597,#2809,.T.);
#2807 = VERTEX_POINT('',#2808);
#2808 = CARTESIAN_POINT('',(176.6,-9.5,0.));
#2809 = LINE('',#2810,#2811);
#2810 = CARTESIAN_POINT('',(176.6,-9.5,-1.));
#2811 = VECTOR('',#2812,1.);
#2812 = DIRECTION('',(0.,0.,1.));
#2813 = ORIENTED_EDGE('',*,*,#2814,.T.);
#2814 = EDGE_CURVE('',#2807,#2815,#2817,.T.);
#2815 = VERTEX_POINT('',#2816);
#2816 = CARTESIAN_POINT('',(175.,-7.900000000001,0.));
#2817 = CIRCLE('',#2818,1.6);
#2818 = AXIS2_PLACEMENT_3D('',#2819,#2820,#2821);
#2819 = CARTESIAN_POINT('',(175.,-9.5,0.));
#2820 = DIRECTION('',(0.,0.,1.));
#2821 = DIRECTION('',(1.,0.,-0.));
#2822 = ORIENTED_EDGE('',*,*,#2823,.T.);
#2823 = EDGE_CURVE('',#2815,#2824,#2826,.T.);
#2824 = VERTEX_POINT('',#2825);
#2825 = CARTESIAN_POINT('',(174.44322356371,-8.,0.));
#2826 = CIRCLE('',#2827,1.6);
#2827 = AXIS2_PLACEMENT_3D('',#2828,#2829,#2830);
#2828 = CARTESIAN_POINT('',(175.,-9.5,0.));
#2829 = DIRECTION('',(0.,0.,1.));
#2830 = DIRECTION('',(1.,0.,-0.));
#2831 = ORIENTED_EDGE('',*,*,#2832,.T.);
#2832 = EDGE_CURVE('',#2824,#2807,#2833,.T.);
#2833 = CIRCLE('',#2834,1.6);
#2834 = AXIS2_PLACEMENT_3D('',#2835,#2836,#2837);
#2835 = CARTESIAN_POINT('',(175.,-9.5,0.));
#2836 = DIRECTION('',(0.,0.,1.));
#2837 = DIRECTION('',(1.,0.,-0.));
#2838 = ORIENTED_EDGE('',*,*,#2806,.T.);
#2839 = ORIENTED_EDGE('',*,*,#2605,.F.);
#2840 = ORIENTED_EDGE('',*,*,#2287,.F.);
#2841 = CYLINDRICAL_SURFACE('',#2842,1.6);
#2842 = AXIS2_PLACEMENT_3D('',#2843,#2844,#2845);
#2843 = CARTESIAN_POINT('',(175.,-9.5,-1.));
#2844 = DIRECTION('',(0.,0.,1.));
#2845 = DIRECTION('',(1.,0.,-0.));
#2846 = ADVANCED_FACE('',(#2847),#2886,.F.);
#2847 = FACE_BOUND('',#2848,.F.);
#2848 = EDGE_LOOP('',(#2849,#2850,#2858,#2867,#2876,#2883,#2884,#2885));
#2849 = ORIENTED_EDGE('',*,*,#2613,.F.);
#2850 = ORIENTED_EDGE('',*,*,#2851,.F.);
#2851 = EDGE_CURVE('',#2852,#2614,#2854,.T.);
#2852 = VERTEX_POINT('',#2853);
#2853 = CARTESIAN_POINT('',(167.1,-9.5,0.));
#2854 = LINE('',#2855,#2856);
#2855 = CARTESIAN_POINT('',(167.1,-9.5,-1.));
#2856 = VECTOR('',#2857,1.);
#2857 = DIRECTION('',(0.,0.,1.));
#2858 = ORIENTED_EDGE('',*,*,#2859,.T.);
#2859 = EDGE_CURVE('',#2852,#2860,#2862,.T.);
#2860 = VERTEX_POINT('',#2861);
#2861 = CARTESIAN_POINT('',(166.05677643628,-8.,0.));
#2862 = CIRCLE('',#2863,1.6);
#2863 = AXIS2_PLACEMENT_3D('',#2864,#2865,#2866);
#2864 = CARTESIAN_POINT('',(165.5,-9.5,0.));
#2865 = DIRECTION('',(0.,0.,1.));
#2866 = DIRECTION('',(1.,0.,-0.));
#2867 = ORIENTED_EDGE('',*,*,#2868,.T.);
#2868 = EDGE_CURVE('',#2860,#2869,#2871,.T.);
#2869 = VERTEX_POINT('',#2870);
#2870 = CARTESIAN_POINT('',(164.94322356371,-8.,0.));
#2871 = CIRCLE('',#2872,1.6);
#2872 = AXIS2_PLACEMENT_3D('',#2873,#2874,#2875);
#2873 = CARTESIAN_POINT('',(165.5,-9.5,0.));
#2874 = DIRECTION('',(0.,0.,1.));
#2875 = DIRECTION('',(1.,0.,-0.));
#2876 = ORIENTED_EDGE('',*,*,#2877,.T.);
#2877 = EDGE_CURVE('',#2869,#2852,#2878,.T.);
#2878 = CIRCLE('',#2879,1.6);
#2879 = AXIS2_PLACEMENT_3D('',#2880,#2881,#2882);
#2880 = CARTESIAN_POINT('',(165.5,-9.5,0.));
#2881 = DIRECTION('',(0.,0.,1.));
#2882 = DIRECTION('',(1.,0.,-0.));
#2883 = ORIENTED_EDGE('',*,*,#2851,.T.);
#2884 = ORIENTED_EDGE('',*,*,#2622,.F.);
#2885 = ORIENTED_EDGE('',*,*,#2270,.F.);
#2886 = CYLINDRICAL_SURFACE('',#2887,1.6);
#2887 = AXIS2_PLACEMENT_3D('',#2888,#2889,#2890);
#2888 = CARTESIAN_POINT('',(165.5,-9.5,-1.));
#2889 = DIRECTION('',(0.,0.,1.));
#2890 = DIRECTION('',(1.,0.,-0.));
#2891 = ADVANCED_FACE('',(#2892),#2911,.F.);
#2892 = FACE_BOUND('',#2893,.F.);
#2893 = EDGE_LOOP('',(#2894,#2895,#2903,#2910));
#2894 = ORIENTED_EDGE('',*,*,#2347,.F.);
#2895 = ORIENTED_EDGE('',*,*,#2896,.F.);
#2896 = EDGE_CURVE('',#2897,#2348,#2899,.T.);
#2897 = VERTEX_POINT('',#2898);
#2898 = CARTESIAN_POINT('',(168.6,-3.918869757272E-16,0.));
#2899 = LINE('',#2900,#2901);
#2900 = CARTESIAN_POINT('',(168.6,-3.918869757272E-16,-1.));
#2901 = VECTOR('',#2902,1.);
#2902 = DIRECTION('',(0.,0.,1.));
#2903 = ORIENTED_EDGE('',*,*,#2904,.T.);
#2904 = EDGE_CURVE('',#2897,#2897,#2905,.T.);
#2905 = CIRCLE('',#2906,1.6);
#2906 = AXIS2_PLACEMENT_3D('',#2907,#2908,#2909);
#2907 = CARTESIAN_POINT('',(167.,0.,0.));
#2908 = DIRECTION('',(0.,0.,1.));
#2909 = DIRECTION('',(1.,0.,-0.));
#2910 = ORIENTED_EDGE('',*,*,#2896,.T.);
#2911 = CYLINDRICAL_SURFACE('',#2912,1.6);
#2912 = AXIS2_PLACEMENT_3D('',#2913,#2914,#2915);
#2913 = CARTESIAN_POINT('',(167.,0.,-1.));
#2914 = DIRECTION('',(0.,0.,1.));
#2915 = DIRECTION('',(1.,0.,-0.));
#2916 = ADVANCED_FACE('',(#2917),#2929,.T.);
#2917 = FACE_BOUND('',#2918,.T.);
#2918 = EDGE_LOOP('',(#2919,#2920,#2921,#2922));
#2919 = ORIENTED_EDGE('',*,*,#2511,.T.);
#2920 = ORIENTED_EDGE('',*,*,#2536,.F.);
#2921 = ORIENTED_EDGE('',*,*,#2381,.F.);
#2922 = ORIENTED_EDGE('',*,*,#2923,.T.);
#2923 = EDGE_CURVE('',#2367,#2512,#2924,.T.);
#2924 = CIRCLE('',#2925,18.);
#2925 = AXIS2_PLACEMENT_3D('',#2926,#2927,#2928);
#2926 = CARTESIAN_POINT('',(175.,0.,0.));
#2927 = DIRECTION('',(0.,0.,1.));
#2928 = DIRECTION('',(1.,0.,-0.));
#2929 = CYLINDRICAL_SURFACE('',#2930,18.);
#2930 = AXIS2_PLACEMENT_3D('',#2931,#2932,#2933);
#2931 = CARTESIAN_POINT('',(175.,0.,0.));
#2932 = DIRECTION('',(0.,0.,1.));
#2933 = DIRECTION('',(1.,0.,-0.));
#2934 = ADVANCED_FACE('',(#2935),#2944,.F.);
#2935 = FACE_BOUND('',#2936,.F.);
#2936 = EDGE_LOOP('',(#2937,#2943));
#2937 = ORIENTED_EDGE('',*,*,#2938,.T.);
#2938 = EDGE_CURVE('',#2365,#2223,#2939,.T.);
#2939 = LINE('',#2940,#2941);
#2940 = CARTESIAN_POINT('',(28.,-8.,0.));
#2941 = VECTOR('',#2942,1.);
#2942 = DIRECTION('',(-0.,1.,0.));
#2943 = ORIENTED_EDGE('',*,*,#2447,.T.);
#2944 = PLANE('',#2945);
#2945 = AXIS2_PLACEMENT_3D('',#2946,#2947,#2948);
#2946 = CARTESIAN_POINT('',(28.,0.,0.));
#2947 = DIRECTION('',(0.,0.,1.));
#2948 = DIRECTION('',(1.,0.,-0.));
#2949 = ADVANCED_FACE('',(#2950),#2955,.F.);
#2950 = FACE_BOUND('',#2951,.F.);
#2951 = EDGE_LOOP('',(#2952,#2953,#2954));
#2952 = ORIENTED_EDGE('',*,*,#2464,.T.);
#2953 = ORIENTED_EDGE('',*,*,#2938,.F.);
#2954 = ORIENTED_EDGE('',*,*,#2473,.T.);
#2955 = PLANE('',#2956);
#2956 = AXIS2_PLACEMENT_3D('',#2957,#2958,#2959);
#2957 = CARTESIAN_POINT('',(28.,-8.,0.));
#2958 = DIRECTION('',(0.,0.,1.));
#2959 = DIRECTION('',(1.,0.,-0.));
#2960 = ADVANCED_FACE('',(#2961,#3005),#3008,.F.);
#2961 = FACE_BOUND('',#2962,.F.);
#2962 = EDGE_LOOP('',(#2963,#2969,#2970,#2976,#2977,#2983,#2984,#2990,
    #2991,#2997,#2998,#3004));
#2963 = ORIENTED_EDGE('',*,*,#2964,.F.);
#2964 = EDGE_CURVE('',#2225,#2680,#2965,.T.);
#2965 = LINE('',#2966,#2967);
#2966 = CARTESIAN_POINT('',(28.,8.,0.));
#2967 = VECTOR('',#2968,1.);
#2968 = DIRECTION('',(1.,0.,-0.));
#2969 = ORIENTED_EDGE('',*,*,#2481,.T.);
#2970 = ORIENTED_EDGE('',*,*,#2971,.T.);
#2971 = EDGE_CURVE('',#2367,#2869,#2972,.T.);
#2972 = LINE('',#2973,#2974);
#2973 = CARTESIAN_POINT('',(28.,-8.,0.));
#2974 = VECTOR('',#2975,1.);
#2975 = DIRECTION('',(1.,0.,-0.));
#2976 = ORIENTED_EDGE('',*,*,#2868,.F.);
#2977 = ORIENTED_EDGE('',*,*,#2978,.T.);
#2978 = EDGE_CURVE('',#2860,#2824,#2979,.T.);
#2979 = LINE('',#2980,#2981);
#2980 = CARTESIAN_POINT('',(28.,-8.,0.));
#2981 = VECTOR('',#2982,1.);
#2982 = DIRECTION('',(1.,0.,-0.));
#2983 = ORIENTED_EDGE('',*,*,#2823,.F.);
#2984 = ORIENTED_EDGE('',*,*,#2985,.T.);
#2985 = EDGE_CURVE('',#2815,#2779,#2986,.T.);
#2986 = LINE('',#2987,#2988);
#2987 = CARTESIAN_POINT('',(175.,-8.,0.));
#2988 = VECTOR('',#2989,1.);
#2989 = DIRECTION('',(-0.,1.,0.));
#2990 = ORIENTED_EDGE('',*,*,#2778,.F.);
#2991 = ORIENTED_EDGE('',*,*,#2992,.T.);
#2992 = EDGE_CURVE('',#2770,#2734,#2993,.T.);
#2993 = LINE('',#2994,#2995);
#2994 = CARTESIAN_POINT('',(175.,-8.,0.));
#2995 = VECTOR('',#2996,1.);
#2996 = DIRECTION('',(-0.,1.,0.));
#2997 = ORIENTED_EDGE('',*,*,#2733,.F.);
#2998 = ORIENTED_EDGE('',*,*,#2999,.F.);
#2999 = EDGE_CURVE('',#2689,#2725,#3000,.T.);
#3000 = LINE('',#3001,#3002);
#3001 = CARTESIAN_POINT('',(28.,8.,0.));
#3002 = VECTOR('',#3003,1.);
#3003 = DIRECTION('',(1.,0.,-0.));
#3004 = ORIENTED_EDGE('',*,*,#2688,.F.);
#3005 = FACE_BOUND('',#3006,.F.);
#3006 = EDGE_LOOP('',(#3007));
#3007 = ORIENTED_EDGE('',*,*,#2904,.F.);
#3008 = PLANE('',#3009);
#3009 = AXIS2_PLACEMENT_3D('',#3010,#3011,#3012);
#3010 = CARTESIAN_POINT('',(28.,-8.,0.));
#3011 = DIRECTION('',(0.,0.,1.));
#3012 = DIRECTION('',(1.,0.,-0.));
#3013 = ADVANCED_FACE('',(#3014,#3034,#3045,#3056),#3067,.F.);
#3014 = FACE_BOUND('',#3015,.F.);
#3015 = EDGE_LOOP('',(#3016,#3017,#3018,#3019,#3020,#3021,#3022,#3023,
    #3024,#3025,#3026,#3027,#3028,#3029,#3030,#3031,#3032,#3033));
#3016 = ORIENTED_EDGE('',*,*,#2971,.F.);
#3017 = ORIENTED_EDGE('',*,*,#2923,.T.);
#3018 = ORIENTED_EDGE('',*,*,#2519,.T.);
#3019 = ORIENTED_EDGE('',*,*,#2964,.T.);
#3020 = ORIENTED_EDGE('',*,*,#2679,.F.);
#3021 = ORIENTED_EDGE('',*,*,#2697,.F.);
#3022 = ORIENTED_EDGE('',*,*,#2999,.T.);
#3023 = ORIENTED_EDGE('',*,*,#2724,.F.);
#3024 = ORIENTED_EDGE('',*,*,#2742,.F.);
#3025 = ORIENTED_EDGE('',*,*,#2992,.F.);
#3026 = ORIENTED_EDGE('',*,*,#2769,.F.);
#3027 = ORIENTED_EDGE('',*,*,#2787,.F.);
#3028 = ORIENTED_EDGE('',*,*,#2985,.F.);
#3029 = ORIENTED_EDGE('',*,*,#2814,.F.);
#3030 = ORIENTED_EDGE('',*,*,#2832,.F.);
#3031 = ORIENTED_EDGE('',*,*,#2978,.F.);
#3032 = ORIENTED_EDGE('',*,*,#2859,.F.);
#3033 = ORIENTED_EDGE('',*,*,#2877,.F.);
#3034 = FACE_BOUND('',#3035,.F.);
#3035 = EDGE_LOOP('',(#3036));
#3036 = ORIENTED_EDGE('',*,*,#3037,.F.);
#3037 = EDGE_CURVE('',#3038,#3038,#3040,.T.);
#3038 = VERTEX_POINT('',#3039);
#3039 = CARTESIAN_POINT('',(186.1,-9.5,0.));
#3040 = CIRCLE('',#3041,1.6);
#3041 = AXIS2_PLACEMENT_3D('',#3042,#3043,#3044);
#3042 = CARTESIAN_POINT('',(184.5,-9.5,0.));
#3043 = DIRECTION('',(0.,0.,1.));
#3044 = DIRECTION('',(1.,0.,-0.));
#3045 = FACE_BOUND('',#3046,.F.);
#3046 = EDGE_LOOP('',(#3047));
#3047 = ORIENTED_EDGE('',*,*,#3048,.F.);
#3048 = EDGE_CURVE('',#3049,#3049,#3051,.T.);
#3049 = VERTEX_POINT('',#3050);
#3050 = CARTESIAN_POINT('',(184.6,-3.918869757272E-16,0.));
#3051 = CIRCLE('',#3052,1.6);
#3052 = AXIS2_PLACEMENT_3D('',#3053,#3054,#3055);
#3053 = CARTESIAN_POINT('',(183.,0.,0.));
#3054 = DIRECTION('',(0.,0.,1.));
#3055 = DIRECTION('',(1.,0.,-0.));
#3056 = FACE_BOUND('',#3057,.F.);
#3057 = EDGE_LOOP('',(#3058));
#3058 = ORIENTED_EDGE('',*,*,#3059,.F.);
#3059 = EDGE_CURVE('',#3060,#3060,#3062,.T.);
#3060 = VERTEX_POINT('',#3061);
#3061 = CARTESIAN_POINT('',(186.1,9.5,0.));
#3062 = CIRCLE('',#3063,1.6);
#3063 = AXIS2_PLACEMENT_3D('',#3064,#3065,#3066);
#3064 = CARTESIAN_POINT('',(184.5,9.5,0.));
#3065 = DIRECTION('',(0.,0.,1.));
#3066 = DIRECTION('',(1.,0.,-0.));
#3067 = PLANE('',#3068);
#3068 = AXIS2_PLACEMENT_3D('',#3069,#3070,#3071);
#3069 = CARTESIAN_POINT('',(175.,0.,0.));
#3070 = DIRECTION('',(0.,0.,1.));
#3071 = DIRECTION('',(1.,0.,-0.));
#3072 = ADVANCED_FACE('',(#3073),#3084,.F.);
#3073 = FACE_BOUND('',#3074,.F.);
#3074 = EDGE_LOOP('',(#3075,#3076,#3082,#3083));
#3075 = ORIENTED_EDGE('',*,*,#2631,.F.);
#3076 = ORIENTED_EDGE('',*,*,#3077,.F.);
#3077 = EDGE_CURVE('',#3038,#2632,#3078,.T.);
#3078 = LINE('',#3079,#3080);
#3079 = CARTESIAN_POINT('',(186.1,-9.5,-1.));
#3080 = VECTOR('',#3081,1.);
#3081 = DIRECTION('',(0.,0.,1.));
#3082 = ORIENTED_EDGE('',*,*,#3037,.T.);
#3083 = ORIENTED_EDGE('',*,*,#3077,.T.);
#3084 = CYLINDRICAL_SURFACE('',#3085,1.6);
#3085 = AXIS2_PLACEMENT_3D('',#3086,#3087,#3088);
#3086 = CARTESIAN_POINT('',(184.5,-9.5,-1.));
#3087 = DIRECTION('',(0.,0.,1.));
#3088 = DIRECTION('',(1.,0.,-0.));
#3089 = ADVANCED_FACE('',(#3090),#3101,.F.);
#3090 = FACE_BOUND('',#3091,.F.);
#3091 = EDGE_LOOP('',(#3092,#3093,#3099,#3100));
#3092 = ORIENTED_EDGE('',*,*,#2642,.F.);
#3093 = ORIENTED_EDGE('',*,*,#3094,.F.);
#3094 = EDGE_CURVE('',#3049,#2643,#3095,.T.);
#3095 = LINE('',#3096,#3097);
#3096 = CARTESIAN_POINT('',(184.6,-3.918869757272E-16,-1.));
#3097 = VECTOR('',#3098,1.);
#3098 = DIRECTION('',(0.,0.,1.));
#3099 = ORIENTED_EDGE('',*,*,#3048,.T.);
#3100 = ORIENTED_EDGE('',*,*,#3094,.T.);
#3101 = CYLINDRICAL_SURFACE('',#3102,1.6);
#3102 = AXIS2_PLACEMENT_3D('',#3103,#3104,#3105);
#3103 = CARTESIAN_POINT('',(183.,0.,-1.));
#3104 = DIRECTION('',(0.,0.,1.));
#3105 = DIRECTION('',(1.,0.,-0.));
#3106 = ADVANCED_FACE('',(#3107),#3118,.F.);
#3107 = FACE_BOUND('',#3108,.F.);
#3108 = EDGE_LOOP('',(#3109,#3110,#3116,#3117));
#3109 = ORIENTED_EDGE('',*,*,#2653,.F.);
#3110 = ORIENTED_EDGE('',*,*,#3111,.F.);
#3111 = EDGE_CURVE('',#3060,#2654,#3112,.T.);
#3112 = LINE('',#3113,#3114);
#3113 = CARTESIAN_POINT('',(186.1,9.5,-1.));
#3114 = VECTOR('',#3115,1.);
#3115 = DIRECTION('',(0.,0.,1.));
#3116 = ORIENTED_EDGE('',*,*,#3059,.T.);
#3117 = ORIENTED_EDGE('',*,*,#3111,.T.);
#3118 = CYLINDRICAL_SURFACE('',#3119,1.6);
#3119 = AXIS2_PLACEMENT_3D('',#3120,#3121,#3122);
#3120 = CARTESIAN_POINT('',(184.5,9.5,-1.));
#3121 = DIRECTION('',(0.,0.,1.));
#3122 = DIRECTION('',(1.,0.,-0.));
#3123 = ( GEOMETRIC_REPRESENTATION_CONTEXT(3) 
GLOBAL_UNCERTAINTY_ASSIGNED_CONTEXT((#3127)) 
GLOBAL_UNIT_ASSIGNED_CONTEXT((#3124,#3125,#3126)) REPRESENTATION_CONTEXT
('Context #1','3D Context with UNIT and UNCERTAINTY') );
#3124 = ( LENGTH_UNIT() NAMED_UNIT(*) SI_UNIT(.MILLI.,.METRE.) );
#3125 = ( NAMED_UNIT(*) PLANE_ANGLE_UNIT() SI_UNIT($,.RADIAN.) );
#3126 = ( NAMED_UNIT(*) SI_UNIT($,.STERADIAN.) SOLID_ANGLE_UNIT() );
#3127 = UNCERTAINTY_MEASURE_WITH_UNIT(LENGTH_MEASURE(1.E-07),#3124,
  'distance_accuracy_value','confusion accuracy');
#3128 = CONTEXT_DEPENDENT_SHAPE_REPRESENTATION(#3129,#3131);
#3129 = ( REPRESENTATION_RELATIONSHIP('','',#2110,#10) 
REPRESENTATION_RELATIONSHIP_WITH_TRANSFORMATION(#3130) 
SHAPE_REPRESENTATION_RELATIONSHIP() );
#3130 = ITEM_DEFINED_TRANSFORMATION('','',#11,#23);
#3131 = PRODUCT_DEFINITION_SHAPE('Placement','Placement of an item',
  #3132);
#3132 = NEXT_ASSEMBLY_USAGE_OCCURRENCE('3','arm_1','',#5,#2105,$);
#3133 = PRODUCT_RELATED_PRODUCT_CATEGORY('part',$,(#2107));
#3134 = SHAPE_DEFINITION_REPRESENTATION(#3135,#3141);
#3135 = PRODUCT_DEFINITION_SHAPE('','',#3136);
#3136 = PRODUCT_DEFINITION('design','',#3137,#3140);
#3137 = PRODUCT_DEFINITION_FORMATION('','',#3138);
#3138 = PRODUCT('arm_2','arm_2','',(#3139));
#3139 = PRODUCT_CONTEXT('',#2,'mechanical');
#3140 = PRODUCT_DEFINITION_CONTEXT('part definition',#2,'design');
#3141 = ADVANCED_BREP_SHAPE_REPRESENTATION('',(#11,#3142),#4154);
#3142 = MANIFOLD_SOLID_BREP('',#3143);
#3143 = CLOSED_SHELL('',(#3144,#3178,#3233,#3249,#3280,#3391,#3422,#3447
    ,#3472,#3490,#3529,#3562,#3697,#3742,#3787,#3832,#3877,#3922,#3947,
    #3965,#3980,#3991,#4044,#4103,#4120,#4137));
#3144 = ADVANCED_FACE('',(#3145),#3173,.T.);
#3145 = FACE_BOUND('',#3146,.T.);
#3146 = EDGE_LOOP('',(#3147,#3158,#3166));
#3147 = ORIENTED_EDGE('',*,*,#3148,.T.);
#3148 = EDGE_CURVE('',#3149,#3151,#3153,.T.);
#3149 = VERTEX_POINT('',#3150);
#3150 = CARTESIAN_POINT('',(36.,-1.959434878636E-15,2.));
#3151 = VERTEX_POINT('',#3152);
#3152 = CARTESIAN_POINT('',(28.,8.,2.));
#3153 = CIRCLE('',#3154,8.);
#3154 = AXIS2_PLACEMENT_3D('',#3155,#3156,#3157);
#3155 = CARTESIAN_POINT('',(28.,0.,2.));
#3156 = DIRECTION('',(0.,0.,1.));
#3157 = DIRECTION('',(1.,0.,-0.));
#3158 = ORIENTED_EDGE('',*,*,#3159,.F.);
#3159 = EDGE_CURVE('',#3160,#3151,#3162,.T.);
#3160 = VERTEX_POINT('',#3161);
#3161 = CARTESIAN_POINT('',(28.,-8.,2.));
#3162 = LINE('',#3163,#3164);
#3163 = CARTESIAN_POINT('',(28.,-8.,2.));
#3164 = VECTOR('',#3165,1.);
#3165 = DIRECTION('',(-0.,1.,0.));
#3166 = ORIENTED_EDGE('',*,*,#3167,.T.);
#3167 = EDGE_CURVE('',#3160,#3149,#3168,.T.);
#3168 = CIRCLE('',#3169,8.);
#3169 = AXIS2_PLACEMENT_3D('',#3170,#3171,#3172);
#3170 = CARTESIAN_POINT('',(28.,0.,2.));
#3171 = DIRECTION('',(0.,0.,1.));
#3172 = DIRECTION('',(1.,0.,-0.));
#3173 = PLANE('',#3174);
#3174 = AXIS2_PLACEMENT_3D('',#3175,#3176,#3177);
#3175 = CARTESIAN_POINT('',(28.,-8.,2.));
#3176 = DIRECTION('',(0.,0.,1.));
#3177 = DIRECTION('',(1.,0.,-0.));
#3178 = ADVANCED_FACE('',(#3179,#3206,#3217),#3228,.T.);
#3179 = FACE_BOUND('',#3180,.T.);
#3180 = EDGE_LOOP('',(#3181,#3189,#3190,#3191,#3199));
#3181 = ORIENTED_EDGE('',*,*,#3182,.F.);
#3182 = EDGE_CURVE('',#3151,#3183,#3185,.T.);
#3183 = VERTEX_POINT('',#3184);
#3184 = CARTESIAN_POINT('',(158.8754845034,8.,2.));
#3185 = LINE('',#3186,#3187);
#3186 = CARTESIAN_POINT('',(28.,8.,2.));
#3187 = VECTOR('',#3188,1.);
#3188 = DIRECTION('',(1.,0.,-0.));
#3189 = ORIENTED_EDGE('',*,*,#3148,.F.);
#3190 = ORIENTED_EDGE('',*,*,#3167,.F.);
#3191 = ORIENTED_EDGE('',*,*,#3192,.T.);
#3192 = EDGE_CURVE('',#3160,#3193,#3195,.T.);
#3193 = VERTEX_POINT('',#3194);
#3194 = CARTESIAN_POINT('',(158.8754845034,-8.,2.));
#3195 = LINE('',#3196,#3197);
#3196 = CARTESIAN_POINT('',(28.,-8.,2.));
#3197 = VECTOR('',#3198,1.);
#3198 = DIRECTION('',(1.,0.,-0.));
#3199 = ORIENTED_EDGE('',*,*,#3200,.F.);
#3200 = EDGE_CURVE('',#3183,#3193,#3201,.T.);
#3201 = CIRCLE('',#3202,18.);
#3202 = AXIS2_PLACEMENT_3D('',#3203,#3204,#3205);
#3203 = CARTESIAN_POINT('',(175.,0.,2.));
#3204 = DIRECTION('',(0.,0.,1.));
#3205 = DIRECTION('',(1.,0.,-0.));
#3206 = FACE_BOUND('',#3207,.T.);
#3207 = EDGE_LOOP('',(#3208));
#3208 = ORIENTED_EDGE('',*,*,#3209,.F.);
#3209 = EDGE_CURVE('',#3210,#3210,#3212,.T.);
#3210 = VERTEX_POINT('',#3211);
#3211 = CARTESIAN_POINT('',(39.6,-3.918869757272E-16,2.));
#3212 = CIRCLE('',#3213,1.6);
#3213 = AXIS2_PLACEMENT_3D('',#3214,#3215,#3216);
#3214 = CARTESIAN_POINT('',(38.,0.,2.));
#3215 = DIRECTION('',(0.,0.,1.));
#3216 = DIRECTION('',(1.,0.,-0.));
#3217 = FACE_BOUND('',#3218,.T.);
#3218 = EDGE_LOOP('',(#3219));
#3219 = ORIENTED_EDGE('',*,*,#3220,.F.);
#3220 = EDGE_CURVE('',#3221,#3221,#3223,.T.);
#3221 = VERTEX_POINT('',#3222);
#3222 = CARTESIAN_POINT('',(59.6,-3.918869757272E-16,2.));
#3223 = CIRCLE('',#3224,1.6);
#3224 = AXIS2_PLACEMENT_3D('',#3225,#3226,#3227);
#3225 = CARTESIAN_POINT('',(58.,0.,2.));
#3226 = DIRECTION('',(0.,0.,1.));
#3227 = DIRECTION('',(1.,0.,-0.));
#3228 = PLANE('',#3229);
#3229 = AXIS2_PLACEMENT_3D('',#3230,#3231,#3232);
#3230 = CARTESIAN_POINT('',(28.,-8.,2.));
#3231 = DIRECTION('',(0.,0.,1.));
#3232 = DIRECTION('',(1.,0.,-0.));
#3233 = ADVANCED_FACE('',(#3234),#3244,.T.);
#3234 = FACE_BOUND('',#3235,.T.);
#3235 = EDGE_LOOP('',(#3236,#3237));
#3236 = ORIENTED_EDGE('',*,*,#3159,.T.);
#3237 = ORIENTED_EDGE('',*,*,#3238,.T.);
#3238 = EDGE_CURVE('',#3151,#3160,#3239,.T.);
#3239 = CIRCLE('',#3240,8.);
#3240 = AXIS2_PLACEMENT_3D('',#3241,#3242,#3243);
#3241 = CARTESIAN_POINT('',(28.,0.,2.));
#3242 = DIRECTION('',(0.,0.,1.));
#3243 = DIRECTION('',(1.,0.,-0.));
#3244 = PLANE('',#3245);
#3245 = AXIS2_PLACEMENT_3D('',#3246,#3247,#3248);
#3246 = CARTESIAN_POINT('',(28.,0.,2.));
#3247 = DIRECTION('',(0.,0.,1.));
#3248 = DIRECTION('',(1.,0.,-0.));
#3249 = ADVANCED_FACE('',(#3250),#3275,.T.);
#3250 = FACE_BOUND('',#3251,.T.);
#3251 = EDGE_LOOP('',(#3252,#3262,#3268,#3269));
#3252 = ORIENTED_EDGE('',*,*,#3253,.F.);
#3253 = EDGE_CURVE('',#3254,#3256,#3258,.T.);
#3254 = VERTEX_POINT('',#3255);
#3255 = CARTESIAN_POINT('',(28.,8.,0.));
#3256 = VERTEX_POINT('',#3257);
#3257 = CARTESIAN_POINT('',(158.8754845034,8.,0.));
#3258 = LINE('',#3259,#3260);
#3259 = CARTESIAN_POINT('',(28.,8.,0.));
#3260 = VECTOR('',#3261,1.);
#3261 = DIRECTION('',(1.,0.,-0.));
#3262 = ORIENTED_EDGE('',*,*,#3263,.T.);
#3263 = EDGE_CURVE('',#3254,#3151,#3264,.T.);
#3264 = LINE('',#3265,#3266);
#3265 = CARTESIAN_POINT('',(28.,8.,0.));
#3266 = VECTOR('',#3267,1.);
#3267 = DIRECTION('',(0.,0.,1.));
#3268 = ORIENTED_EDGE('',*,*,#3182,.T.);
#3269 = ORIENTED_EDGE('',*,*,#3270,.F.);
#3270 = EDGE_CURVE('',#3256,#3183,#3271,.T.);
#3271 = LINE('',#3272,#3273);
#3272 = CARTESIAN_POINT('',(158.8754845034,8.,0.));
#3273 = VECTOR('',#3274,1.);
#3274 = DIRECTION('',(0.,0.,1.));
#3275 = PLANE('',#3276);
#3276 = AXIS2_PLACEMENT_3D('',#3277,#3278,#3279);
#3277 = CARTESIAN_POINT('',(28.,8.,0.));
#3278 = DIRECTION('',(-0.,1.,0.));
#3279 = DIRECTION('',(0.,0.,1.));
#3280 = ADVANCED_FACE('',(#3281,#3375),#3386,.T.);
#3281 = FACE_BOUND('',#3282,.T.);
#3282 = EDGE_LOOP('',(#3283,#3291,#3292,#3300,#3309,#3317,#3326,#3334,
    #3343,#3351,#3360,#3368));
#3283 = ORIENTED_EDGE('',*,*,#3284,.F.);
#3284 = EDGE_CURVE('',#3183,#3285,#3287,.T.);
#3285 = VERTEX_POINT('',#3286);
#3286 = CARTESIAN_POINT('',(164.94322356371,8.,2.));
#3287 = LINE('',#3288,#3289);
#3288 = CARTESIAN_POINT('',(28.,8.,2.));
#3289 = VECTOR('',#3290,1.);
#3290 = DIRECTION('',(1.,0.,-0.));
#3291 = ORIENTED_EDGE('',*,*,#3200,.T.);
#3292 = ORIENTED_EDGE('',*,*,#3293,.T.);
#3293 = EDGE_CURVE('',#3193,#3294,#3296,.T.);
#3294 = VERTEX_POINT('',#3295);
#3295 = CARTESIAN_POINT('',(164.94322356371,-8.,2.));
#3296 = LINE('',#3297,#3298);
#3297 = CARTESIAN_POINT('',(28.,-8.,2.));
#3298 = VECTOR('',#3299,1.);
#3299 = DIRECTION('',(1.,0.,-0.));
#3300 = ORIENTED_EDGE('',*,*,#3301,.F.);
#3301 = EDGE_CURVE('',#3302,#3294,#3304,.T.);
#3302 = VERTEX_POINT('',#3303);
#3303 = CARTESIAN_POINT('',(166.05677643628,-8.,2.));
#3304 = CIRCLE('',#3305,1.6);
#3305 = AXIS2_PLACEMENT_3D('',#3306,#3307,#3308);
#3306 = CARTESIAN_POINT('',(165.5,-9.5,2.));
#3307 = DIRECTION('',(0.,0.,1.));
#3308 = DIRECTION('',(1.,0.,-0.));
#3309 = ORIENTED_EDGE('',*,*,#3310,.T.);
#3310 = EDGE_CURVE('',#3302,#3311,#3313,.T.);
#3311 = VERTEX_POINT('',#3312);
#3312 = CARTESIAN_POINT('',(174.44322356371,-8.,2.));
#3313 = LINE('',#3314,#3315);
#3314 = CARTESIAN_POINT('',(28.,-8.,2.));
#3315 = VECTOR('',#3316,1.);
#3316 = DIRECTION('',(1.,0.,-0.));
#3317 = ORIENTED_EDGE('',*,*,#3318,.F.);
#3318 = EDGE_CURVE('',#3319,#3311,#3321,.T.);
#3319 = VERTEX_POINT('',#3320);
#3320 = CARTESIAN_POINT('',(175.,-7.900000000001,2.));
#3321 = CIRCLE('',#3322,1.6);
#3322 = AXIS2_PLACEMENT_3D('',#3323,#3324,#3325);
#3323 = CARTESIAN_POINT('',(175.,-9.5,2.));
#3324 = DIRECTION('',(0.,0.,1.));
#3325 = DIRECTION('',(1.,0.,-0.));
#3326 = ORIENTED_EDGE('',*,*,#3327,.T.);
#3327 = EDGE_CURVE('',#3319,#3328,#3330,.T.);
#3328 = VERTEX_POINT('',#3329);
#3329 = CARTESIAN_POINT('',(175.,-4.5,2.));
#3330 = LINE('',#3331,#3332);
#3331 = CARTESIAN_POINT('',(175.,-8.,2.));
#3332 = VECTOR('',#3333,1.);
#3333 = DIRECTION('',(-0.,1.,0.));
#3334 = ORIENTED_EDGE('',*,*,#3335,.F.);
#3335 = EDGE_CURVE('',#3336,#3328,#3338,.T.);
#3336 = VERTEX_POINT('',#3337);
#3337 = CARTESIAN_POINT('',(175.,4.5,2.));
#3338 = CIRCLE('',#3339,4.5);
#3339 = AXIS2_PLACEMENT_3D('',#3340,#3341,#3342);
#3340 = CARTESIAN_POINT('',(175.,0.,2.));
#3341 = DIRECTION('',(0.,0.,1.));
#3342 = DIRECTION('',(1.,0.,-0.));
#3343 = ORIENTED_EDGE('',*,*,#3344,.T.);
#3344 = EDGE_CURVE('',#3336,#3345,#3347,.T.);
#3345 = VERTEX_POINT('',#3346);
#3346 = CARTESIAN_POINT('',(175.,7.900000000001,2.));
#3347 = LINE('',#3348,#3349);
#3348 = CARTESIAN_POINT('',(175.,-8.,2.));
#3349 = VECTOR('',#3350,1.);
#3350 = DIRECTION('',(-0.,1.,0.));
#3351 = ORIENTED_EDGE('',*,*,#3352,.F.);
#3352 = EDGE_CURVE('',#3353,#3345,#3355,.T.);
#3353 = VERTEX_POINT('',#3354);
#3354 = CARTESIAN_POINT('',(174.44322356371,8.,2.));
#3355 = CIRCLE('',#3356,1.6);
#3356 = AXIS2_PLACEMENT_3D('',#3357,#3358,#3359);
#3357 = CARTESIAN_POINT('',(175.,9.5,2.));
#3358 = DIRECTION('',(0.,0.,1.));
#3359 = DIRECTION('',(1.,0.,-0.));
#3360 = ORIENTED_EDGE('',*,*,#3361,.F.);
#3361 = EDGE_CURVE('',#3362,#3353,#3364,.T.);
#3362 = VERTEX_POINT('',#3363);
#3363 = CARTESIAN_POINT('',(166.05677643628,8.,2.));
#3364 = LINE('',#3365,#3366);
#3365 = CARTESIAN_POINT('',(28.,8.,2.));
#3366 = VECTOR('',#3367,1.);
#3367 = DIRECTION('',(1.,0.,-0.));
#3368 = ORIENTED_EDGE('',*,*,#3369,.F.);
#3369 = EDGE_CURVE('',#3285,#3362,#3370,.T.);
#3370 = CIRCLE('',#3371,1.6);
#3371 = AXIS2_PLACEMENT_3D('',#3372,#3373,#3374);
#3372 = CARTESIAN_POINT('',(165.5,9.5,2.));
#3373 = DIRECTION('',(0.,0.,1.));
#3374 = DIRECTION('',(1.,0.,-0.));
#3375 = FACE_BOUND('',#3376,.T.);
#3376 = EDGE_LOOP('',(#3377));
#3377 = ORIENTED_EDGE('',*,*,#3378,.F.);
#3378 = EDGE_CURVE('',#3379,#3379,#3381,.T.);
#3379 = VERTEX_POINT('',#3380);
#3380 = CARTESIAN_POINT('',(168.6,-3.918869757272E-16,2.));
#3381 = CIRCLE('',#3382,1.6);
#3382 = AXIS2_PLACEMENT_3D('',#3383,#3384,#3385);
#3383 = CARTESIAN_POINT('',(167.,0.,2.));
#3384 = DIRECTION('',(0.,0.,1.));
#3385 = DIRECTION('',(1.,0.,-0.));
#3386 = PLANE('',#3387);
#3387 = AXIS2_PLACEMENT_3D('',#3388,#3389,#3390);
#3388 = CARTESIAN_POINT('',(28.,-8.,2.));
#3389 = DIRECTION('',(0.,0.,1.));
#3390 = DIRECTION('',(1.,0.,-0.));
#3391 = ADVANCED_FACE('',(#3392),#3417,.F.);
#3392 = FACE_BOUND('',#3393,.F.);
#3393 = EDGE_LOOP('',(#3394,#3404,#3410,#3411));
#3394 = ORIENTED_EDGE('',*,*,#3395,.F.);
#3395 = EDGE_CURVE('',#3396,#3398,#3400,.T.);
#3396 = VERTEX_POINT('',#3397);
#3397 = CARTESIAN_POINT('',(28.,-8.,0.));
#3398 = VERTEX_POINT('',#3399);
#3399 = CARTESIAN_POINT('',(158.8754845034,-8.,0.));
#3400 = LINE('',#3401,#3402);
#3401 = CARTESIAN_POINT('',(28.,-8.,0.));
#3402 = VECTOR('',#3403,1.);
#3403 = DIRECTION('',(1.,0.,-0.));
#3404 = ORIENTED_EDGE('',*,*,#3405,.T.);
#3405 = EDGE_CURVE('',#3396,#3160,#3406,.T.);
#3406 = LINE('',#3407,#3408);
#3407 = CARTESIAN_POINT('',(28.,-8.,0.));
#3408 = VECTOR('',#3409,1.);
#3409 = DIRECTION('',(0.,0.,1.));
#3410 = ORIENTED_EDGE('',*,*,#3192,.T.);
#3411 = ORIENTED_EDGE('',*,*,#3412,.F.);
#3412 = EDGE_CURVE('',#3398,#3193,#3413,.T.);
#3413 = LINE('',#3414,#3415);
#3414 = CARTESIAN_POINT('',(158.8754845034,-8.,0.));
#3415 = VECTOR('',#3416,1.);
#3416 = DIRECTION('',(0.,0.,1.));
#3417 = PLANE('',#3418);
#3418 = AXIS2_PLACEMENT_3D('',#3419,#3420,#3421);
#3419 = CARTESIAN_POINT('',(28.,-8.,0.));
#3420 = DIRECTION('',(-0.,1.,0.));
#3421 = DIRECTION('',(0.,0.,1.));
#3422 = ADVANCED_FACE('',(#3423),#3442,.F.);
#3423 = FACE_BOUND('',#3424,.F.);
#3424 = EDGE_LOOP('',(#3425,#3426,#3434,#3441));
#3425 = ORIENTED_EDGE('',*,*,#3209,.F.);
#3426 = ORIENTED_EDGE('',*,*,#3427,.F.);
#3427 = EDGE_CURVE('',#3428,#3210,#3430,.T.);
#3428 = VERTEX_POINT('',#3429);
#3429 = CARTESIAN_POINT('',(39.6,-3.918869757272E-16,0.));
#3430 = LINE('',#3431,#3432);
#3431 = CARTESIAN_POINT('',(39.6,-3.918869757272E-16,-1.));
#3432 = VECTOR('',#3433,1.);
#3433 = DIRECTION('',(0.,0.,1.));
#3434 = ORIENTED_EDGE('',*,*,#3435,.T.);
#3435 = EDGE_CURVE('',#3428,#3428,#3436,.T.);
#3436 = CIRCLE('',#3437,1.6);
#3437 = AXIS2_PLACEMENT_3D('',#3438,#3439,#3440);
#3438 = CARTESIAN_POINT('',(38.,0.,0.));
#3439 = DIRECTION('',(0.,0.,1.));
#3440 = DIRECTION('',(1.,0.,-0.));
#3441 = ORIENTED_EDGE('',*,*,#3427,.T.);
#3442 = CYLINDRICAL_SURFACE('',#3443,1.6);
#3443 = AXIS2_PLACEMENT_3D('',#3444,#3445,#3446);
#3444 = CARTESIAN_POINT('',(38.,0.,-1.));
#3445 = DIRECTION('',(0.,0.,1.));
#3446 = DIRECTION('',(1.,0.,-0.));
#3447 = ADVANCED_FACE('',(#3448),#3467,.F.);
#3448 = FACE_BOUND('',#3449,.F.);
#3449 = EDGE_LOOP('',(#3450,#3451,#3459,#3466));
#3450 = ORIENTED_EDGE('',*,*,#3220,.F.);
#3451 = ORIENTED_EDGE('',*,*,#3452,.F.);
#3452 = EDGE_CURVE('',#3453,#3221,#3455,.T.);
#3453 = VERTEX_POINT('',#3454);
#3454 = CARTESIAN_POINT('',(59.6,-3.918869757272E-16,0.));
#3455 = LINE('',#3456,#3457);
#3456 = CARTESIAN_POINT('',(59.6,-3.918869757272E-16,-1.));
#3457 = VECTOR('',#3458,1.);
#3458 = DIRECTION('',(0.,0.,1.));
#3459 = ORIENTED_EDGE('',*,*,#3460,.T.);
#3460 = EDGE_CURVE('',#3453,#3453,#3461,.T.);
#3461 = CIRCLE('',#3462,1.6);
#3462 = AXIS2_PLACEMENT_3D('',#3463,#3464,#3465);
#3463 = CARTESIAN_POINT('',(58.,0.,0.));
#3464 = DIRECTION('',(0.,0.,1.));
#3465 = DIRECTION('',(1.,0.,-0.));
#3466 = ORIENTED_EDGE('',*,*,#3452,.T.);
#3467 = CYLINDRICAL_SURFACE('',#3468,1.6);
#3468 = AXIS2_PLACEMENT_3D('',#3469,#3470,#3471);
#3469 = CARTESIAN_POINT('',(58.,0.,-1.));
#3470 = DIRECTION('',(0.,0.,1.));
#3471 = DIRECTION('',(1.,0.,-0.));
#3472 = ADVANCED_FACE('',(#3473),#3485,.T.);
#3473 = FACE_BOUND('',#3474,.T.);
#3474 = EDGE_LOOP('',(#3475,#3476,#3477,#3484));
#3475 = ORIENTED_EDGE('',*,*,#3238,.F.);
#3476 = ORIENTED_EDGE('',*,*,#3263,.F.);
#3477 = ORIENTED_EDGE('',*,*,#3478,.T.);
#3478 = EDGE_CURVE('',#3254,#3396,#3479,.T.);
#3479 = CIRCLE('',#3480,8.);
#3480 = AXIS2_PLACEMENT_3D('',#3481,#3482,#3483);
#3481 = CARTESIAN_POINT('',(28.,0.,0.));
#3482 = DIRECTION('',(0.,0.,1.));
#3483 = DIRECTION('',(1.,0.,-0.));
#3484 = ORIENTED_EDGE('',*,*,#3405,.T.);
#3485 = CYLINDRICAL_SURFACE('',#3486,8.);
#3486 = AXIS2_PLACEMENT_3D('',#3487,#3488,#3489);
#3487 = CARTESIAN_POINT('',(28.,0.,0.));
#3488 = DIRECTION('',(0.,0.,1.));
#3489 = DIRECTION('',(1.,0.,-0.));
#3490 = ADVANCED_FACE('',(#3491,#3518,#3521),#3524,.F.);
#3491 = FACE_BOUND('',#3492,.F.);
#3492 = EDGE_LOOP('',(#3493,#3494,#3503,#3510,#3511));
#3493 = ORIENTED_EDGE('',*,*,#3253,.F.);
#3494 = ORIENTED_EDGE('',*,*,#3495,.F.);
#3495 = EDGE_CURVE('',#3496,#3254,#3498,.T.);
#3496 = VERTEX_POINT('',#3497);
#3497 = CARTESIAN_POINT('',(36.,-1.959434878636E-15,0.));
#3498 = CIRCLE('',#3499,8.);
#3499 = AXIS2_PLACEMENT_3D('',#3500,#3501,#3502);
#3500 = CARTESIAN_POINT('',(28.,0.,0.));
#3501 = DIRECTION('',(0.,0.,1.));
#3502 = DIRECTION('',(1.,0.,-0.));
#3503 = ORIENTED_EDGE('',*,*,#3504,.F.);
#3504 = EDGE_CURVE('',#3396,#3496,#3505,.T.);
#3505 = CIRCLE('',#3506,8.);
#3506 = AXIS2_PLACEMENT_3D('',#3507,#3508,#3509);
#3507 = CARTESIAN_POINT('',(28.,0.,0.));
#3508 = DIRECTION('',(0.,0.,1.));
#3509 = DIRECTION('',(1.,0.,-0.));
#3510 = ORIENTED_EDGE('',*,*,#3395,.T.);
#3511 = ORIENTED_EDGE('',*,*,#3512,.F.);
#3512 = EDGE_CURVE('',#3256,#3398,#3513,.T.);
#3513 = CIRCLE('',#3514,18.);
#3514 = AXIS2_PLACEMENT_3D('',#3515,#3516,#3517);
#3515 = CARTESIAN_POINT('',(175.,0.,0.));
#3516 = DIRECTION('',(0.,0.,1.));
#3517 = DIRECTION('',(1.,0.,-0.));
#3518 = FACE_BOUND('',#3519,.F.);
#3519 = EDGE_LOOP('',(#3520));
#3520 = ORIENTED_EDGE('',*,*,#3435,.F.);
#3521 = FACE_BOUND('',#3522,.F.);
#3522 = EDGE_LOOP('',(#3523));
#3523 = ORIENTED_EDGE('',*,*,#3460,.F.);
#3524 = PLANE('',#3525);
#3525 = AXIS2_PLACEMENT_3D('',#3526,#3527,#3528);
#3526 = CARTESIAN_POINT('',(28.,-8.,0.));
#3527 = DIRECTION('',(0.,0.,1.));
#3528 = DIRECTION('',(1.,0.,-0.));
#3529 = ADVANCED_FACE('',(#3530),#3557,.T.);
#3530 = FACE_BOUND('',#3531,.T.);
#3531 = EDGE_LOOP('',(#3532,#3541,#3549,#3556));
#3532 = ORIENTED_EDGE('',*,*,#3533,.F.);
#3533 = EDGE_CURVE('',#3534,#3183,#3536,.T.);
#3534 = VERTEX_POINT('',#3535);
#3535 = CARTESIAN_POINT('',(193.,-4.40872847693E-15,2.));
#3536 = CIRCLE('',#3537,18.);
#3537 = AXIS2_PLACEMENT_3D('',#3538,#3539,#3540);
#3538 = CARTESIAN_POINT('',(175.,0.,2.));
#3539 = DIRECTION('',(0.,0.,1.));
#3540 = DIRECTION('',(1.,0.,-0.));
#3541 = ORIENTED_EDGE('',*,*,#3542,.F.);
#3542 = EDGE_CURVE('',#3543,#3534,#3545,.T.);
#3543 = VERTEX_POINT('',#3544);
#3544 = CARTESIAN_POINT('',(193.,-4.40872847693E-15,0.));
#3545 = LINE('',#3546,#3547);
#3546 = CARTESIAN_POINT('',(193.,-4.40872847693E-15,0.));
#3547 = VECTOR('',#3548,1.);
#3548 = DIRECTION('',(0.,0.,1.));
#3549 = ORIENTED_EDGE('',*,*,#3550,.T.);
#3550 = EDGE_CURVE('',#3543,#3256,#3551,.T.);
#3551 = CIRCLE('',#3552,18.);
#3552 = AXIS2_PLACEMENT_3D('',#3553,#3554,#3555);
#3553 = CARTESIAN_POINT('',(175.,0.,0.));
#3554 = DIRECTION('',(0.,0.,1.));
#3555 = DIRECTION('',(1.,0.,-0.));
#3556 = ORIENTED_EDGE('',*,*,#3270,.T.);
#3557 = CYLINDRICAL_SURFACE('',#3558,18.);
#3558 = AXIS2_PLACEMENT_3D('',#3559,#3560,#3561);
#3559 = CARTESIAN_POINT('',(175.,0.,0.));
#3560 = DIRECTION('',(0.,0.,1.));
#3561 = DIRECTION('',(1.,0.,-0.));
#3562 = ADVANCED_FACE('',(#3563,#3659,#3670,#3681),#3692,.T.);
#3563 = FACE_BOUND('',#3564,.T.);
#3564 = EDGE_LOOP('',(#3565,#3566,#3573,#3574,#3575,#3584,#3591,#3592,
    #3601,#3608,#3609,#3618,#3625,#3626,#3635,#3642,#3643,#3652));
#3565 = ORIENTED_EDGE('',*,*,#3293,.F.);
#3566 = ORIENTED_EDGE('',*,*,#3567,.T.);
#3567 = EDGE_CURVE('',#3193,#3534,#3568,.T.);
#3568 = CIRCLE('',#3569,18.);
#3569 = AXIS2_PLACEMENT_3D('',#3570,#3571,#3572);
#3570 = CARTESIAN_POINT('',(175.,0.,2.));
#3571 = DIRECTION('',(0.,0.,1.));
#3572 = DIRECTION('',(1.,0.,-0.));
#3573 = ORIENTED_EDGE('',*,*,#3533,.T.);
#3574 = ORIENTED_EDGE('',*,*,#3284,.T.);
#3575 = ORIENTED_EDGE('',*,*,#3576,.F.);
#3576 = EDGE_CURVE('',#3577,#3285,#3579,.T.);
#3577 = VERTEX_POINT('',#3578);
#3578 = CARTESIAN_POINT('',(167.1,9.5,2.));
#3579 = CIRCLE('',#3580,1.6);
#3580 = AXIS2_PLACEMENT_3D('',#3581,#3582,#3583);
#3581 = CARTESIAN_POINT('',(165.5,9.5,2.));
#3582 = DIRECTION('',(0.,0.,1.));
#3583 = DIRECTION('',(1.,0.,-0.));
#3584 = ORIENTED_EDGE('',*,*,#3585,.F.);
#3585 = EDGE_CURVE('',#3362,#3577,#3586,.T.);
#3586 = CIRCLE('',#3587,1.6);
#3587 = AXIS2_PLACEMENT_3D('',#3588,#3589,#3590);
#3588 = CARTESIAN_POINT('',(165.5,9.5,2.));
#3589 = DIRECTION('',(0.,0.,1.));
#3590 = DIRECTION('',(1.,0.,-0.));
#3591 = ORIENTED_EDGE('',*,*,#3361,.T.);
#3592 = ORIENTED_EDGE('',*,*,#3593,.F.);
#3593 = EDGE_CURVE('',#3594,#3353,#3596,.T.);
#3594 = VERTEX_POINT('',#3595);
#3595 = CARTESIAN_POINT('',(176.6,9.5,2.));
#3596 = CIRCLE('',#3597,1.6);
#3597 = AXIS2_PLACEMENT_3D('',#3598,#3599,#3600);
#3598 = CARTESIAN_POINT('',(175.,9.5,2.));
#3599 = DIRECTION('',(0.,0.,1.));
#3600 = DIRECTION('',(1.,0.,-0.));
#3601 = ORIENTED_EDGE('',*,*,#3602,.F.);
#3602 = EDGE_CURVE('',#3345,#3594,#3603,.T.);
#3603 = CIRCLE('',#3604,1.6);
#3604 = AXIS2_PLACEMENT_3D('',#3605,#3606,#3607);
#3605 = CARTESIAN_POINT('',(175.,9.5,2.));
#3606 = DIRECTION('',(0.,0.,1.));
#3607 = DIRECTION('',(1.,0.,-0.));
#3608 = ORIENTED_EDGE('',*,*,#3344,.F.);
#3609 = ORIENTED_EDGE('',*,*,#3610,.F.);
#3610 = EDGE_CURVE('',#3611,#3336,#3613,.T.);
#3611 = VERTEX_POINT('',#3612);
#3612 = CARTESIAN_POINT('',(179.5,-1.102182119233E-15,2.));
#3613 = CIRCLE('',#3614,4.5);
#3614 = AXIS2_PLACEMENT_3D('',#3615,#3616,#3617);
#3615 = CARTESIAN_POINT('',(175.,0.,2.));
#3616 = DIRECTION('',(0.,0.,1.));
#3617 = DIRECTION('',(1.,0.,-0.));
#3618 = ORIENTED_EDGE('',*,*,#3619,.F.);
#3619 = EDGE_CURVE('',#3328,#3611,#3620,.T.);
#3620 = CIRCLE('',#3621,4.5);
#3621 = AXIS2_PLACEMENT_3D('',#3622,#3623,#3624);
#3622 = CARTESIAN_POINT('',(175.,0.,2.));
#3623 = DIRECTION('',(0.,0.,1.));
#3624 = DIRECTION('',(1.,0.,-0.));
#3625 = ORIENTED_EDGE('',*,*,#3327,.F.);
#3626 = ORIENTED_EDGE('',*,*,#3627,.F.);
#3627 = EDGE_CURVE('',#3628,#3319,#3630,.T.);
#3628 = VERTEX_POINT('',#3629);
#3629 = CARTESIAN_POINT('',(176.6,-9.5,2.));
#3630 = CIRCLE('',#3631,1.6);
#3631 = AXIS2_PLACEMENT_3D('',#3632,#3633,#3634);
#3632 = CARTESIAN_POINT('',(175.,-9.5,2.));
#3633 = DIRECTION('',(0.,0.,1.));
#3634 = DIRECTION('',(1.,0.,-0.));
#3635 = ORIENTED_EDGE('',*,*,#3636,.F.);
#3636 = EDGE_CURVE('',#3311,#3628,#3637,.T.);
#3637 = CIRCLE('',#3638,1.6);
#3638 = AXIS2_PLACEMENT_3D('',#3639,#3640,#3641);
#3639 = CARTESIAN_POINT('',(175.,-9.5,2.));
#3640 = DIRECTION('',(0.,0.,1.));
#3641 = DIRECTION('',(1.,0.,-0.));
#3642 = ORIENTED_EDGE('',*,*,#3310,.F.);
#3643 = ORIENTED_EDGE('',*,*,#3644,.F.);
#3644 = EDGE_CURVE('',#3645,#3302,#3647,.T.);
#3645 = VERTEX_POINT('',#3646);
#3646 = CARTESIAN_POINT('',(167.1,-9.5,2.));
#3647 = CIRCLE('',#3648,1.6);
#3648 = AXIS2_PLACEMENT_3D('',#3649,#3650,#3651);
#3649 = CARTESIAN_POINT('',(165.5,-9.5,2.));
#3650 = DIRECTION('',(0.,0.,1.));
#3651 = DIRECTION('',(1.,0.,-0.));
#3652 = ORIENTED_EDGE('',*,*,#3653,.F.);
#3653 = EDGE_CURVE('',#3294,#3645,#3654,.T.);
#3654 = CIRCLE('',#3655,1.6);
#3655 = AXIS2_PLACEMENT_3D('',#3656,#3657,#3658);
#3656 = CARTESIAN_POINT('',(165.5,-9.5,2.));
#3657 = DIRECTION('',(0.,0.,1.));
#3658 = DIRECTION('',(1.,0.,-0.));
#3659 = FACE_BOUND('',#3660,.T.);
#3660 = EDGE_LOOP('',(#3661));
#3661 = ORIENTED_EDGE('',*,*,#3662,.F.);
#3662 = EDGE_CURVE('',#3663,#3663,#3665,.T.);
#3663 = VERTEX_POINT('',#3664);
#3664 = CARTESIAN_POINT('',(186.1,-9.5,2.));
#3665 = CIRCLE('',#3666,1.6);
#3666 = AXIS2_PLACEMENT_3D('',#3667,#3668,#3669);
#3667 = CARTESIAN_POINT('',(184.5,-9.5,2.));
#3668 = DIRECTION('',(0.,0.,1.));
#3669 = DIRECTION('',(1.,0.,-0.));
#3670 = FACE_BOUND('',#3671,.T.);
#3671 = EDGE_LOOP('',(#3672));
#3672 = ORIENTED_EDGE('',*,*,#3673,.F.);
#3673 = EDGE_CURVE('',#3674,#3674,#3676,.T.);
#3674 = VERTEX_POINT('',#3675);
#3675 = CARTESIAN_POINT('',(184.6,-3.918869757272E-16,2.));
#3676 = CIRCLE('',#3677,1.6);
#3677 = AXIS2_PLACEMENT_3D('',#3678,#3679,#3680);
#3678 = CARTESIAN_POINT('',(183.,0.,2.));
#3679 = DIRECTION('',(0.,0.,1.));
#3680 = DIRECTION('',(1.,0.,-0.));
#3681 = FACE_BOUND('',#3682,.T.);
#3682 = EDGE_LOOP('',(#3683));
#3683 = ORIENTED_EDGE('',*,*,#3684,.F.);
#3684 = EDGE_CURVE('',#3685,#3685,#3687,.T.);
#3685 = VERTEX_POINT('',#3686);
#3686 = CARTESIAN_POINT('',(186.1,9.5,2.));
#3687 = CIRCLE('',#3688,1.6);
#3688 = AXIS2_PLACEMENT_3D('',#3689,#3690,#3691);
#3689 = CARTESIAN_POINT('',(184.5,9.5,2.));
#3690 = DIRECTION('',(0.,0.,1.));
#3691 = DIRECTION('',(1.,0.,-0.));
#3692 = PLANE('',#3693);
#3693 = AXIS2_PLACEMENT_3D('',#3694,#3695,#3696);
#3694 = CARTESIAN_POINT('',(175.,0.,2.));
#3695 = DIRECTION('',(0.,0.,1.));
#3696 = DIRECTION('',(1.,0.,-0.));
#3697 = ADVANCED_FACE('',(#3698),#3737,.F.);
#3698 = FACE_BOUND('',#3699,.F.);
#3699 = EDGE_LOOP('',(#3700,#3701,#3709,#3718,#3727,#3734,#3735,#3736));
#3700 = ORIENTED_EDGE('',*,*,#3576,.F.);
#3701 = ORIENTED_EDGE('',*,*,#3702,.F.);
#3702 = EDGE_CURVE('',#3703,#3577,#3705,.T.);
#3703 = VERTEX_POINT('',#3704);
#3704 = CARTESIAN_POINT('',(167.1,9.5,0.));
#3705 = LINE('',#3706,#3707);
#3706 = CARTESIAN_POINT('',(167.1,9.5,-1.));
#3707 = VECTOR('',#3708,1.);
#3708 = DIRECTION('',(0.,0.,1.));
#3709 = ORIENTED_EDGE('',*,*,#3710,.T.);
#3710 = EDGE_CURVE('',#3703,#3711,#3713,.T.);
#3711 = VERTEX_POINT('',#3712);
#3712 = CARTESIAN_POINT('',(164.94322356371,8.,0.));
#3713 = CIRCLE('',#3714,1.6);
#3714 = AXIS2_PLACEMENT_3D('',#3715,#3716,#3717);
#3715 = CARTESIAN_POINT('',(165.5,9.5,0.));
#3716 = DIRECTION('',(0.,0.,1.));
#3717 = DIRECTION('',(1.,0.,-0.));
#3718 = ORIENTED_EDGE('',*,*,#3719,.T.);
#3719 = EDGE_CURVE('',#3711,#3720,#3722,.T.);
#3720 = VERTEX_POINT('',#3721);
#3721 = CARTESIAN_POINT('',(166.05677643628,8.,0.));
#3722 = CIRCLE('',#3723,1.6);
#3723 = AXIS2_PLACEMENT_3D('',#3724,#3725,#3726);
#3724 = CARTESIAN_POINT('',(165.5,9.5,0.));
#3725 = DIRECTION('',(0.,0.,1.));
#3726 = DIRECTION('',(1.,0.,-0.));
#3727 = ORIENTED_EDGE('',*,*,#3728,.T.);
#3728 = EDGE_CURVE('',#3720,#3703,#3729,.T.);
#3729 = CIRCLE('',#3730,1.6);
#3730 = AXIS2_PLACEMENT_3D('',#3731,#3732,#3733);
#3731 = CARTESIAN_POINT('',(165.5,9.5,0.));
#3732 = DIRECTION('',(0.,0.,1.));
#3733 = DIRECTION('',(1.,0.,-0.));
#3734 = ORIENTED_EDGE('',*,*,#3702,.T.);
#3735 = ORIENTED_EDGE('',*,*,#3585,.F.);
#3736 = ORIENTED_EDGE('',*,*,#3369,.F.);
#3737 = CYLINDRICAL_SURFACE('',#3738,1.6);
#3738 = AXIS2_PLACEMENT_3D('',#3739,#3740,#3741);
#3739 = CARTESIAN_POINT('',(165.5,9.5,-1.));
#3740 = DIRECTION('',(0.,0.,1.));
#3741 = DIRECTION('',(1.,0.,-0.));
#3742 = ADVANCED_FACE('',(#3743),#3782,.F.);
#3743 = FACE_BOUND('',#3744,.F.);
#3744 = EDGE_LOOP('',(#3745,#3746,#3754,#3763,#3772,#3779,#3780,#3781));
#3745 = ORIENTED_EDGE('',*,*,#3593,.F.);
#3746 = ORIENTED_EDGE('',*,*,#3747,.F.);
#3747 = EDGE_CURVE('',#3748,#3594,#3750,.T.);
#3748 = VERTEX_POINT('',#3749);
#3749 = CARTESIAN_POINT('',(176.6,9.5,0.));
#3750 = LINE('',#3751,#3752);
#3751 = CARTESIAN_POINT('',(176.6,9.5,-1.));
#3752 = VECTOR('',#3753,1.);
#3753 = DIRECTION('',(0.,0.,1.));
#3754 = ORIENTED_EDGE('',*,*,#3755,.T.);
#3755 = EDGE_CURVE('',#3748,#3756,#3758,.T.);
#3756 = VERTEX_POINT('',#3757);
#3757 = CARTESIAN_POINT('',(174.44322356371,8.,0.));
#3758 = CIRCLE('',#3759,1.6);
#3759 = AXIS2_PLACEMENT_3D('',#3760,#3761,#3762);
#3760 = CARTESIAN_POINT('',(175.,9.5,0.));
#3761 = DIRECTION('',(0.,0.,1.));
#3762 = DIRECTION('',(1.,0.,-0.));
#3763 = ORIENTED_EDGE('',*,*,#3764,.T.);
#3764 = EDGE_CURVE('',#3756,#3765,#3767,.T.);
#3765 = VERTEX_POINT('',#3766);
#3766 = CARTESIAN_POINT('',(175.,7.900000000001,0.));
#3767 = CIRCLE('',#3768,1.6);
#3768 = AXIS2_PLACEMENT_3D('',#3769,#3770,#3771);
#3769 = CARTESIAN_POINT('',(175.,9.5,0.));
#3770 = DIRECTION('',(0.,0.,1.));
#3771 = DIRECTION('',(1.,0.,-0.));
#3772 = ORIENTED_EDGE('',*,*,#3773,.T.);
#3773 = EDGE_CURVE('',#3765,#3748,#3774,.T.);
#3774 = CIRCLE('',#3775,1.6);
#3775 = AXIS2_PLACEMENT_3D('',#3776,#3777,#3778);
#3776 = CARTESIAN_POINT('',(175.,9.5,0.));
#3777 = DIRECTION('',(0.,0.,1.));
#3778 = DIRECTION('',(1.,0.,-0.));
#3779 = ORIENTED_EDGE('',*,*,#3747,.T.);
#3780 = ORIENTED_EDGE('',*,*,#3602,.F.);
#3781 = ORIENTED_EDGE('',*,*,#3352,.F.);
#3782 = CYLINDRICAL_SURFACE('',#3783,1.6);
#3783 = AXIS2_PLACEMENT_3D('',#3784,#3785,#3786);
#3784 = CARTESIAN_POINT('',(175.,9.5,-1.));
#3785 = DIRECTION('',(0.,0.,1.));
#3786 = DIRECTION('',(1.,0.,-0.));
#3787 = ADVANCED_FACE('',(#3788),#3827,.F.);
#3788 = FACE_BOUND('',#3789,.F.);
#3789 = EDGE_LOOP('',(#3790,#3791,#3799,#3808,#3817,#3824,#3825,#3826));
#3790 = ORIENTED_EDGE('',*,*,#3610,.F.);
#3791 = ORIENTED_EDGE('',*,*,#3792,.F.);
#3792 = EDGE_CURVE('',#3793,#3611,#3795,.T.);
#3793 = VERTEX_POINT('',#3794);
#3794 = CARTESIAN_POINT('',(179.5,-1.102182119233E-15,0.));
#3795 = LINE('',#3796,#3797);
#3796 = CARTESIAN_POINT('',(179.5,-1.102182119233E-15,-1.));
#3797 = VECTOR('',#3798,1.);
#3798 = DIRECTION('',(0.,0.,1.));
#3799 = ORIENTED_EDGE('',*,*,#3800,.T.);
#3800 = EDGE_CURVE('',#3793,#3801,#3803,.T.);
#3801 = VERTEX_POINT('',#3802);
#3802 = CARTESIAN_POINT('',(175.,4.5,0.));
#3803 = CIRCLE('',#3804,4.5);
#3804 = AXIS2_PLACEMENT_3D('',#3805,#3806,#3807);
#3805 = CARTESIAN_POINT('',(175.,0.,0.));
#3806 = DIRECTION('',(0.,0.,1.));
#3807 = DIRECTION('',(1.,0.,-0.));
#3808 = ORIENTED_EDGE('',*,*,#3809,.T.);
#3809 = EDGE_CURVE('',#3801,#3810,#3812,.T.);
#3810 = VERTEX_POINT('',#3811);
#3811 = CARTESIAN_POINT('',(175.,-4.5,0.));
#3812 = CIRCLE('',#3813,4.5);
#3813 = AXIS2_PLACEMENT_3D('',#3814,#3815,#3816);
#3814 = CARTESIAN_POINT('',(175.,0.,0.));
#3815 = DIRECTION('',(0.,0.,1.));
#3816 = DIRECTION('',(1.,0.,-0.));
#3817 = ORIENTED_EDGE('',*,*,#3818,.T.);
#3818 = EDGE_CURVE('',#3810,#3793,#3819,.T.);
#3819 = CIRCLE('',#3820,4.5);
#3820 = AXIS2_PLACEMENT_3D('',#3821,#3822,#3823);
#3821 = CARTESIAN_POINT('',(175.,0.,0.));
#3822 = DIRECTION('',(0.,0.,1.));
#3823 = DIRECTION('',(1.,0.,-0.));
#3824 = ORIENTED_EDGE('',*,*,#3792,.T.);
#3825 = ORIENTED_EDGE('',*,*,#3619,.F.);
#3826 = ORIENTED_EDGE('',*,*,#3335,.F.);
#3827 = CYLINDRICAL_SURFACE('',#3828,4.5);
#3828 = AXIS2_PLACEMENT_3D('',#3829,#3830,#3831);
#3829 = CARTESIAN_POINT('',(175.,0.,-1.));
#3830 = DIRECTION('',(0.,0.,1.));
#3831 = DIRECTION('',(1.,0.,-0.));
#3832 = ADVANCED_FACE('',(#3833),#3872,.F.);
#3833 = FACE_BOUND('',#3834,.F.);
#3834 = EDGE_LOOP('',(#3835,#3836,#3844,#3853,#3862,#3869,#3870,#3871));
#3835 = ORIENTED_EDGE('',*,*,#3627,.F.);
#3836 = ORIENTED_EDGE('',*,*,#3837,.F.);
#3837 = EDGE_CURVE('',#3838,#3628,#3840,.T.);
#3838 = VERTEX_POINT('',#3839);
#3839 = CARTESIAN_POINT('',(176.6,-9.5,0.));
#3840 = LINE('',#3841,#3842);
#3841 = CARTESIAN_POINT('',(176.6,-9.5,-1.));
#3842 = VECTOR('',#3843,1.);
#3843 = DIRECTION('',(0.,0.,1.));
#3844 = ORIENTED_EDGE('',*,*,#3845,.T.);
#3845 = EDGE_CURVE('',#3838,#3846,#3848,.T.);
#3846 = VERTEX_POINT('',#3847);
#3847 = CARTESIAN_POINT('',(175.,-7.900000000001,0.));
#3848 = CIRCLE('',#3849,1.6);
#3849 = AXIS2_PLACEMENT_3D('',#3850,#3851,#3852);
#3850 = CARTESIAN_POINT('',(175.,-9.5,0.));
#3851 = DIRECTION('',(0.,0.,1.));
#3852 = DIRECTION('',(1.,0.,-0.));
#3853 = ORIENTED_EDGE('',*,*,#3854,.T.);
#3854 = EDGE_CURVE('',#3846,#3855,#3857,.T.);
#3855 = VERTEX_POINT('',#3856);
#3856 = CARTESIAN_POINT('',(174.44322356371,-8.,0.));
#3857 = CIRCLE('',#3858,1.6);
#3858 = AXIS2_PLACEMENT_3D('',#3859,#3860,#3861);
#3859 = CARTESIAN_POINT('',(175.,-9.5,0.));
#3860 = DIRECTION('',(0.,0.,1.));
#3861 = DIRECTION('',(1.,0.,-0.));
#3862 = ORIENTED_EDGE('',*,*,#3863,.T.);
#3863 = EDGE_CURVE('',#3855,#3838,#3864,.T.);
#3864 = CIRCLE('',#3865,1.6);
#3865 = AXIS2_PLACEMENT_3D('',#3866,#3867,#3868);
#3866 = CARTESIAN_POINT('',(175.,-9.5,0.));
#3867 = DIRECTION('',(0.,0.,1.));
#3868 = DIRECTION('',(1.,0.,-0.));
#3869 = ORIENTED_EDGE('',*,*,#3837,.T.);
#3870 = ORIENTED_EDGE('',*,*,#3636,.F.);
#3871 = ORIENTED_EDGE('',*,*,#3318,.F.);
#3872 = CYLINDRICAL_SURFACE('',#3873,1.6);
#3873 = AXIS2_PLACEMENT_3D('',#3874,#3875,#3876);
#3874 = CARTESIAN_POINT('',(175.,-9.5,-1.));
#3875 = DIRECTION('',(0.,0.,1.));
#3876 = DIRECTION('',(1.,0.,-0.));
#3877 = ADVANCED_FACE('',(#3878),#3917,.F.);
#3878 = FACE_BOUND('',#3879,.F.);
#3879 = EDGE_LOOP('',(#3880,#3881,#3889,#3898,#3907,#3914,#3915,#3916));
#3880 = ORIENTED_EDGE('',*,*,#3644,.F.);
#3881 = ORIENTED_EDGE('',*,*,#3882,.F.);
#3882 = EDGE_CURVE('',#3883,#3645,#3885,.T.);
#3883 = VERTEX_POINT('',#3884);
#3884 = CARTESIAN_POINT('',(167.1,-9.5,0.));
#3885 = LINE('',#3886,#3887);
#3886 = CARTESIAN_POINT('',(167.1,-9.5,-1.));
#3887 = VECTOR('',#3888,1.);
#3888 = DIRECTION('',(0.,0.,1.));
#3889 = ORIENTED_EDGE('',*,*,#3890,.T.);
#3890 = EDGE_CURVE('',#3883,#3891,#3893,.T.);
#3891 = VERTEX_POINT('',#3892);
#3892 = CARTESIAN_POINT('',(166.05677643628,-8.,0.));
#3893 = CIRCLE('',#3894,1.6);
#3894 = AXIS2_PLACEMENT_3D('',#3895,#3896,#3897);
#3895 = CARTESIAN_POINT('',(165.5,-9.5,0.));
#3896 = DIRECTION('',(0.,0.,1.));
#3897 = DIRECTION('',(1.,0.,-0.));
#3898 = ORIENTED_EDGE('',*,*,#3899,.T.);
#3899 = EDGE_CURVE('',#3891,#3900,#3902,.T.);
#3900 = VERTEX_POINT('',#3901);
#3901 = CARTESIAN_POINT('',(164.94322356371,-8.,0.));
#3902 = CIRCLE('',#3903,1.6);
#3903 = AXIS2_PLACEMENT_3D('',#3904,#3905,#3906);
#3904 = CARTESIAN_POINT('',(165.5,-9.5,0.));
#3905 = DIRECTION('',(0.,0.,1.));
#3906 = DIRECTION('',(1.,0.,-0.));
#3907 = ORIENTED_EDGE('',*,*,#3908,.T.);
#3908 = EDGE_CURVE('',#3900,#3883,#3909,.T.);
#3909 = CIRCLE('',#3910,1.6);
#3910 = AXIS2_PLACEMENT_3D('',#3911,#3912,#3913);
#3911 = CARTESIAN_POINT('',(165.5,-9.5,0.));
#3912 = DIRECTION('',(0.,0.,1.));
#3913 = DIRECTION('',(1.,0.,-0.));
#3914 = ORIENTED_EDGE('',*,*,#3882,.T.);
#3915 = ORIENTED_EDGE('',*,*,#3653,.F.);
#3916 = ORIENTED_EDGE('',*,*,#3301,.F.);
#3917 = CYLINDRICAL_SURFACE('',#3918,1.6);
#3918 = AXIS2_PLACEMENT_3D('',#3919,#3920,#3921);
#3919 = CARTESIAN_POINT('',(165.5,-9.5,-1.));
#3920 = DIRECTION('',(0.,0.,1.));
#3921 = DIRECTION('',(1.,0.,-0.));
#3922 = ADVANCED_FACE('',(#3923),#3942,.F.);
#3923 = FACE_BOUND('',#3924,.F.);
#3924 = EDGE_LOOP('',(#3925,#3926,#3934,#3941));
#3925 = ORIENTED_EDGE('',*,*,#3378,.F.);
#3926 = ORIENTED_EDGE('',*,*,#3927,.F.);
#3927 = EDGE_CURVE('',#3928,#3379,#3930,.T.);
#3928 = VERTEX_POINT('',#3929);
#3929 = CARTESIAN_POINT('',(168.6,-3.918869757272E-16,0.));
#3930 = LINE('',#3931,#3932);
#3931 = CARTESIAN_POINT('',(168.6,-3.918869757272E-16,-1.));
#3932 = VECTOR('',#3933,1.);
#3933 = DIRECTION('',(0.,0.,1.));
#3934 = ORIENTED_EDGE('',*,*,#3935,.T.);
#3935 = EDGE_CURVE('',#3928,#3928,#3936,.T.);
#3936 = CIRCLE('',#3937,1.6);
#3937 = AXIS2_PLACEMENT_3D('',#3938,#3939,#3940);
#3938 = CARTESIAN_POINT('',(167.,0.,0.));
#3939 = DIRECTION('',(0.,0.,1.));
#3940 = DIRECTION('',(1.,0.,-0.));
#3941 = ORIENTED_EDGE('',*,*,#3927,.T.);
#3942 = CYLINDRICAL_SURFACE('',#3943,1.6);
#3943 = AXIS2_PLACEMENT_3D('',#3944,#3945,#3946);
#3944 = CARTESIAN_POINT('',(167.,0.,-1.));
#3945 = DIRECTION('',(0.,0.,1.));
#3946 = DIRECTION('',(1.,0.,-0.));
#3947 = ADVANCED_FACE('',(#3948),#3960,.T.);
#3948 = FACE_BOUND('',#3949,.T.);
#3949 = EDGE_LOOP('',(#3950,#3951,#3952,#3953));
#3950 = ORIENTED_EDGE('',*,*,#3542,.T.);
#3951 = ORIENTED_EDGE('',*,*,#3567,.F.);
#3952 = ORIENTED_EDGE('',*,*,#3412,.F.);
#3953 = ORIENTED_EDGE('',*,*,#3954,.T.);
#3954 = EDGE_CURVE('',#3398,#3543,#3955,.T.);
#3955 = CIRCLE('',#3956,18.);
#3956 = AXIS2_PLACEMENT_3D('',#3957,#3958,#3959);
#3957 = CARTESIAN_POINT('',(175.,0.,0.));
#3958 = DIRECTION('',(0.,0.,1.));
#3959 = DIRECTION('',(1.,0.,-0.));
#3960 = CYLINDRICAL_SURFACE('',#3961,18.);
#3961 = AXIS2_PLACEMENT_3D('',#3962,#3963,#3964);
#3962 = CARTESIAN_POINT('',(175.,0.,0.));
#3963 = DIRECTION('',(0.,0.,1.));
#3964 = DIRECTION('',(1.,0.,-0.));
#3965 = ADVANCED_FACE('',(#3966),#3975,.F.);
#3966 = FACE_BOUND('',#3967,.F.);
#3967 = EDGE_LOOP('',(#3968,#3974));
#3968 = ORIENTED_EDGE('',*,*,#3969,.T.);
#3969 = EDGE_CURVE('',#3396,#3254,#3970,.T.);
#3970 = LINE('',#3971,#3972);
#3971 = CARTESIAN_POINT('',(28.,-8.,0.));
#3972 = VECTOR('',#3973,1.);
#3973 = DIRECTION('',(-0.,1.,0.));
#3974 = ORIENTED_EDGE('',*,*,#3478,.T.);
#3975 = PLANE('',#3976);
#3976 = AXIS2_PLACEMENT_3D('',#3977,#3978,#3979);
#3977 = CARTESIAN_POINT('',(28.,0.,0.));
#3978 = DIRECTION('',(0.,0.,1.));
#3979 = DIRECTION('',(1.,0.,-0.));
#3980 = ADVANCED_FACE('',(#3981),#3986,.F.);
#3981 = FACE_BOUND('',#3982,.F.);
#3982 = EDGE_LOOP('',(#3983,#3984,#3985));
#3983 = ORIENTED_EDGE('',*,*,#3495,.T.);
#3984 = ORIENTED_EDGE('',*,*,#3969,.F.);
#3985 = ORIENTED_EDGE('',*,*,#3504,.T.);
#3986 = PLANE('',#3987);
#3987 = AXIS2_PLACEMENT_3D('',#3988,#3989,#3990);
#3988 = CARTESIAN_POINT('',(28.,-8.,0.));
#3989 = DIRECTION('',(0.,0.,1.));
#3990 = DIRECTION('',(1.,0.,-0.));
#3991 = ADVANCED_FACE('',(#3992,#4036),#4039,.F.);
#3992 = FACE_BOUND('',#3993,.F.);
#3993 = EDGE_LOOP('',(#3994,#4000,#4001,#4007,#4008,#4014,#4015,#4021,
    #4022,#4028,#4029,#4035));
#3994 = ORIENTED_EDGE('',*,*,#3995,.F.);
#3995 = EDGE_CURVE('',#3256,#3711,#3996,.T.);
#3996 = LINE('',#3997,#3998);
#3997 = CARTESIAN_POINT('',(28.,8.,0.));
#3998 = VECTOR('',#3999,1.);
#3999 = DIRECTION('',(1.,0.,-0.));
#4000 = ORIENTED_EDGE('',*,*,#3512,.T.);
#4001 = ORIENTED_EDGE('',*,*,#4002,.T.);
#4002 = EDGE_CURVE('',#3398,#3900,#4003,.T.);
#4003 = LINE('',#4004,#4005);
#4004 = CARTESIAN_POINT('',(28.,-8.,0.));
#4005 = VECTOR('',#4006,1.);
#4006 = DIRECTION('',(1.,0.,-0.));
#4007 = ORIENTED_EDGE('',*,*,#3899,.F.);
#4008 = ORIENTED_EDGE('',*,*,#4009,.T.);
#4009 = EDGE_CURVE('',#3891,#3855,#4010,.T.);
#4010 = LINE('',#4011,#4012);
#4011 = CARTESIAN_POINT('',(28.,-8.,0.));
#4012 = VECTOR('',#4013,1.);
#4013 = DIRECTION('',(1.,0.,-0.));
#4014 = ORIENTED_EDGE('',*,*,#3854,.F.);
#4015 = ORIENTED_EDGE('',*,*,#4016,.T.);
#4016 = EDGE_CURVE('',#3846,#3810,#4017,.T.);
#4017 = LINE('',#4018,#4019);
#4018 = CARTESIAN_POINT('',(175.,-8.,0.));
#4019 = VECTOR('',#4020,1.);
#4020 = DIRECTION('',(-0.,1.,0.));
#4021 = ORIENTED_EDGE('',*,*,#3809,.F.);
#4022 = ORIENTED_EDGE('',*,*,#4023,.T.);
#4023 = EDGE_CURVE('',#3801,#3765,#4024,.T.);
#4024 = LINE('',#4025,#4026);
#4025 = CARTESIAN_POINT('',(175.,-8.,0.));
#4026 = VECTOR('',#4027,1.);
#4027 = DIRECTION('',(-0.,1.,0.));
#4028 = ORIENTED_EDGE('',*,*,#3764,.F.);
#4029 = ORIENTED_EDGE('',*,*,#4030,.F.);
#4030 = EDGE_CURVE('',#3720,#3756,#4031,.T.);
#4031 = LINE('',#4032,#4033);
#4032 = CARTESIAN_POINT('',(28.,8.,0.));
#4033 = VECTOR('',#4034,1.);
#4034 = DIRECTION('',(1.,0.,-0.));
#4035 = ORIENTED_EDGE('',*,*,#3719,.F.);
#4036 = FACE_BOUND('',#4037,.F.);
#4037 = EDGE_LOOP('',(#4038));
#4038 = ORIENTED_EDGE('',*,*,#3935,.F.);
#4039 = PLANE('',#4040);
#4040 = AXIS2_PLACEMENT_3D('',#4041,#4042,#4043);
#4041 = CARTESIAN_POINT('',(28.,-8.,0.));
#4042 = DIRECTION('',(0.,0.,1.));
#4043 = DIRECTION('',(1.,0.,-0.));
#4044 = ADVANCED_FACE('',(#4045,#4065,#4076,#4087),#4098,.F.);
#4045 = FACE_BOUND('',#4046,.F.);
#4046 = EDGE_LOOP('',(#4047,#4048,#4049,#4050,#4051,#4052,#4053,#4054,
    #4055,#4056,#4057,#4058,#4059,#4060,#4061,#4062,#4063,#4064));
#4047 = ORIENTED_EDGE('',*,*,#4002,.F.);
#4048 = ORIENTED_EDGE('',*,*,#3954,.T.);
#4049 = ORIENTED_EDGE('',*,*,#3550,.T.);
#4050 = ORIENTED_EDGE('',*,*,#3995,.T.);
#4051 = ORIENTED_EDGE('',*,*,#3710,.F.);
#4052 = ORIENTED_EDGE('',*,*,#3728,.F.);
#4053 = ORIENTED_EDGE('',*,*,#4030,.T.);
#4054 = ORIENTED_EDGE('',*,*,#3755,.F.);
#4055 = ORIENTED_EDGE('',*,*,#3773,.F.);
#4056 = ORIENTED_EDGE('',*,*,#4023,.F.);
#4057 = ORIENTED_EDGE('',*,*,#3800,.F.);
#4058 = ORIENTED_EDGE('',*,*,#3818,.F.);
#4059 = ORIENTED_EDGE('',*,*,#4016,.F.);
#4060 = ORIENTED_EDGE('',*,*,#3845,.F.);
#4061 = ORIENTED_EDGE('',*,*,#3863,.F.);
#4062 = ORIENTED_EDGE('',*,*,#4009,.F.);
#4063 = ORIENTED_EDGE('',*,*,#3890,.F.);
#4064 = ORIENTED_EDGE('',*,*,#3908,.F.);
#4065 = FACE_BOUND('',#4066,.F.);
#4066 = EDGE_LOOP('',(#4067));
#4067 = ORIENTED_EDGE('',*,*,#4068,.F.);
#4068 = EDGE_CURVE('',#4069,#4069,#4071,.T.);
#4069 = VERTEX_POINT('',#4070);
#4070 = CARTESIAN_POINT('',(186.1,-9.5,0.));
#4071 = CIRCLE('',#4072,1.6);
#4072 = AXIS2_PLACEMENT_3D('',#4073,#4074,#4075);
#4073 = CARTESIAN_POINT('',(184.5,-9.5,0.));
#4074 = DIRECTION('',(0.,0.,1.));
#4075 = DIRECTION('',(1.,0.,-0.));
#4076 = FACE_BOUND('',#4077,.F.);
#4077 = EDGE_LOOP('',(#4078));
#4078 = ORIENTED_EDGE('',*,*,#4079,.F.);
#4079 = EDGE_CURVE('',#4080,#4080,#4082,.T.);
#4080 = VERTEX_POINT('',#4081);
#4081 = CARTESIAN_POINT('',(184.6,-3.918869757272E-16,0.));
#4082 = CIRCLE('',#4083,1.6);
#4083 = AXIS2_PLACEMENT_3D('',#4084,#4085,#4086);
#4084 = CARTESIAN_POINT('',(183.,0.,0.));
#4085 = DIRECTION('',(0.,0.,1.));
#4086 = DIRECTION('',(1.,0.,-0.));
#4087 = FACE_BOUND('',#4088,.F.);
#4088 = EDGE_LOOP('',(#4089));
#4089 = ORIENTED_EDGE('',*,*,#4090,.F.);
#4090 = EDGE_CURVE('',#4091,#4091,#4093,.T.);
#4091 = VERTEX_POINT('',#4092);
#4092 = CARTESIAN_POINT('',(186.1,9.5,0.));
#4093 = CIRCLE('',#4094,1.6);
#4094 = AXIS2_PLACEMENT_3D('',#4095,#4096,#4097);
#4095 = CARTESIAN_POINT('',(184.5,9.5,0.));
#4096 = DIRECTION('',(0.,0.,1.));
#4097 = DIRECTION('',(1.,0.,-0.));
#4098 = PLANE('',#4099);
#4099 = AXIS2_PLACEMENT_3D('',#4100,#4101,#4102);
#4100 = CARTESIAN_POINT('',(175.,0.,0.));
#4101 = DIRECTION('',(0.,0.,1.));
#4102 = DIRECTION('',(1.,0.,-0.));
#4103 = ADVANCED_FACE('',(#4104),#4115,.F.);
#4104 = FACE_BOUND('',#4105,.F.);
#4105 = EDGE_LOOP('',(#4106,#4107,#4113,#4114));
#4106 = ORIENTED_EDGE('',*,*,#3662,.F.);
#4107 = ORIENTED_EDGE('',*,*,#4108,.F.);
#4108 = EDGE_CURVE('',#4069,#3663,#4109,.T.);
#4109 = LINE('',#4110,#4111);
#4110 = CARTESIAN_POINT('',(186.1,-9.5,-1.));
#4111 = VECTOR('',#4112,1.);
#4112 = DIRECTION('',(0.,0.,1.));
#4113 = ORIENTED_EDGE('',*,*,#4068,.T.);
#4114 = ORIENTED_EDGE('',*,*,#4108,.T.);
#4115 = CYLINDRICAL_SURFACE('',#4116,1.6);
#4116 = AXIS2_PLACEMENT_3D('',#4117,#4118,#4119);
#4117 = CARTESIAN_POINT('',(184.5,-9.5,-1.));
#4118 = DIRECTION('',(0.,0.,1.));
#4119 = DIRECTION('',(1.,0.,-0.));
#4120 = ADVANCED_FACE('',(#4121),#4132,.F.);
#4121 = FACE_BOUND('',#4122,.F.);
#4122 = EDGE_LOOP('',(#4123,#4124,#4130,#4131));
#4123 = ORIENTED_EDGE('',*,*,#3673,.F.);
#4124 = ORIENTED_EDGE('',*,*,#4125,.F.);
#4125 = EDGE_CURVE('',#4080,#3674,#4126,.T.);
#4126 = LINE('',#4127,#4128);
#4127 = CARTESIAN_POINT('',(184.6,-3.918869757272E-16,-1.));
#4128 = VECTOR('',#4129,1.);
#4129 = DIRECTION('',(0.,0.,1.));
#4130 = ORIENTED_EDGE('',*,*,#4079,.T.);
#4131 = ORIENTED_EDGE('',*,*,#4125,.T.);
#4132 = CYLINDRICAL_SURFACE('',#4133,1.6);
#4133 = AXIS2_PLACEMENT_3D('',#4134,#4135,#4136);
#4134 = CARTESIAN_POINT('',(183.,0.,-1.));
#4135 = DIRECTION('',(0.,0.,1.));
#4136 = DIRECTION('',(1.,0.,-0.));
#4137 = ADVANCED_FACE('',(#4138),#4149,.F.);
#4138 = FACE_BOUND('',#4139,.F.);
#4139 = EDGE_LOOP('',(#4140,#4141,#4147,#4148));
#4140 = ORIENTED_EDGE('',*,*,#3684,.F.);
#4141 = ORIENTED_EDGE('',*,*,#4142,.F.);
#4142 = EDGE_CURVE('',#4091,#3685,#4143,.T.);
#4143 = LINE('',#4144,#4145);
#4144 = CARTESIAN_POINT('',(186.1,9.5,-1.));
#4145 = VECTOR('',#4146,1.);
#4146 = DIRECTION('',(0.,0.,1.));
#4147 = ORIENTED_EDGE('',*,*,#4090,.T.);
#4148 = ORIENTED_EDGE('',*,*,#4142,.T.);
#4149 = CYLINDRICAL_SURFACE('',#4150,1.6);
#4150 = AXIS2_PLACEMENT_3D('',#4151,#4152,#4153);
#4151 = CARTESIAN_POINT('',(184.5,9.5,-1.));
#4152 = DIRECTION('',(0.,0.,1.));
#4153 = DIRECTION('',(1.,0.,-0.));
#4154 = ( GEOMETRIC_REPRESENTATION_CONTEXT(3) 
GLOBAL_UNCERTAINTY_ASSIGNED_CONTEXT((#4158)) 
GLOBAL_UNIT_ASSIGNED_CONTEXT((#4155,#4156,#4157)) REPRESENTATION_CONTEXT
('Context #1','3D Context with UNIT and UNCERTAINTY') );
#4155 = ( LENGTH_UNIT() NAMED_UNIT(*) SI_UNIT(.MILLI.,.METRE.) );
#4156 = ( NAMED_UNIT(*) PLANE_ANGLE_UNIT() SI_UNIT($,.RADIAN.) );
#4157 = ( NAMED_UNIT(*) SI_UNIT($,.STERADIAN.) SOLID_ANGLE_UNIT() );
#4158 = UNCERTAINTY_MEASURE_WITH_UNIT(LENGTH_MEASURE(1.E-07),#4155,
  'distance_accuracy_value','confusion accuracy');
#4159 = CONTEXT_DEPENDENT_SHAPE_REPRESENTATION(#4160,#4162);
#4160 = ( REPRESENTATION_RELATIONSHIP('','',#3141,#10) 
REPRESENTATION_RELATIONSHIP_WITH_TRANSFORMATION(#4161) 
SHAPE_REPRESENTATION_RELATIONSHIP() );
#4161 = ITEM_DEFINED_TRANSFORMATION('','',#11,#27);
#4162 = PRODUCT_DEFINITION_SHAPE('Placement','Placement of an item',
  #4163);
#4163 = NEXT_ASSEMBLY_USAGE_OCCURRENCE('4','arm_2','',#5,#3136,$);
#4164 = PRODUCT_RELATED_PRODUCT_CATEGORY('part',$,(#3138));
#4165 = SHAPE_DEFINITION_REPRESENTATION(#4166,#4172);
#4166 = PRODUCT_DEFINITION_SHAPE('','',#4167);
#4167 = PRODUCT_DEFINITION('design','',#4168,#4171);
#4168 = PRODUCT_DEFINITION_FORMATION('','',#4169);
#4169 = PRODUCT('arm_3','arm_3','',(#4170));
#4170 = PRODUCT_CONTEXT('',#2,'mechanical');
#4171 = PRODUCT_DEFINITION_CONTEXT('part definition',#2,'design');
#4172 = ADVANCED_BREP_SHAPE_REPRESENTATION('',(#11,#4173),#5185);
#4173 = MANIFOLD_SOLID_BREP('',#4174);
#4174 = CLOSED_SHELL('',(#4175,#4209,#4264,#4280,#4311,#4422,#4453,#4478
    ,#4503,#4521,#4560,#4593,#4728,#4773,#4818,#4863,#4908,#4953,#4978,
    #4996,#5011,#5022,#5075,#5134,#5151,#5168));
#4175 = ADVANCED_FACE('',(#4176),#4204,.T.);
#4176 = FACE_BOUND('',#4177,.T.);
#4177 = EDGE_LOOP('',(#4178,#4189,#4197));
#4178 = ORIENTED_EDGE('',*,*,#4179,.T.);
#4179 = EDGE_CURVE('',#4180,#4182,#4184,.T.);
#4180 = VERTEX_POINT('',#4181);
#4181 = CARTESIAN_POINT('',(36.,-1.959434878636E-15,2.));
#4182 = VERTEX_POINT('',#4183);
#4183 = CARTESIAN_POINT('',(28.,8.,2.));
#4184 = CIRCLE('',#4185,8.);
#4185 = AXIS2_PLACEMENT_3D('',#4186,#4187,#4188);
#4186 = CARTESIAN_POINT('',(28.,0.,2.));
#4187 = DIRECTION('',(0.,0.,1.));
#4188 = DIRECTION('',(1.,0.,-0.));
#4189 = ORIENTED_EDGE('',*,*,#4190,.F.);
#4190 = EDGE_CURVE('',#4191,#4182,#4193,.T.);
#4191 = VERTEX_POINT('',#4192);
#4192 = CARTESIAN_POINT('',(28.,-8.,2.));
#4193 = LINE('',#4194,#4195);
#4194 = CARTESIAN_POINT('',(28.,-8.,2.));
#4195 = VECTOR('',#4196,1.);
#4196 = DIRECTION('',(-0.,1.,0.));
#4197 = ORIENTED_EDGE('',*,*,#4198,.T.);
#4198 = EDGE_CURVE('',#4191,#4180,#4199,.T.);
#4199 = CIRCLE('',#4200,8.);
#4200 = AXIS2_PLACEMENT_3D('',#4201,#4202,#4203);
#4201 = CARTESIAN_POINT('',(28.,0.,2.));
#4202 = DIRECTION('',(0.,0.,1.));
#4203 = DIRECTION('',(1.,0.,-0.));
#4204 = PLANE('',#4205);
#4205 = AXIS2_PLACEMENT_3D('',#4206,#4207,#4208);
#4206 = CARTESIAN_POINT('',(28.,-8.,2.));
#4207 = DIRECTION('',(0.,0.,1.));
#4208 = DIRECTION('',(1.,0.,-0.));
#4209 = ADVANCED_FACE('',(#4210,#4237,#4248),#4259,.T.);
#4210 = FACE_BOUND('',#4211,.T.);
#4211 = EDGE_LOOP('',(#4212,#4220,#4221,#4222,#4230));
#4212 = ORIENTED_EDGE('',*,*,#4213,.F.);
#4213 = EDGE_CURVE('',#4182,#4214,#4216,.T.);
#4214 = VERTEX_POINT('',#4215);
#4215 = CARTESIAN_POINT('',(158.8754845034,8.,2.));
#4216 = LINE('',#4217,#4218);
#4217 = CARTESIAN_POINT('',(28.,8.,2.));
#4218 = VECTOR('',#4219,1.);
#4219 = DIRECTION('',(1.,0.,-0.));
#4220 = ORIENTED_EDGE('',*,*,#4179,.F.);
#4221 = ORIENTED_EDGE('',*,*,#4198,.F.);
#4222 = ORIENTED_EDGE('',*,*,#4223,.T.);
#4223 = EDGE_CURVE('',#4191,#4224,#4226,.T.);
#4224 = VERTEX_POINT('',#4225);
#4225 = CARTESIAN_POINT('',(158.8754845034,-8.,2.));
#4226 = LINE('',#4227,#4228);
#4227 = CARTESIAN_POINT('',(28.,-8.,2.));
#4228 = VECTOR('',#4229,1.);
#4229 = DIRECTION('',(1.,0.,-0.));
#4230 = ORIENTED_EDGE('',*,*,#4231,.F.);
#4231 = EDGE_CURVE('',#4214,#4224,#4232,.T.);
#4232 = CIRCLE('',#4233,18.);
#4233 = AXIS2_PLACEMENT_3D('',#4234,#4235,#4236);
#4234 = CARTESIAN_POINT('',(175.,0.,2.));
#4235 = DIRECTION('',(0.,0.,1.));
#4236 = DIRECTION('',(1.,0.,-0.));
#4237 = FACE_BOUND('',#4238,.T.);
#4238 = EDGE_LOOP('',(#4239));
#4239 = ORIENTED_EDGE('',*,*,#4240,.F.);
#4240 = EDGE_CURVE('',#4241,#4241,#4243,.T.);
#4241 = VERTEX_POINT('',#4242);
#4242 = CARTESIAN_POINT('',(39.6,-3.918869757272E-16,2.));
#4243 = CIRCLE('',#4244,1.6);
#4244 = AXIS2_PLACEMENT_3D('',#4245,#4246,#4247);
#4245 = CARTESIAN_POINT('',(38.,0.,2.));
#4246 = DIRECTION('',(0.,0.,1.));
#4247 = DIRECTION('',(1.,0.,-0.));
#4248 = FACE_BOUND('',#4249,.T.);
#4249 = EDGE_LOOP('',(#4250));
#4250 = ORIENTED_EDGE('',*,*,#4251,.F.);
#4251 = EDGE_CURVE('',#4252,#4252,#4254,.T.);
#4252 = VERTEX_POINT('',#4253);
#4253 = CARTESIAN_POINT('',(59.6,-3.918869757272E-16,2.));
#4254 = CIRCLE('',#4255,1.6);
#4255 = AXIS2_PLACEMENT_3D('',#4256,#4257,#4258);
#4256 = CARTESIAN_POINT('',(58.,0.,2.));
#4257 = DIRECTION('',(0.,0.,1.));
#4258 = DIRECTION('',(1.,0.,-0.));
#4259 = PLANE('',#4260);
#4260 = AXIS2_PLACEMENT_3D('',#4261,#4262,#4263);
#4261 = CARTESIAN_POINT('',(28.,-8.,2.));
#4262 = DIRECTION('',(0.,0.,1.));
#4263 = DIRECTION('',(1.,0.,-0.));
#4264 = ADVANCED_FACE('',(#4265),#4275,.T.);
#4265 = FACE_BOUND('',#4266,.T.);
#4266 = EDGE_LOOP('',(#4267,#4268));
#4267 = ORIENTED_EDGE('',*,*,#4190,.T.);
#4268 = ORIENTED_EDGE('',*,*,#4269,.T.);
#4269 = EDGE_CURVE('',#4182,#4191,#4270,.T.);
#4270 = CIRCLE('',#4271,8.);
#4271 = AXIS2_PLACEMENT_3D('',#4272,#4273,#4274);
#4272 = CARTESIAN_POINT('',(28.,0.,2.));
#4273 = DIRECTION('',(0.,0.,1.));
#4274 = DIRECTION('',(1.,0.,-0.));
#4275 = PLANE('',#4276);
#4276 = AXIS2_PLACEMENT_3D('',#4277,#4278,#4279);
#4277 = CARTESIAN_POINT('',(28.,0.,2.));
#4278 = DIRECTION('',(0.,0.,1.));
#4279 = DIRECTION('',(1.,0.,-0.));
#4280 = ADVANCED_FACE('',(#4281),#4306,.T.);
#4281 = FACE_BOUND('',#4282,.T.);
#4282 = EDGE_LOOP('',(#4283,#4293,#4299,#4300));
#4283 = ORIENTED_EDGE('',*,*,#4284,.F.);
#4284 = EDGE_CURVE('',#4285,#4287,#4289,.T.);
#4285 = VERTEX_POINT('',#4286);
#4286 = CARTESIAN_POINT('',(28.,8.,0.));
#4287 = VERTEX_POINT('',#4288);
#4288 = CARTESIAN_POINT('',(158.8754845034,8.,0.));
#4289 = LINE('',#4290,#4291);
#4290 = CARTESIAN_POINT('',(28.,8.,0.));
#4291 = VECTOR('',#4292,1.);
#4292 = DIRECTION('',(1.,0.,-0.));
#4293 = ORIENTED_EDGE('',*,*,#4294,.T.);
#4294 = EDGE_CURVE('',#4285,#4182,#4295,.T.);
#4295 = LINE('',#4296,#4297);
#4296 = CARTESIAN_POINT('',(28.,8.,0.));
#4297 = VECTOR('',#4298,1.);
#4298 = DIRECTION('',(0.,0.,1.));
#4299 = ORIENTED_EDGE('',*,*,#4213,.T.);
#4300 = ORIENTED_EDGE('',*,*,#4301,.F.);
#4301 = EDGE_CURVE('',#4287,#4214,#4302,.T.);
#4302 = LINE('',#4303,#4304);
#4303 = CARTESIAN_POINT('',(158.8754845034,8.,0.));
#4304 = VECTOR('',#4305,1.);
#4305 = DIRECTION('',(0.,0.,1.));
#4306 = PLANE('',#4307);
#4307 = AXIS2_PLACEMENT_3D('',#4308,#4309,#4310);
#4308 = CARTESIAN_POINT('',(28.,8.,0.));
#4309 = DIRECTION('',(-0.,1.,0.));
#4310 = DIRECTION('',(0.,0.,1.));
#4311 = ADVANCED_FACE('',(#4312,#4406),#4417,.T.);
#4312 = FACE_BOUND('',#4313,.T.);
#4313 = EDGE_LOOP('',(#4314,#4322,#4323,#4331,#4340,#4348,#4357,#4365,
    #4374,#4382,#4391,#4399));
#4314 = ORIENTED_EDGE('',*,*,#4315,.F.);
#4315 = EDGE_CURVE('',#4214,#4316,#4318,.T.);
#4316 = VERTEX_POINT('',#4317);
#4317 = CARTESIAN_POINT('',(164.94322356371,8.,2.));
#4318 = LINE('',#4319,#4320);
#4319 = CARTESIAN_POINT('',(28.,8.,2.));
#4320 = VECTOR('',#4321,1.);
#4321 = DIRECTION('',(1.,0.,-0.));
#4322 = ORIENTED_EDGE('',*,*,#4231,.T.);
#4323 = ORIENTED_EDGE('',*,*,#4324,.T.);
#4324 = EDGE_CURVE('',#4224,#4325,#4327,.T.);
#4325 = VERTEX_POINT('',#4326);
#4326 = CARTESIAN_POINT('',(164.94322356371,-8.,2.));
#4327 = LINE('',#4328,#4329);
#4328 = CARTESIAN_POINT('',(28.,-8.,2.));
#4329 = VECTOR('',#4330,1.);
#4330 = DIRECTION('',(1.,0.,-0.));
#4331 = ORIENTED_EDGE('',*,*,#4332,.F.);
#4332 = EDGE_CURVE('',#4333,#4325,#4335,.T.);
#4333 = VERTEX_POINT('',#4334);
#4334 = CARTESIAN_POINT('',(166.05677643628,-8.,2.));
#4335 = CIRCLE('',#4336,1.6);
#4336 = AXIS2_PLACEMENT_3D('',#4337,#4338,#4339);
#4337 = CARTESIAN_POINT('',(165.5,-9.5,2.));
#4338 = DIRECTION('',(0.,0.,1.));
#4339 = DIRECTION('',(1.,0.,-0.));
#4340 = ORIENTED_EDGE('',*,*,#4341,.T.);
#4341 = EDGE_CURVE('',#4333,#4342,#4344,.T.);
#4342 = VERTEX_POINT('',#4343);
#4343 = CARTESIAN_POINT('',(174.44322356371,-8.,2.));
#4344 = LINE('',#4345,#4346);
#4345 = CARTESIAN_POINT('',(28.,-8.,2.));
#4346 = VECTOR('',#4347,1.);
#4347 = DIRECTION('',(1.,0.,-0.));
#4348 = ORIENTED_EDGE('',*,*,#4349,.F.);
#4349 = EDGE_CURVE('',#4350,#4342,#4352,.T.);
#4350 = VERTEX_POINT('',#4351);
#4351 = CARTESIAN_POINT('',(175.,-7.900000000001,2.));
#4352 = CIRCLE('',#4353,1.6);
#4353 = AXIS2_PLACEMENT_3D('',#4354,#4355,#4356);
#4354 = CARTESIAN_POINT('',(175.,-9.5,2.));
#4355 = DIRECTION('',(0.,0.,1.));
#4356 = DIRECTION('',(1.,0.,-0.));
#4357 = ORIENTED_EDGE('',*,*,#4358,.T.);
#4358 = EDGE_CURVE('',#4350,#4359,#4361,.T.);
#4359 = VERTEX_POINT('',#4360);
#4360 = CARTESIAN_POINT('',(175.,-4.5,2.));
#4361 = LINE('',#4362,#4363);
#4362 = CARTESIAN_POINT('',(175.,-8.,2.));
#4363 = VECTOR('',#4364,1.);
#4364 = DIRECTION('',(-0.,1.,0.));
#4365 = ORIENTED_EDGE('',*,*,#4366,.F.);
#4366 = EDGE_CURVE('',#4367,#4359,#4369,.T.);
#4367 = VERTEX_POINT('',#4368);
#4368 = CARTESIAN_POINT('',(175.,4.5,2.));
#4369 = CIRCLE('',#4370,4.5);
#4370 = AXIS2_PLACEMENT_3D('',#4371,#4372,#4373);
#4371 = CARTESIAN_POINT('',(175.,0.,2.));
#4372 = DIRECTION('',(0.,0.,1.));
#4373 = DIRECTION('',(1.,0.,-0.));
#4374 = ORIENTED_EDGE('',*,*,#4375,.T.);
#4375 = EDGE_CURVE('',#4367,#4376,#4378,.T.);
#4376 = VERTEX_POINT('',#4377);
#4377 = CARTESIAN_POINT('',(175.,7.900000000001,2.));
#4378 = LINE('',#4379,#4380);
#4379 = CARTESIAN_POINT('',(175.,-8.,2.));
#4380 = VECTOR('',#4381,1.);
#4381 = DIRECTION('',(-0.,1.,0.));
#4382 = ORIENTED_EDGE('',*,*,#4383,.F.);
#4383 = EDGE_CURVE('',#4384,#4376,#4386,.T.);
#4384 = VERTEX_POINT('',#4385);
#4385 = CARTESIAN_POINT('',(174.44322356371,8.,2.));
#4386 = CIRCLE('',#4387,1.6);
#4387 = AXIS2_PLACEMENT_3D('',#4388,#4389,#4390);
#4388 = CARTESIAN_POINT('',(175.,9.5,2.));
#4389 = DIRECTION('',(0.,0.,1.));
#4390 = DIRECTION('',(1.,0.,-0.));
#4391 = ORIENTED_EDGE('',*,*,#4392,.F.);
#4392 = EDGE_CURVE('',#4393,#4384,#4395,.T.);
#4393 = VERTEX_POINT('',#4394);
#4394 = CARTESIAN_POINT('',(166.05677643628,8.,2.));
#4395 = LINE('',#4396,#4397);
#4396 = CARTESIAN_POINT('',(28.,8.,2.));
#4397 = VECTOR('',#4398,1.);
#4398 = DIRECTION('',(1.,0.,-0.));
#4399 = ORIENTED_EDGE('',*,*,#4400,.F.);
#4400 = EDGE_CURVE('',#4316,#4393,#4401,.T.);
#4401 = CIRCLE('',#4402,1.6);
#4402 = AXIS2_PLACEMENT_3D('',#4403,#4404,#4405);
#4403 = CARTESIAN_POINT('',(165.5,9.5,2.));
#4404 = DIRECTION('',(0.,0.,1.));
#4405 = DIRECTION('',(1.,0.,-0.));
#4406 = FACE_BOUND('',#4407,.T.);
#4407 = EDGE_LOOP('',(#4408));
#4408 = ORIENTED_EDGE('',*,*,#4409,.F.);
#4409 = EDGE_CURVE('',#4410,#4410,#4412,.T.);
#4410 = VERTEX_POINT('',#4411);
#4411 = CARTESIAN_POINT('',(168.6,-3.918869757272E-16,2.));
#4412 = CIRCLE('',#4413,1.6);
#4413 = AXIS2_PLACEMENT_3D('',#4414,#4415,#4416);
#4414 = CARTESIAN_POINT('',(167.,0.,2.));
#4415 = DIRECTION('',(0.,0.,1.));
#4416 = DIRECTION('',(1.,0.,-0.));
#4417 = PLANE('',#4418);
#4418 = AXIS2_PLACEMENT_3D('',#4419,#4420,#4421);
#4419 = CARTESIAN_POINT('',(28.,-8.,2.));
#4420 = DIRECTION('',(0.,0.,1.));
#4421 = DIRECTION('',(1.,0.,-0.));
#4422 = ADVANCED_FACE('',(#4423),#4448,.F.);
#4423 = FACE_BOUND('',#4424,.F.);
#4424 = EDGE_LOOP('',(#4425,#4435,#4441,#4442));
#4425 = ORIENTED_EDGE('',*,*,#4426,.F.);
#4426 = EDGE_CURVE('',#4427,#4429,#4431,.T.);
#4427 = VERTEX_POINT('',#4428);
#4428 = CARTESIAN_POINT('',(28.,-8.,0.));
#4429 = VERTEX_POINT('',#4430);
#4430 = CARTESIAN_POINT('',(158.8754845034,-8.,0.));
#4431 = LINE('',#4432,#4433);
#4432 = CARTESIAN_POINT('',(28.,-8.,0.));
#4433 = VECTOR('',#4434,1.);
#4434 = DIRECTION('',(1.,0.,-0.));
#4435 = ORIENTED_EDGE('',*,*,#4436,.T.);
#4436 = EDGE_CURVE('',#4427,#4191,#4437,.T.);
#4437 = LINE('',#4438,#4439);
#4438 = CARTESIAN_POINT('',(28.,-8.,0.));
#4439 = VECTOR('',#4440,1.);
#4440 = DIRECTION('',(0.,0.,1.));
#4441 = ORIENTED_EDGE('',*,*,#4223,.T.);
#4442 = ORIENTED_EDGE('',*,*,#4443,.F.);
#4443 = EDGE_CURVE('',#4429,#4224,#4444,.T.);
#4444 = LINE('',#4445,#4446);
#4445 = CARTESIAN_POINT('',(158.8754845034,-8.,0.));
#4446 = VECTOR('',#4447,1.);
#4447 = DIRECTION('',(0.,0.,1.));
#4448 = PLANE('',#4449);
#4449 = AXIS2_PLACEMENT_3D('',#4450,#4451,#4452);
#4450 = CARTESIAN_POINT('',(28.,-8.,0.));
#4451 = DIRECTION('',(-0.,1.,0.));
#4452 = DIRECTION('',(0.,0.,1.));
#4453 = ADVANCED_FACE('',(#4454),#4473,.F.);
#4454 = FACE_BOUND('',#4455,.F.);
#4455 = EDGE_LOOP('',(#4456,#4457,#4465,#4472));
#4456 = ORIENTED_EDGE('',*,*,#4240,.F.);
#4457 = ORIENTED_EDGE('',*,*,#4458,.F.);
#4458 = EDGE_CURVE('',#4459,#4241,#4461,.T.);
#4459 = VERTEX_POINT('',#4460);
#4460 = CARTESIAN_POINT('',(39.6,-3.918869757272E-16,0.));
#4461 = LINE('',#4462,#4463);
#4462 = CARTESIAN_POINT('',(39.6,-3.918869757272E-16,-1.));
#4463 = VECTOR('',#4464,1.);
#4464 = DIRECTION('',(0.,0.,1.));
#4465 = ORIENTED_EDGE('',*,*,#4466,.T.);
#4466 = EDGE_CURVE('',#4459,#4459,#4467,.T.);
#4467 = CIRCLE('',#4468,1.6);
#4468 = AXIS2_PLACEMENT_3D('',#4469,#4470,#4471);
#4469 = CARTESIAN_POINT('',(38.,0.,0.));
#4470 = DIRECTION('',(0.,0.,1.));
#4471 = DIRECTION('',(1.,0.,-0.));
#4472 = ORIENTED_EDGE('',*,*,#4458,.T.);
#4473 = CYLINDRICAL_SURFACE('',#4474,1.6);
#4474 = AXIS2_PLACEMENT_3D('',#4475,#4476,#4477);
#4475 = CARTESIAN_POINT('',(38.,0.,-1.));
#4476 = DIRECTION('',(0.,0.,1.));
#4477 = DIRECTION('',(1.,0.,-0.));
#4478 = ADVANCED_FACE('',(#4479),#4498,.F.);
#4479 = FACE_BOUND('',#4480,.F.);
#4480 = EDGE_LOOP('',(#4481,#4482,#4490,#4497));
#4481 = ORIENTED_EDGE('',*,*,#4251,.F.);
#4482 = ORIENTED_EDGE('',*,*,#4483,.F.);
#4483 = EDGE_CURVE('',#4484,#4252,#4486,.T.);
#4484 = VERTEX_POINT('',#4485);
#4485 = CARTESIAN_POINT('',(59.6,-3.918869757272E-16,0.));
#4486 = LINE('',#4487,#4488);
#4487 = CARTESIAN_POINT('',(59.6,-3.918869757272E-16,-1.));
#4488 = VECTOR('',#4489,1.);
#4489 = DIRECTION('',(0.,0.,1.));
#4490 = ORIENTED_EDGE('',*,*,#4491,.T.);
#4491 = EDGE_CURVE('',#4484,#4484,#4492,.T.);
#4492 = CIRCLE('',#4493,1.6);
#4493 = AXIS2_PLACEMENT_3D('',#4494,#4495,#4496);
#4494 = CARTESIAN_POINT('',(58.,0.,0.));
#4495 = DIRECTION('',(0.,0.,1.));
#4496 = DIRECTION('',(1.,0.,-0.));
#4497 = ORIENTED_EDGE('',*,*,#4483,.T.);
#4498 = CYLINDRICAL_SURFACE('',#4499,1.6);
#4499 = AXIS2_PLACEMENT_3D('',#4500,#4501,#4502);
#4500 = CARTESIAN_POINT('',(58.,0.,-1.));
#4501 = DIRECTION('',(0.,0.,1.));
#4502 = DIRECTION('',(1.,0.,-0.));
#4503 = ADVANCED_FACE('',(#4504),#4516,.T.);
#4504 = FACE_BOUND('',#4505,.T.);
#4505 = EDGE_LOOP('',(#4506,#4507,#4508,#4515));
#4506 = ORIENTED_EDGE('',*,*,#4269,.F.);
#4507 = ORIENTED_EDGE('',*,*,#4294,.F.);
#4508 = ORIENTED_EDGE('',*,*,#4509,.T.);
#4509 = EDGE_CURVE('',#4285,#4427,#4510,.T.);
#4510 = CIRCLE('',#4511,8.);
#4511 = AXIS2_PLACEMENT_3D('',#4512,#4513,#4514);
#4512 = CARTESIAN_POINT('',(28.,0.,0.));
#4513 = DIRECTION('',(0.,0.,1.));
#4514 = DIRECTION('',(1.,0.,-0.));
#4515 = ORIENTED_EDGE('',*,*,#4436,.T.);
#4516 = CYLINDRICAL_SURFACE('',#4517,8.);
#4517 = AXIS2_PLACEMENT_3D('',#4518,#4519,#4520);
#4518 = CARTESIAN_POINT('',(28.,0.,0.));
#4519 = DIRECTION('',(0.,0.,1.));
#4520 = DIRECTION('',(1.,0.,-0.));
#4521 = ADVANCED_FACE('',(#4522,#4549,#4552),#4555,.F.);
#4522 = FACE_BOUND('',#4523,.F.);
#4523 = EDGE_LOOP('',(#4524,#4525,#4534,#4541,#4542));
#4524 = ORIENTED_EDGE('',*,*,#4284,.F.);
#4525 = ORIENTED_EDGE('',*,*,#4526,.F.);
#4526 = EDGE_CURVE('',#4527,#4285,#4529,.T.);
#4527 = VERTEX_POINT('',#4528);
#4528 = CARTESIAN_POINT('',(36.,-1.959434878636E-15,0.));
#4529 = CIRCLE('',#4530,8.);
#4530 = AXIS2_PLACEMENT_3D('',#4531,#4532,#4533);
#4531 = CARTESIAN_POINT('',(28.,0.,0.));
#4532 = DIRECTION('',(0.,0.,1.));
#4533 = DIRECTION('',(1.,0.,-0.));
#4534 = ORIENTED_EDGE('',*,*,#4535,.F.);
#4535 = EDGE_CURVE('',#4427,#4527,#4536,.T.);
#4536 = CIRCLE('',#4537,8.);
#4537 = AXIS2_PLACEMENT_3D('',#4538,#4539,#4540);
#4538 = CARTESIAN_POINT('',(28.,0.,0.));
#4539 = DIRECTION('',(0.,0.,1.));
#4540 = DIRECTION('',(1.,0.,-0.));
#4541 = ORIENTED_EDGE('',*,*,#4426,.T.);
#4542 = ORIENTED_EDGE('',*,*,#4543,.F.);
#4543 = EDGE_CURVE('',#4287,#4429,#4544,.T.);
#4544 = CIRCLE('',#4545,18.);
#4545 = AXIS2_PLACEMENT_3D('',#4546,#4547,#4548);
#4546 = CARTESIAN_POINT('',(175.,0.,0.));
#4547 = DIRECTION('',(0.,0.,1.));
#4548 = DIRECTION('',(1.,0.,-0.));
#4549 = FACE_BOUND('',#4550,.F.);
#4550 = EDGE_LOOP('',(#4551));
#4551 = ORIENTED_EDGE('',*,*,#4466,.F.);
#4552 = FACE_BOUND('',#4553,.F.);
#4553 = EDGE_LOOP('',(#4554));
#4554 = ORIENTED_EDGE('',*,*,#4491,.F.);
#4555 = PLANE('',#4556);
#4556 = AXIS2_PLACEMENT_3D('',#4557,#4558,#4559);
#4557 = CARTESIAN_POINT('',(28.,-8.,0.));
#4558 = DIRECTION('',(0.,0.,1.));
#4559 = DIRECTION('',(1.,0.,-0.));
#4560 = ADVANCED_FACE('',(#4561),#4588,.T.);
#4561 = FACE_BOUND('',#4562,.T.);
#4562 = EDGE_LOOP('',(#4563,#4572,#4580,#4587));
#4563 = ORIENTED_EDGE('',*,*,#4564,.F.);
#4564 = EDGE_CURVE('',#4565,#4214,#4567,.T.);
#4565 = VERTEX_POINT('',#4566);
#4566 = CARTESIAN_POINT('',(193.,-4.40872847693E-15,2.));
#4567 = CIRCLE('',#4568,18.);
#4568 = AXIS2_PLACEMENT_3D('',#4569,#4570,#4571);
#4569 = CARTESIAN_POINT('',(175.,0.,2.));
#4570 = DIRECTION('',(0.,0.,1.));
#4571 = DIRECTION('',(1.,0.,-0.));
#4572 = ORIENTED_EDGE('',*,*,#4573,.F.);
#4573 = EDGE_CURVE('',#4574,#4565,#4576,.T.);
#4574 = VERTEX_POINT('',#4575);
#4575 = CARTESIAN_POINT('',(193.,-4.40872847693E-15,0.));
#4576 = LINE('',#4577,#4578);
#4577 = CARTESIAN_POINT('',(193.,-4.40872847693E-15,0.));
#4578 = VECTOR('',#4579,1.);
#4579 = DIRECTION('',(0.,0.,1.));
#4580 = ORIENTED_EDGE('',*,*,#4581,.T.);
#4581 = EDGE_CURVE('',#4574,#4287,#4582,.T.);
#4582 = CIRCLE('',#4583,18.);
#4583 = AXIS2_PLACEMENT_3D('',#4584,#4585,#4586);
#4584 = CARTESIAN_POINT('',(175.,0.,0.));
#4585 = DIRECTION('',(0.,0.,1.));
#4586 = DIRECTION('',(1.,0.,-0.));
#4587 = ORIENTED_EDGE('',*,*,#4301,.T.);
#4588 = CYLINDRICAL_SURFACE('',#4589,18.);
#4589 = AXIS2_PLACEMENT_3D('',#4590,#4591,#4592);
#4590 = CARTESIAN_POINT('',(175.,0.,0.));
#4591 = DIRECTION('',(0.,0.,1.));
#4592 = DIRECTION('',(1.,0.,-0.));
#4593 = ADVANCED_FACE('',(#4594,#4690,#4701,#4712),#4723,.T.);
#4594 = FACE_BOUND('',#4595,.T.);
#4595 = EDGE_LOOP('',(#4596,#4597,#4604,#4605,#4606,#4615,#4622,#4623,
    #4632,#4639,#4640,#4649,#4656,#4657,#4666,#4673,#4674,#4683));
#4596 = ORIENTED_EDGE('',*,*,#4324,.F.);
#4597 = ORIENTED_EDGE('',*,*,#4598,.T.);
#4598 = EDGE_CURVE('',#4224,#4565,#4599,.T.);
#4599 = CIRCLE('',#4600,18.);
#4600 = AXIS2_PLACEMENT_3D('',#4601,#4602,#4603);
#4601 = CARTESIAN_POINT('',(175.,0.,2.));
#4602 = DIRECTION('',(0.,0.,1.));
#4603 = DIRECTION('',(1.,0.,-0.));
#4604 = ORIENTED_EDGE('',*,*,#4564,.T.);
#4605 = ORIENTED_EDGE('',*,*,#4315,.T.);
#4606 = ORIENTED_EDGE('',*,*,#4607,.F.);
#4607 = EDGE_CURVE('',#4608,#4316,#4610,.T.);
#4608 = VERTEX_POINT('',#4609);
#4609 = CARTESIAN_POINT('',(167.1,9.5,2.));
#4610 = CIRCLE('',#4611,1.6);
#4611 = AXIS2_PLACEMENT_3D('',#4612,#4613,#4614);
#4612 = CARTESIAN_POINT('',(165.5,9.5,2.));
#4613 = DIRECTION('',(0.,0.,1.));
#4614 = DIRECTION('',(1.,0.,-0.));
#4615 = ORIENTED_EDGE('',*,*,#4616,.F.);
#4616 = EDGE_CURVE('',#4393,#4608,#4617,.T.);
#4617 = CIRCLE('',#4618,1.6);
#4618 = AXIS2_PLACEMENT_3D('',#4619,#4620,#4621);
#4619 = CARTESIAN_POINT('',(165.5,9.5,2.));
#4620 = DIRECTION('',(0.,0.,1.));
#4621 = DIRECTION('',(1.,0.,-0.));
#4622 = ORIENTED_EDGE('',*,*,#4392,.T.);
#4623 = ORIENTED_EDGE('',*,*,#4624,.F.);
#4624 = EDGE_CURVE('',#4625,#4384,#4627,.T.);
#4625 = VERTEX_POINT('',#4626);
#4626 = CARTESIAN_POINT('',(176.6,9.5,2.));
#4627 = CIRCLE('',#4628,1.6);
#4628 = AXIS2_PLACEMENT_3D('',#4629,#4630,#4631);
#4629 = CARTESIAN_POINT('',(175.,9.5,2.));
#4630 = DIRECTION('',(0.,0.,1.));
#4631 = DIRECTION('',(1.,0.,-0.));
#4632 = ORIENTED_EDGE('',*,*,#4633,.F.);
#4633 = EDGE_CURVE('',#4376,#4625,#4634,.T.);
#4634 = CIRCLE('',#4635,1.6);
#4635 = AXIS2_PLACEMENT_3D('',#4636,#4637,#4638);
#4636 = CARTESIAN_POINT('',(175.,9.5,2.));
#4637 = DIRECTION('',(0.,0.,1.));
#4638 = DIRECTION('',(1.,0.,-0.));
#4639 = ORIENTED_EDGE('',*,*,#4375,.F.);
#4640 = ORIENTED_EDGE('',*,*,#4641,.F.);
#4641 = EDGE_CURVE('',#4642,#4367,#4644,.T.);
#4642 = VERTEX_POINT('',#4643);
#4643 = CARTESIAN_POINT('',(179.5,-1.102182119233E-15,2.));
#4644 = CIRCLE('',#4645,4.5);
#4645 = AXIS2_PLACEMENT_3D('',#4646,#4647,#4648);
#4646 = CARTESIAN_POINT('',(175.,0.,2.));
#4647 = DIRECTION('',(0.,0.,1.));
#4648 = DIRECTION('',(1.,0.,-0.));
#4649 = ORIENTED_EDGE('',*,*,#4650,.F.);
#4650 = EDGE_CURVE('',#4359,#4642,#4651,.T.);
#4651 = CIRCLE('',#4652,4.5);
#4652 = AXIS2_PLACEMENT_3D('',#4653,#4654,#4655);
#4653 = CARTESIAN_POINT('',(175.,0.,2.));
#4654 = DIRECTION('',(0.,0.,1.));
#4655 = DIRECTION('',(1.,0.,-0.));
#4656 = ORIENTED_EDGE('',*,*,#4358,.F.);
#4657 = ORIENTED_EDGE('',*,*,#4658,.F.);
#4658 = EDGE_CURVE('',#4659,#4350,#4661,.T.);
#4659 = VERTEX_POINT('',#4660);
#4660 = CARTESIAN_POINT('',(176.6,-9.5,2.));
#4661 = CIRCLE('',#4662,1.6);
#4662 = AXIS2_PLACEMENT_3D('',#4663,#4664,#4665);
#4663 = CARTESIAN_POINT('',(175.,-9.5,2.));
#4664 = DIRECTION('',(0.,0.,1.));
#4665 = DIRECTION('',(1.,0.,-0.));
#4666 = ORIENTED_EDGE('',*,*,#4667,.F.);
#4667 = EDGE_CURVE('',#4342,#4659,#4668,.T.);
#4668 = CIRCLE('',#4669,1.6);
#4669 = AXIS2_PLACEMENT_3D('',#4670,#4671,#4672);
#4670 = CARTESIAN_POINT('',(175.,-9.5,2.));
#4671 = DIRECTION('',(0.,0.,1.));
#4672 = DIRECTION('',(1.,0.,-0.));
#4673 = ORIENTED_EDGE('',*,*,#4341,.F.);
#4674 = ORIENTED_EDGE('',*,*,#4675,.F.);
#4675 = EDGE_CURVE('',#4676,#4333,#4678,.T.);
#4676 = VERTEX_POINT('',#4677);
#4677 = CARTESIAN_POINT('',(167.1,-9.5,2.));
#4678 = CIRCLE('',#4679,1.6);
#4679 = AXIS2_PLACEMENT_3D('',#4680,#4681,#4682);
#4680 = CARTESIAN_POINT('',(165.5,-9.5,2.));
#4681 = DIRECTION('',(0.,0.,1.));
#4682 = DIRECTION('',(1.,0.,-0.));
#4683 = ORIENTED_EDGE('',*,*,#4684,.F.);
#4684 = EDGE_CURVE('',#4325,#4676,#4685,.T.);
#4685 = CIRCLE('',#4686,1.6);
#4686 = AXIS2_PLACEMENT_3D('',#4687,#4688,#4689);
#4687 = CARTESIAN_POINT('',(165.5,-9.5,2.));
#4688 = DIRECTION('',(0.,0.,1.));
#4689 = DIRECTION('',(1.,0.,-0.));
#4690 = FACE_BOUND('',#4691,.T.);
#4691 = EDGE_LOOP('',(#4692));
#4692 = ORIENTED_EDGE('',*,*,#4693,.F.);
#4693 = EDGE_CURVE('',#4694,#4694,#4696,.T.);
#4694 = VERTEX_POINT('',#4695);
#4695 = CARTESIAN_POINT('',(186.1,-9.5,2.));
#4696 = CIRCLE('',#4697,1.6);
#4697 = AXIS2_PLACEMENT_3D('',#4698,#4699,#4700);
#4698 = CARTESIAN_POINT('',(184.5,-9.5,2.));
#4699 = DIRECTION('',(0.,0.,1.));
#4700 = DIRECTION('',(1.,0.,-0.));
#4701 = FACE_BOUND('',#4702,.T.);
#4702 = EDGE_LOOP('',(#4703));
#4703 = ORIENTED_EDGE('',*,*,#4704,.F.);
#4704 = EDGE_CURVE('',#4705,#4705,#4707,.T.);
#4705 = VERTEX_POINT('',#4706);
#4706 = CARTESIAN_POINT('',(184.6,-3.918869757272E-16,2.));
#4707 = CIRCLE('',#4708,1.6);
#4708 = AXIS2_PLACEMENT_3D('',#4709,#4710,#4711);
#4709 = CARTESIAN_POINT('',(183.,0.,2.));
#4710 = DIRECTION('',(0.,0.,1.));
#4711 = DIRECTION('',(1.,0.,-0.));
#4712 = FACE_BOUND('',#4713,.T.);
#4713 = EDGE_LOOP('',(#4714));
#4714 = ORIENTED_EDGE('',*,*,#4715,.F.);
#4715 = EDGE_CURVE('',#4716,#4716,#4718,.T.);
#4716 = VERTEX_POINT('',#4717);
#4717 = CARTESIAN_POINT('',(186.1,9.5,2.));
#4718 = CIRCLE('',#4719,1.6);
#4719 = AXIS2_PLACEMENT_3D('',#4720,#4721,#4722);
#4720 = CARTESIAN_POINT('',(184.5,9.5,2.));
#4721 = DIRECTION('',(0.,0.,1.));
#4722 = DIRECTION('',(1.,0.,-0.));
#4723 = PLANE('',#4724);
#4724 = AXIS2_PLACEMENT_3D('',#4725,#4726,#4727);
#4725 = CARTESIAN_POINT('',(175.,0.,2.));
#4726 = DIRECTION('',(0.,0.,1.));
#4727 = DIRECTION('',(1.,0.,-0.));
#4728 = ADVANCED_FACE('',(#4729),#4768,.F.);
#4729 = FACE_BOUND('',#4730,.F.);
#4730 = EDGE_LOOP('',(#4731,#4732,#4740,#4749,#4758,#4765,#4766,#4767));
#4731 = ORIENTED_EDGE('',*,*,#4607,.F.);
#4732 = ORIENTED_EDGE('',*,*,#4733,.F.);
#4733 = EDGE_CURVE('',#4734,#4608,#4736,.T.);
#4734 = VERTEX_POINT('',#4735);
#4735 = CARTESIAN_POINT('',(167.1,9.5,0.));
#4736 = LINE('',#4737,#4738);
#4737 = CARTESIAN_POINT('',(167.1,9.5,-1.));
#4738 = VECTOR('',#4739,1.);
#4739 = DIRECTION('',(0.,0.,1.));
#4740 = ORIENTED_EDGE('',*,*,#4741,.T.);
#4741 = EDGE_CURVE('',#4734,#4742,#4744,.T.);
#4742 = VERTEX_POINT('',#4743);
#4743 = CARTESIAN_POINT('',(164.94322356371,8.,0.));
#4744 = CIRCLE('',#4745,1.6);
#4745 = AXIS2_PLACEMENT_3D('',#4746,#4747,#4748);
#4746 = CARTESIAN_POINT('',(165.5,9.5,0.));
#4747 = DIRECTION('',(0.,0.,1.));
#4748 = DIRECTION('',(1.,0.,-0.));
#4749 = ORIENTED_EDGE('',*,*,#4750,.T.);
#4750 = EDGE_CURVE('',#4742,#4751,#4753,.T.);
#4751 = VERTEX_POINT('',#4752);
#4752 = CARTESIAN_POINT('',(166.05677643628,8.,0.));
#4753 = CIRCLE('',#4754,1.6);
#4754 = AXIS2_PLACEMENT_3D('',#4755,#4756,#4757);
#4755 = CARTESIAN_POINT('',(165.5,9.5,0.));
#4756 = DIRECTION('',(0.,0.,1.));
#4757 = DIRECTION('',(1.,0.,-0.));
#4758 = ORIENTED_EDGE('',*,*,#4759,.T.);
#4759 = EDGE_CURVE('',#4751,#4734,#4760,.T.);
#4760 = CIRCLE('',#4761,1.6);
#4761 = AXIS2_PLACEMENT_3D('',#4762,#4763,#4764);
#4762 = CARTESIAN_POINT('',(165.5,9.5,0.));
#4763 = DIRECTION('',(0.,0.,1.));
#4764 = DIRECTION('',(1.,0.,-0.));
#4765 = ORIENTED_EDGE('',*,*,#4733,.T.);
#4766 = ORIENTED_EDGE('',*,*,#4616,.F.);
#4767 = ORIENTED_EDGE('',*,*,#4400,.F.);
#4768 = CYLINDRICAL_SURFACE('',#4769,1.6);
#4769 = AXIS2_PLACEMENT_3D('',#4770,#4771,#4772);
#4770 = CARTESIAN_POINT('',(165.5,9.5,-1.));
#4771 = DIRECTION('',(0.,0.,1.));
#4772 = DIRECTION('',(1.,0.,-0.));
#4773 = ADVANCED_FACE('',(#4774),#4813,.F.);
#4774 = FACE_BOUND('',#4775,.F.);
#4775 = EDGE_LOOP('',(#4776,#4777,#4785,#4794,#4803,#4810,#4811,#4812));
#4776 = ORIENTED_EDGE('',*,*,#4624,.F.);
#4777 = ORIENTED_EDGE('',*,*,#4778,.F.);
#4778 = EDGE_CURVE('',#4779,#4625,#4781,.T.);
#4779 = VERTEX_POINT('',#4780);
#4780 = CARTESIAN_POINT('',(176.6,9.5,0.));
#4781 = LINE('',#4782,#4783);
#4782 = CARTESIAN_POINT('',(176.6,9.5,-1.));
#4783 = VECTOR('',#4784,1.);
#4784 = DIRECTION('',(0.,0.,1.));
#4785 = ORIENTED_EDGE('',*,*,#4786,.T.);
#4786 = EDGE_CURVE('',#4779,#4787,#4789,.T.);
#4787 = VERTEX_POINT('',#4788);
#4788 = CARTESIAN_POINT('',(174.44322356371,8.,0.));
#4789 = CIRCLE('',#4790,1.6);
#4790 = AXIS2_PLACEMENT_3D('',#4791,#4792,#4793);
#4791 = CARTESIAN_POINT('',(175.,9.5,0.));
#4792 = DIRECTION('',(0.,0.,1.));
#4793 = DIRECTION('',(1.,0.,-0.));
#4794 = ORIENTED_EDGE('',*,*,#4795,.T.);
#4795 = EDGE_CURVE('',#4787,#4796,#4798,.T.);
#4796 = VERTEX_POINT('',#4797);
#4797 = CARTESIAN_POINT('',(175.,7.900000000001,0.));
#4798 = CIRCLE('',#4799,1.6);
#4799 = AXIS2_PLACEMENT_3D('',#4800,#4801,#4802);
#4800 = CARTESIAN_POINT('',(175.,9.5,0.));
#4801 = DIRECTION('',(0.,0.,1.));
#4802 = DIRECTION('',(1.,0.,-0.));
#4803 = ORIENTED_EDGE('',*,*,#4804,.T.);
#4804 = EDGE_CURVE('',#4796,#4779,#4805,.T.);
#4805 = CIRCLE('',#4806,1.6);
#4806 = AXIS2_PLACEMENT_3D('',#4807,#4808,#4809);
#4807 = CARTESIAN_POINT('',(175.,9.5,0.));
#4808 = DIRECTION('',(0.,0.,1.));
#4809 = DIRECTION('',(1.,0.,-0.));
#4810 = ORIENTED_EDGE('',*,*,#4778,.T.);
#4811 = ORIENTED_EDGE('',*,*,#4633,.F.);
#4812 = ORIENTED_EDGE('',*,*,#4383,.F.);
#4813 = CYLINDRICAL_SURFACE('',#4814,1.6);
#4814 = AXIS2_PLACEMENT_3D('',#4815,#4816,#4817);
#4815 = CARTESIAN_POINT('',(175.,9.5,-1.));
#4816 = DIRECTION('',(0.,0.,1.));
#4817 = DIRECTION('',(1.,0.,-0.));
#4818 = ADVANCED_FACE('',(#4819),#4858,.F.);
#4819 = FACE_BOUND('',#4820,.F.);
#4820 = EDGE_LOOP('',(#4821,#4822,#4830,#4839,#4848,#4855,#4856,#4857));
#4821 = ORIENTED_EDGE('',*,*,#4641,.F.);
#4822 = ORIENTED_EDGE('',*,*,#4823,.F.);
#4823 = EDGE_CURVE('',#4824,#4642,#4826,.T.);
#4824 = VERTEX_POINT('',#4825);
#4825 = CARTESIAN_POINT('',(179.5,-1.102182119233E-15,0.));
#4826 = LINE('',#4827,#4828);
#4827 = CARTESIAN_POINT('',(179.5,-1.102182119233E-15,-1.));
#4828 = VECTOR('',#4829,1.);
#4829 = DIRECTION('',(0.,0.,1.));
#4830 = ORIENTED_EDGE('',*,*,#4831,.T.);
#4831 = EDGE_CURVE('',#4824,#4832,#4834,.T.);
#4832 = VERTEX_POINT('',#4833);
#4833 = CARTESIAN_POINT('',(175.,4.5,0.));
#4834 = CIRCLE('',#4835,4.5);
#4835 = AXIS2_PLACEMENT_3D('',#4836,#4837,#4838);
#4836 = CARTESIAN_POINT('',(175.,0.,0.));
#4837 = DIRECTION('',(0.,0.,1.));
#4838 = DIRECTION('',(1.,0.,-0.));
#4839 = ORIENTED_EDGE('',*,*,#4840,.T.);
#4840 = EDGE_CURVE('',#4832,#4841,#4843,.T.);
#4841 = VERTEX_POINT('',#4842);
#4842 = CARTESIAN_POINT('',(175.,-4.5,0.));
#4843 = CIRCLE('',#4844,4.5);
#4844 = AXIS2_PLACEMENT_3D('',#4845,#4846,#4847);
#4845 = CARTESIAN_POINT('',(175.,0.,0.));
#4846 = DIRECTION('',(0.,0.,1.));
#4847 = DIRECTION('',(1.,0.,-0.));
#4848 = ORIENTED_EDGE('',*,*,#4849,.T.);
#4849 = EDGE_CURVE('',#4841,#4824,#4850,.T.);
#4850 = CIRCLE('',#4851,4.5);
#4851 = AXIS2_PLACEMENT_3D('',#4852,#4853,#4854);
#4852 = CARTESIAN_POINT('',(175.,0.,0.));
#4853 = DIRECTION('',(0.,0.,1.));
#4854 = DIRECTION('',(1.,0.,-0.));
#4855 = ORIENTED_EDGE('',*,*,#4823,.T.);
#4856 = ORIENTED_EDGE('',*,*,#4650,.F.);
#4857 = ORIENTED_EDGE('',*,*,#4366,.F.);
#4858 = CYLINDRICAL_SURFACE('',#4859,4.5);
#4859 = AXIS2_PLACEMENT_3D('',#4860,#4861,#4862);
#4860 = CARTESIAN_POINT('',(175.,0.,-1.));
#4861 = DIRECTION('',(0.,0.,1.));
#4862 = DIRECTION('',(1.,0.,-0.));
#4863 = ADVANCED_FACE('',(#4864),#4903,.F.);
#4864 = FACE_BOUND('',#4865,.F.);
#4865 = EDGE_LOOP('',(#4866,#4867,#4875,#4884,#4893,#4900,#4901,#4902));
#4866 = ORIENTED_EDGE('',*,*,#4658,.F.);
#4867 = ORIENTED_EDGE('',*,*,#4868,.F.);
#4868 = EDGE_CURVE('',#4869,#4659,#4871,.T.);
#4869 = VERTEX_POINT('',#4870);
#4870 = CARTESIAN_POINT('',(176.6,-9.5,0.));
#4871 = LINE('',#4872,#4873);
#4872 = CARTESIAN_POINT('',(176.6,-9.5,-1.));
#4873 = VECTOR('',#4874,1.);
#4874 = DIRECTION('',(0.,0.,1.));
#4875 = ORIENTED_EDGE('',*,*,#4876,.T.);
#4876 = EDGE_CURVE('',#4869,#4877,#4879,.T.);
#4877 = VERTEX_POINT('',#4878);
#4878 = CARTESIAN_POINT('',(175.,-7.900000000001,0.));
#4879 = CIRCLE('',#4880,1.6);
#4880 = AXIS2_PLACEMENT_3D('',#4881,#4882,#4883);
#4881 = CARTESIAN_POINT('',(175.,-9.5,0.));
#4882 = DIRECTION('',(0.,0.,1.));
#4883 = DIRECTION('',(1.,0.,-0.));
#4884 = ORIENTED_EDGE('',*,*,#4885,.T.);
#4885 = EDGE_CURVE('',#4877,#4886,#4888,.T.);
#4886 = VERTEX_POINT('',#4887);
#4887 = CARTESIAN_POINT('',(174.44322356371,-8.,0.));
#4888 = CIRCLE('',#4889,1.6);
#4889 = AXIS2_PLACEMENT_3D('',#4890,#4891,#4892);
#4890 = CARTESIAN_POINT('',(175.,-9.5,0.));
#4891 = DIRECTION('',(0.,0.,1.));
#4892 = DIRECTION('',(1.,0.,-0.));
#4893 = ORIENTED_EDGE('',*,*,#4894,.T.);
#4894 = EDGE_CURVE('',#4886,#4869,#4895,.T.);
#4895 = CIRCLE('',#4896,1.6);
#4896 = AXIS2_PLACEMENT_3D('',#4897,#4898,#4899);
#4897 = CARTESIAN_POINT('',(175.,-9.5,0.));
#4898 = DIRECTION('',(0.,0.,1.));
#4899 = DIRECTION('',(1.,0.,-0.));
#4900 = ORIENTED_EDGE('',*,*,#4868,.T.);
#4901 = ORIENTED_EDGE('',*,*,#4667,.F.);
#4902 = ORIENTED_EDGE('',*,*,#4349,.F.);
#4903 = CYLINDRICAL_SURFACE('',#4904,1.6);
#4904 = AXIS2_PLACEMENT_3D('',#4905,#4906,#4907);
#4905 = CARTESIAN_POINT('',(175.,-9.5,-1.));
#4906 = DIRECTION('',(0.,0.,1.));
#4907 = DIRECTION('',(1.,0.,-0.));
#4908 = ADVANCED_FACE('',(#4909),#4948,.F.);
#4909 = FACE_BOUND('',#4910,.F.);
#4910 = EDGE_LOOP('',(#4911,#4912,#4920,#4929,#4938,#4945,#4946,#4947));
#4911 = ORIENTED_EDGE('',*,*,#4675,.F.);
#4912 = ORIENTED_EDGE('',*,*,#4913,.F.);
#4913 = EDGE_CURVE('',#4914,#4676,#4916,.T.);
#4914 = VERTEX_POINT('',#4915);
#4915 = CARTESIAN_POINT('',(167.1,-9.5,0.));
#4916 = LINE('',#4917,#4918);
#4917 = CARTESIAN_POINT('',(167.1,-9.5,-1.));
#4918 = VECTOR('',#4919,1.);
#4919 = DIRECTION('',(0.,0.,1.));
#4920 = ORIENTED_EDGE('',*,*,#4921,.T.);
#4921 = EDGE_CURVE('',#4914,#4922,#4924,.T.);
#4922 = VERTEX_POINT('',#4923);
#4923 = CARTESIAN_POINT('',(166.05677643628,-8.,0.));
#4924 = CIRCLE('',#4925,1.6);
#4925 = AXIS2_PLACEMENT_3D('',#4926,#4927,#4928);
#4926 = CARTESIAN_POINT('',(165.5,-9.5,0.));
#4927 = DIRECTION('',(0.,0.,1.));
#4928 = DIRECTION('',(1.,0.,-0.));
#4929 = ORIENTED_EDGE('',*,*,#4930,.T.);
#4930 = EDGE_CURVE('',#4922,#4931,#4933,.T.);
#4931 = VERTEX_POINT('',#4932);
#4932 = CARTESIAN_POINT('',(164.94322356371,-8.,0.));
#4933 = CIRCLE('',#4934,1.6);
#4934 = AXIS2_PLACEMENT_3D('',#4935,#4936,#4937);
#4935 = CARTESIAN_POINT('',(165.5,-9.5,0.));
#4936 = DIRECTION('',(0.,0.,1.));
#4937 = DIRECTION('',(1.,0.,-0.));
#4938 = ORIENTED_EDGE('',*,*,#4939,.T.);
#4939 = EDGE_CURVE('',#4931,#4914,#4940,.T.);
#4940 = CIRCLE('',#4941,1.6);
#4941 = AXIS2_PLACEMENT_3D('',#4942,#4943,#4944);
#4942 = CARTESIAN_POINT('',(165.5,-9.5,0.));
#4943 = DIRECTION('',(0.,0.,1.));
#4944 = DIRECTION('',(1.,0.,-0.));
#4945 = ORIENTED_EDGE('',*,*,#4913,.T.);
#4946 = ORIENTED_EDGE('',*,*,#4684,.F.);
#4947 = ORIENTED_EDGE('',*,*,#4332,.F.);
#4948 = CYLINDRICAL_SURFACE('',#4949,1.6);
#4949 = AXIS2_PLACEMENT_3D('',#4950,#4951,#4952);
#4950 = CARTESIAN_POINT('',(165.5,-9.5,-1.));
#4951 = DIRECTION('',(0.,0.,1.));
#4952 = DIRECTION('',(1.,0.,-0.));
#4953 = ADVANCED_FACE('',(#4954),#4973,.F.);
#4954 = FACE_BOUND('',#4955,.F.);
#4955 = EDGE_LOOP('',(#4956,#4957,#4965,#4972));
#4956 = ORIENTED_EDGE('',*,*,#4409,.F.);
#4957 = ORIENTED_EDGE('',*,*,#4958,.F.);
#4958 = EDGE_CURVE('',#4959,#4410,#4961,.T.);
#4959 = VERTEX_POINT('',#4960);
#4960 = CARTESIAN_POINT('',(168.6,-3.918869757272E-16,0.));
#4961 = LINE('',#4962,#4963);
#4962 = CARTESIAN_POINT('',(168.6,-3.918869757272E-16,-1.));
#4963 = VECTOR('',#4964,1.);
#4964 = DIRECTION('',(0.,0.,1.));
#4965 = ORIENTED_EDGE('',*,*,#4966,.T.);
#4966 = EDGE_CURVE('',#4959,#4959,#4967,.T.);
#4967 = CIRCLE('',#4968,1.6);
#4968 = AXIS2_PLACEMENT_3D('',#4969,#4970,#4971);
#4969 = CARTESIAN_POINT('',(167.,0.,0.));
#4970 = DIRECTION('',(0.,0.,1.));
#4971 = DIRECTION('',(1.,0.,-0.));
#4972 = ORIENTED_EDGE('',*,*,#4958,.T.);
#4973 = CYLINDRICAL_SURFACE('',#4974,1.6);
#4974 = AXIS2_PLACEMENT_3D('',#4975,#4976,#4977);
#4975 = CARTESIAN_POINT('',(167.,0.,-1.));
#4976 = DIRECTION('',(0.,0.,1.));
#4977 = DIRECTION('',(1.,0.,-0.));
#4978 = ADVANCED_FACE('',(#4979),#4991,.T.);
#4979 = FACE_BOUND('',#4980,.T.);
#4980 = EDGE_LOOP('',(#4981,#4982,#4983,#4984));
#4981 = ORIENTED_EDGE('',*,*,#4573,.T.);
#4982 = ORIENTED_EDGE('',*,*,#4598,.F.);
#4983 = ORIENTED_EDGE('',*,*,#4443,.F.);
#4984 = ORIENTED_EDGE('',*,*,#4985,.T.);
#4985 = EDGE_CURVE('',#4429,#4574,#4986,.T.);
#4986 = CIRCLE('',#4987,18.);
#4987 = AXIS2_PLACEMENT_3D('',#4988,#4989,#4990);
#4988 = CARTESIAN_POINT('',(175.,0.,0.));
#4989 = DIRECTION('',(0.,0.,1.));
#4990 = DIRECTION('',(1.,0.,-0.));
#4991 = CYLINDRICAL_SURFACE('',#4992,18.);
#4992 = AXIS2_PLACEMENT_3D('',#4993,#4994,#4995);
#4993 = CARTESIAN_POINT('',(175.,0.,0.));
#4994 = DIRECTION('',(0.,0.,1.));
#4995 = DIRECTION('',(1.,0.,-0.));
#4996 = ADVANCED_FACE('',(#4997),#5006,.F.);
#4997 = FACE_BOUND('',#4998,.F.);
#4998 = EDGE_LOOP('',(#4999,#5005));
#4999 = ORIENTED_EDGE('',*,*,#5000,.T.);
#5000 = EDGE_CURVE('',#4427,#4285,#5001,.T.);
#5001 = LINE('',#5002,#5003);
#5002 = CARTESIAN_POINT('',(28.,-8.,0.));
#5003 = VECTOR('',#5004,1.);
#5004 = DIRECTION('',(-0.,1.,0.));
#5005 = ORIENTED_EDGE('',*,*,#4509,.T.);
#5006 = PLANE('',#5007);
#5007 = AXIS2_PLACEMENT_3D('',#5008,#5009,#5010);
#5008 = CARTESIAN_POINT('',(28.,0.,0.));
#5009 = DIRECTION('',(0.,0.,1.));
#5010 = DIRECTION('',(1.,0.,-0.));
#5011 = ADVANCED_FACE('',(#5012),#5017,.F.);
#5012 = FACE_BOUND('',#5013,.F.);
#5013 = EDGE_LOOP('',(#5014,#5015,#5016));
#5014 = ORIENTED_EDGE('',*,*,#4526,.T.);
#5015 = ORIENTED_EDGE('',*,*,#5000,.F.);
#5016 = ORIENTED_EDGE('',*,*,#4535,.T.);
#5017 = PLANE('',#5018);
#5018 = AXIS2_PLACEMENT_3D('',#5019,#5020,#5021);
#5019 = CARTESIAN_POINT('',(28.,-8.,0.));
#5020 = DIRECTION('',(0.,0.,1.));
#5021 = DIRECTION('',(1.,0.,-0.));
#5022 = ADVANCED_FACE('',(#5023,#5067),#5070,.F.);
#5023 = FACE_BOUND('',#5024,.F.);
#5024 = EDGE_LOOP('',(#5025,#5031,#5032,#5038,#5039,#5045,#5046,#5052,
    #5053,#5059,#5060,#5066));
#5025 = ORIENTED_EDGE('',*,*,#5026,.F.);
#5026 = EDGE_CURVE('',#4287,#4742,#5027,.T.);
#5027 = LINE('',#5028,#5029);
#5028 = CARTESIAN_POINT('',(28.,8.,0.));
#5029 = VECTOR('',#5030,1.);
#5030 = DIRECTION('',(1.,0.,-0.));
#5031 = ORIENTED_EDGE('',*,*,#4543,.T.);
#5032 = ORIENTED_EDGE('',*,*,#5033,.T.);
#5033 = EDGE_CURVE('',#4429,#4931,#5034,.T.);
#5034 = LINE('',#5035,#5036);
#5035 = CARTESIAN_POINT('',(28.,-8.,0.));
#5036 = VECTOR('',#5037,1.);
#5037 = DIRECTION('',(1.,0.,-0.));
#5038 = ORIENTED_EDGE('',*,*,#4930,.F.);
#5039 = ORIENTED_EDGE('',*,*,#5040,.T.);
#5040 = EDGE_CURVE('',#4922,#4886,#5041,.T.);
#5041 = LINE('',#5042,#5043);
#5042 = CARTESIAN_POINT('',(28.,-8.,0.));
#5043 = VECTOR('',#5044,1.);
#5044 = DIRECTION('',(1.,0.,-0.));
#5045 = ORIENTED_EDGE('',*,*,#4885,.F.);
#5046 = ORIENTED_EDGE('',*,*,#5047,.T.);
#5047 = EDGE_CURVE('',#4877,#4841,#5048,.T.);
#5048 = LINE('',#5049,#5050);
#5049 = CARTESIAN_POINT('',(175.,-8.,0.));
#5050 = VECTOR('',#5051,1.);
#5051 = DIRECTION('',(-0.,1.,0.));
#5052 = ORIENTED_EDGE('',*,*,#4840,.F.);
#5053 = ORIENTED_EDGE('',*,*,#5054,.T.);
#5054 = EDGE_CURVE('',#4832,#4796,#5055,.T.);
#5055 = LINE('',#5056,#5057);
#5056 = CARTESIAN_POINT('',(175.,-8.,0.));
#5057 = VECTOR('',#5058,1.);
#5058 = DIRECTION('',(-0.,1.,0.));
#5059 = ORIENTED_EDGE('',*,*,#4795,.F.);
#5060 = ORIENTED_EDGE('',*,*,#5061,.F.);
#5061 = EDGE_CURVE('',#4751,#4787,#5062,.T.);
#5062 = LINE('',#5063,#5064);
#5063 = CARTESIAN_POINT('',(28.,8.,0.));
#5064 = VECTOR('',#5065,1.);
#5065 = DIRECTION('',(1.,0.,-0.));
#5066 = ORIENTED_EDGE('',*,*,#4750,.F.);
#5067 = FACE_BOUND('',#5068,.F.);
#5068 = EDGE_LOOP('',(#5069));
#5069 = ORIENTED_EDGE('',*,*,#4966,.F.);
#5070 = PLANE('',#5071);
#5071 = AXIS2_PLACEMENT_3D('',#5072,#5073,#5074);
#5072 = CARTESIAN_POINT('',(28.,-8.,0.));
#5073 = DIRECTION('',(0.,0.,1.));
#5074 = DIRECTION('',(1.,0.,-0.));
#5075 = ADVANCED_FACE('',(#5076,#5096,#5107,#5118),#5129,.F.);
#5076 = FACE_BOUND('',#5077,.F.);
#5077 = EDGE_LOOP('',(#5078,#5079,#5080,#5081,#5082,#5083,#5084,#5085,
    #5086,#5087,#5088,#5089,#5090,#5091,#5092,#5093,#5094,#5095));
#5078 = ORIENTED_EDGE('',*,*,#5033,.F.);
#5079 = ORIENTED_EDGE('',*,*,#4985,.T.);
#5080 = ORIENTED_EDGE('',*,*,#4581,.T.);
#5081 = ORIENTED_EDGE('',*,*,#5026,.T.);
#5082 = ORIENTED_EDGE('',*,*,#4741,.F.);
#5083 = ORIENTED_EDGE('',*,*,#4759,.F.);
#5084 = ORIENTED_EDGE('',*,*,#5061,.T.);
#5085 = ORIENTED_EDGE('',*,*,#4786,.F.);
#5086 = ORIENTED_EDGE('',*,*,#4804,.F.);
#5087 = ORIENTED_EDGE('',*,*,#5054,.F.);
#5088 = ORIENTED_EDGE('',*,*,#4831,.F.);
#5089 = ORIENTED_EDGE('',*,*,#4849,.F.);
#5090 = ORIENTED_EDGE('',*,*,#5047,.F.);
#5091 = ORIENTED_EDGE('',*,*,#4876,.F.);
#5092 = ORIENTED_EDGE('',*,*,#4894,.F.);
#5093 = ORIENTED_EDGE('',*,*,#5040,.F.);
#5094 = ORIENTED_EDGE('',*,*,#4921,.F.);
#5095 = ORIENTED_EDGE('',*,*,#4939,.F.);
#5096 = FACE_BOUND('',#5097,.F.);
#5097 = EDGE_LOOP('',(#5098));
#5098 = ORIENTED_EDGE('',*,*,#5099,.F.);
#5099 = EDGE_CURVE('',#5100,#5100,#5102,.T.);
#5100 = VERTEX_POINT('',#5101);
#5101 = CARTESIAN_POINT('',(186.1,-9.5,0.));
#5102 = CIRCLE('',#5103,1.6);
#5103 = AXIS2_PLACEMENT_3D('',#5104,#5105,#5106);
#5104 = CARTESIAN_POINT('',(184.5,-9.5,0.));
#5105 = DIRECTION('',(0.,0.,1.));
#5106 = DIRECTION('',(1.,0.,-0.));
#5107 = FACE_BOUND('',#5108,.F.);
#5108 = EDGE_LOOP('',(#5109));
#5109 = ORIENTED_EDGE('',*,*,#5110,.F.);
#5110 = EDGE_CURVE('',#5111,#5111,#5113,.T.);
#5111 = VERTEX_POINT('',#5112);
#5112 = CARTESIAN_POINT('',(184.6,-3.918869757272E-16,0.));
#5113 = CIRCLE('',#5114,1.6);
#5114 = AXIS2_PLACEMENT_3D('',#5115,#5116,#5117);
#5115 = CARTESIAN_POINT('',(183.,0.,0.));
#5116 = DIRECTION('',(0.,0.,1.));
#5117 = DIRECTION('',(1.,0.,-0.));
#5118 = FACE_BOUND('',#5119,.F.);
#5119 = EDGE_LOOP('',(#5120));
#5120 = ORIENTED_EDGE('',*,*,#5121,.F.);
#5121 = EDGE_CURVE('',#5122,#5122,#5124,.T.);
#5122 = VERTEX_POINT('',#5123);
#5123 = CARTESIAN_POINT('',(186.1,9.5,0.));
#5124 = CIRCLE('',#5125,1.6);
#5125 = AXIS2_PLACEMENT_3D('',#5126,#5127,#5128);
#5126 = CARTESIAN_POINT('',(184.5,9.5,0.));
#5127 = DIRECTION('',(0.,0.,1.));
#5128 = DIRECTION('',(1.,0.,-0.));
#5129 = PLANE('',#5130);
#5130 = AXIS2_PLACEMENT_3D('',#5131,#5132,#5133);
#5131 = CARTESIAN_POINT('',(175.,0.,0.));
#5132 = DIRECTION('',(0.,0.,1.));
#5133 = DIRECTION('',(1.,0.,-0.));
#5134 = ADVANCED_FACE('',(#5135),#5146,.F.);
#5135 = FACE_BOUND('',#5136,.F.);
#5136 = EDGE_LOOP('',(#5137,#5138,#5144,#5145));
#5137 = ORIENTED_EDGE('',*,*,#4693,.F.);
#5138 = ORIENTED_EDGE('',*,*,#5139,.F.);
#5139 = EDGE_CURVE('',#5100,#4694,#5140,.T.);
#5140 = LINE('',#5141,#5142);
#5141 = CARTESIAN_POINT('',(186.1,-9.5,-1.));
#5142 = VECTOR('',#5143,1.);
#5143 = DIRECTION('',(0.,0.,1.));
#5144 = ORIENTED_EDGE('',*,*,#5099,.T.);
#5145 = ORIENTED_EDGE('',*,*,#5139,.T.);
#5146 = CYLINDRICAL_SURFACE('',#5147,1.6);
#5147 = AXIS2_PLACEMENT_3D('',#5148,#5149,#5150);
#5148 = CARTESIAN_POINT('',(184.5,-9.5,-1.));
#5149 = DIRECTION('',(0.,0.,1.));
#5150 = DIRECTION('',(1.,0.,-0.));
#5151 = ADVANCED_FACE('',(#5152),#5163,.F.);
#5152 = FACE_BOUND('',#5153,.F.);
#5153 = EDGE_LOOP('',(#5154,#5155,#5161,#5162));
#5154 = ORIENTED_EDGE('',*,*,#4704,.F.);
#5155 = ORIENTED_EDGE('',*,*,#5156,.F.);
#5156 = EDGE_CURVE('',#5111,#4705,#5157,.T.);
#5157 = LINE('',#5158,#5159);
#5158 = CARTESIAN_POINT('',(184.6,-3.918869757272E-16,-1.));
#5159 = VECTOR('',#5160,1.);
#5160 = DIRECTION('',(0.,0.,1.));
#5161 = ORIENTED_EDGE('',*,*,#5110,.T.);
#5162 = ORIENTED_EDGE('',*,*,#5156,.T.);
#5163 = CYLINDRICAL_SURFACE('',#5164,1.6);
#5164 = AXIS2_PLACEMENT_3D('',#5165,#5166,#5167);
#5165 = CARTESIAN_POINT('',(183.,0.,-1.));
#5166 = DIRECTION('',(0.,0.,1.));
#5167 = DIRECTION('',(1.,0.,-0.));
#5168 = ADVANCED_FACE('',(#5169),#5180,.F.);
#5169 = FACE_BOUND('',#5170,.F.);
#5170 = EDGE_LOOP('',(#5171,#5172,#5178,#5179));
#5171 = ORIENTED_EDGE('',*,*,#4715,.F.);
#5172 = ORIENTED_EDGE('',*,*,#5173,.F.);
#5173 = EDGE_CURVE('',#5122,#4716,#5174,.T.);
#5174 = LINE('',#5175,#5176);
#5175 = CARTESIAN_POINT('',(186.1,9.5,-1.));
#5176 = VECTOR('',#5177,1.);
#5177 = DIRECTION('',(0.,0.,1.));
#5178 = ORIENTED_EDGE('',*,*,#5121,.T.);
#5179 = ORIENTED_EDGE('',*,*,#5173,.T.);
#5180 = CYLINDRICAL_SURFACE('',#5181,1.6);
#5181 = AXIS2_PLACEMENT_3D('',#5182,#5183,#5184);
#5182 = CARTESIAN_POINT('',(184.5,9.5,-1.));
#5183 = DIRECTION('',(0.,0.,1.));
#5184 = DIRECTION('',(1.,0.,-0.));
#5185 = ( GEOMETRIC_REPRESENTATION_CONTEXT(3) 
GLOBAL_UNCERTAINTY_ASSIGNED_CONTEXT((#5189)) 
GLOBAL_UNIT_ASSIGNED_CONTEXT((#5186,#5187,#5188)) REPRESENTATION_CONTEXT
('Context #1','3D Context with UNIT and UNCERTAINTY') );
#5186 = ( LENGTH_UNIT() NAMED_UNIT(*) SI_UNIT(.MILLI.,.METRE.) );
#5187 = ( NAMED_UNIT(*) PLANE_ANGLE_UNIT() SI_UNIT($,.RADIAN.) );
#5188 = ( NAMED_UNIT(*) SI_UNIT($,.STERADIAN.) SOLID_ANGLE_UNIT() );
#5189 = UNCERTAINTY_MEASURE_WITH_UNIT(LENGTH_MEASURE(1.E-07),#5186,
  'distance_accuracy_value','confusion accuracy');
#5190 = CONTEXT_DEPENDENT_SHAPE_REPRESENTATION(#5191,#5193);
#5191 = ( REPRESENTATION_RELATIONSHIP('','',#4172,#10) 
REPRESENTATION_RELATIONSHIP_WITH_TRANSFORMATION(#5192) 
SHAPE_REPRESENTATION_RELATIONSHIP() );
#5192 = ITEM_DEFINED_TRANSFORMATION('','',#11,#31);
#5193 = PRODUCT_DEFINITION_SHAPE('Placement','Placement of an item',
  #5194);
#5194 = NEXT_ASSEMBLY_USAGE_OCCURRENCE('5','arm_3','',#5,#4167,$);
#5195 = PRODUCT_RELATED_PRODUCT_CATEGORY('part',$,(#4169));
#5196 = SHAPE_DEFINITION_REPRESENTATION(#5197,#5203);
#5197 = PRODUCT_DEFINITION_SHAPE('','',#5198);
#5198 = PRODUCT_DEFINITION('design','',#5199,#5202);
#5199 = PRODUCT_DEFINITION_FORMATION('','',#5200);
#5200 = PRODUCT('arm_4','arm_4','',(#5201));
#5201 = PRODUCT_CONTEXT('',#2,'mechanical');
#5202 = PRODUCT_DEFINITION_CONTEXT('part definition',#2,'design');
#5203 = ADVANCED_BREP_SHAPE_REPRESENTATION('',(#11,#5204),#6216);
#5204 = MANIFOLD_SOLID_BREP('',#5205);
#5205 = CLOSED_SHELL('',(#5206,#5240,#5295,#5311,#5342,#5453,#5484,#5509
    ,#5534,#5552,#5591,#5624,#5759,#5804,#5849,#5894,#5939,#5984,#6009,
    #6027,#6042,#6053,#6106,#6165,#6182,#6199));
#5206 = ADVANCED_FACE('',(#5207),#5235,.T.);
#5207 = FACE_BOUND('',#5208,.T.);
#5208 = EDGE_LOOP('',(#5209,#5220,#5228));
#5209 = ORIENTED_EDGE('',*,*,#5210,.T.);
#5210 = EDGE_CURVE('',#5211,#5213,#5215,.T.);
#5211 = VERTEX_POINT('',#5212);
#5212 = CARTESIAN_POINT('',(36.,-1.959434878636E-15,2.));
#5213 = VERTEX_POINT('',#5214);
#5214 = CARTESIAN_POINT('',(28.,8.,2.));
#5215 = CIRCLE('',#5216,8.);
#5216 = AXIS2_PLACEMENT_3D('',#5217,#5218,#5219);
#5217 = CARTESIAN_POINT('',(28.,0.,2.));
#5218 = DIRECTION('',(0.,0.,1.));
#5219 = DIRECTION('',(1.,0.,-0.));
#5220 = ORIENTED_EDGE('',*,*,#5221,.F.);
#5221 = EDGE_CURVE('',#5222,#5213,#5224,.T.);
#5222 = VERTEX_POINT('',#5223);
#5223 = CARTESIAN_POINT('',(28.,-8.,2.));
#5224 = LINE('',#5225,#5226);
#5225 = CARTESIAN_POINT('',(28.,-8.,2.));
#5226 = VECTOR('',#5227,1.);
#5227 = DIRECTION('',(-0.,1.,0.));
#5228 = ORIENTED_EDGE('',*,*,#5229,.T.);
#5229 = EDGE_CURVE('',#5222,#5211,#5230,.T.);
#5230 = CIRCLE('',#5231,8.);
#5231 = AXIS2_PLACEMENT_3D('',#5232,#5233,#5234);
#5232 = CARTESIAN_POINT('',(28.,0.,2.));
#5233 = DIRECTION('',(0.,0.,1.));
#5234 = DIRECTION('',(1.,0.,-0.));
#5235 = PLANE('',#5236);
#5236 = AXIS2_PLACEMENT_3D('',#5237,#5238,#5239);
#5237 = CARTESIAN_POINT('',(28.,-8.,2.));
#5238 = DIRECTION('',(0.,0.,1.));
#5239 = DIRECTION('',(1.,0.,-0.));
#5240 = ADVANCED_FACE('',(#5241,#5268,#5279),#5290,.T.);
#5241 = FACE_BOUND('',#5242,.T.);
#5242 = EDGE_LOOP('',(#5243,#5251,#5252,#5253,#5261));
#5243 = ORIENTED_EDGE('',*,*,#5244,.F.);
#5244 = EDGE_CURVE('',#5213,#5245,#5247,.T.);
#5245 = VERTEX_POINT('',#5246);
#5246 = CARTESIAN_POINT('',(158.8754845034,8.,2.));
#5247 = LINE('',#5248,#5249);
#5248 = CARTESIAN_POINT('',(28.,8.,2.));
#5249 = VECTOR('',#5250,1.);
#5250 = DIRECTION('',(1.,0.,-0.));
#5251 = ORIENTED_EDGE('',*,*,#5210,.F.);
#5252 = ORIENTED_EDGE('',*,*,#5229,.F.);
#5253 = ORIENTED_EDGE('',*,*,#5254,.T.);
#5254 = EDGE_CURVE('',#5222,#5255,#5257,.T.);
#5255 = VERTEX_POINT('',#5256);
#5256 = CARTESIAN_POINT('',(158.8754845034,-8.,2.));
#5257 = LINE('',#5258,#5259);
#5258 = CARTESIAN_POINT('',(28.,-8.,2.));
#5259 = VECTOR('',#5260,1.);
#5260 = DIRECTION('',(1.,0.,-0.));
#5261 = ORIENTED_EDGE('',*,*,#5262,.F.);
#5262 = EDGE_CURVE('',#5245,#5255,#5263,.T.);
#5263 = CIRCLE('',#5264,18.);
#5264 = AXIS2_PLACEMENT_3D('',#5265,#5266,#5267);
#5265 = CARTESIAN_POINT('',(175.,0.,2.));
#5266 = DIRECTION('',(0.,0.,1.));
#5267 = DIRECTION('',(1.,0.,-0.));
#5268 = FACE_BOUND('',#5269,.T.);
#5269 = EDGE_LOOP('',(#5270));
#5270 = ORIENTED_EDGE('',*,*,#5271,.F.);
#5271 = EDGE_CURVE('',#5272,#5272,#5274,.T.);
#5272 = VERTEX_POINT('',#5273);
#5273 = CARTESIAN_POINT('',(39.6,-3.918869757272E-16,2.));
#5274 = CIRCLE('',#5275,1.6);
#5275 = AXIS2_PLACEMENT_3D('',#5276,#5277,#5278);
#5276 = CARTESIAN_POINT('',(38.,0.,2.));
#5277 = DIRECTION('',(0.,0.,1.));
#5278 = DIRECTION('',(1.,0.,-0.));
#5279 = FACE_BOUND('',#5280,.T.);
#5280 = EDGE_LOOP('',(#5281));
#5281 = ORIENTED_EDGE('',*,*,#5282,.F.);
#5282 = EDGE_CURVE('',#5283,#5283,#5285,.T.);
#5283 = VERTEX_POINT('',#5284);
#5284 = CARTESIAN_POINT('',(59.6,-3.918869757272E-16,2.));
#5285 = CIRCLE('',#5286,1.6);
#5286 = AXIS2_PLACEMENT_3D('',#5287,#5288,#5289);
#5287 = CARTESIAN_POINT('',(58.,0.,2.));
#5288 = DIRECTION('',(0.,0.,1.));
#5289 = DIRECTION('',(1.,0.,-0.));
#5290 = PLANE('',#5291);
#5291 = AXIS2_PLACEMENT_3D('',#5292,#5293,#5294);
#5292 = CARTESIAN_POINT('',(28.,-8.,2.));
#5293 = DIRECTION('',(0.,0.,1.));
#5294 = DIRECTION('',(1.,0.,-0.));
#5295 = ADVANCED_FACE('',(#5296),#5306,.T.);
#5296 = FACE_BOUND('',#5297,.T.);
#5297 = EDGE_LOOP('',(#5298,#5299));
#5298 = ORIENTED_EDGE('',*,*,#5221,.T.);
#5299 = ORIENTED_EDGE('',*,*,#5300,.T.);
#5300 = EDGE_CURVE('',#5213,#5222,#5301,.T.);
#5301 = CIRCLE('',#5302,8.);
#5302 = AXIS2_PLACEMENT_3D('',#5303,#5304,#5305);
#5303 = CARTESIAN_POINT('',(28.,0.,2.));
#5304 = DIRECTION('',(0.,0.,1.));
#5305 = DIRECTION('',(1.,0.,-0.));
#5306 = PLANE('',#5307);
#5307 = AXIS2_PLACEMENT_3D('',#5308,#5309,#5310);
#5308 = CARTESIAN_POINT('',(28.,0.,2.));
#5309 = DIRECTION('',(0.,0.,1.));
#5310 = DIRECTION('',(1.,0.,-0.));
#5311 = ADVANCED_FACE('',(#5312),#5337,.T.);
#5312 = FACE_BOUND('',#5313,.T.);
#5313 = EDGE_LOOP('',(#5314,#5324,#5330,#5331));
#5314 = ORIENTED_EDGE('',*,*,#5315,.F.);
#5315 = EDGE_CURVE('',#5316,#5318,#5320,.T.);
#5316 = VERTEX_POINT('',#5317);
#5317 = CARTESIAN_POINT('',(28.,8.,0.));
#5318 = VERTEX_POINT('',#5319);
#5319 = CARTESIAN_POINT('',(158.8754845034,8.,0.));
#5320 = LINE('',#5321,#5322);
#5321 = CARTESIAN_POINT('',(28.,8.,0.));
#5322 = VECTOR('',#5323,1.);
#5323 = DIRECTION('',(1.,0.,-0.));
#5324 = ORIENTED_EDGE('',*,*,#5325,.T.);
#5325 = EDGE_CURVE('',#5316,#5213,#5326,.T.);
#5326 = LINE('',#5327,#5328);
#5327 = CARTESIAN_POINT('',(28.,8.,0.));
#5328 = VECTOR('',#5329,1.);
#5329 = DIRECTION('',(0.,0.,1.));
#5330 = ORIENTED_EDGE('',*,*,#5244,.T.);
#5331 = ORIENTED_EDGE('',*,*,#5332,.F.);
#5332 = EDGE_CURVE('',#5318,#5245,#5333,.T.);
#5333 = LINE('',#5334,#5335);
#5334 = CARTESIAN_POINT('',(158.8754845034,8.,0.));
#5335 = VECTOR('',#5336,1.);
#5336 = DIRECTION('',(0.,0.,1.));
#5337 = PLANE('',#5338);
#5338 = AXIS2_PLACEMENT_3D('',#5339,#5340,#5341);
#5339 = CARTESIAN_POINT('',(28.,8.,0.));
#5340 = DIRECTION('',(-0.,1.,0.));
#5341 = DIRECTION('',(0.,0.,1.));
#5342 = ADVANCED_FACE('',(#5343,#5437),#5448,.T.);
#5343 = FACE_BOUND('',#5344,.T.);
#5344 = EDGE_LOOP('',(#5345,#5353,#5354,#5362,#5371,#5379,#5388,#5396,
    #5405,#5413,#5422,#5430));
#5345 = ORIENTED_EDGE('',*,*,#5346,.F.);
#5346 = EDGE_CURVE('',#5245,#5347,#5349,.T.);
#5347 = VERTEX_POINT('',#5348);
#5348 = CARTESIAN_POINT('',(164.94322356371,8.,2.));
#5349 = LINE('',#5350,#5351);
#5350 = CARTESIAN_POINT('',(28.,8.,2.));
#5351 = VECTOR('',#5352,1.);
#5352 = DIRECTION('',(1.,0.,-0.));
#5353 = ORIENTED_EDGE('',*,*,#5262,.T.);
#5354 = ORIENTED_EDGE('',*,*,#5355,.T.);
#5355 = EDGE_CURVE('',#5255,#5356,#5358,.T.);
#5356 = VERTEX_POINT('',#5357);
#5357 = CARTESIAN_POINT('',(164.94322356371,-8.,2.));
#5358 = LINE('',#5359,#5360);
#5359 = CARTESIAN_POINT('',(28.,-8.,2.));
#5360 = VECTOR('',#5361,1.);
#5361 = DIRECTION('',(1.,0.,-0.));
#5362 = ORIENTED_EDGE('',*,*,#5363,.F.);
#5363 = EDGE_CURVE('',#5364,#5356,#5366,.T.);
#5364 = VERTEX_POINT('',#5365);
#5365 = CARTESIAN_POINT('',(166.05677643628,-8.,2.));
#5366 = CIRCLE('',#5367,1.6);
#5367 = AXIS2_PLACEMENT_3D('',#5368,#5369,#5370);
#5368 = CARTESIAN_POINT('',(165.5,-9.5,2.));
#5369 = DIRECTION('',(0.,0.,1.));
#5370 = DIRECTION('',(1.,0.,-0.));
#5371 = ORIENTED_EDGE('',*,*,#5372,.T.);
#5372 = EDGE_CURVE('',#5364,#5373,#5375,.T.);
#5373 = VERTEX_POINT('',#5374);
#5374 = CARTESIAN_POINT('',(174.44322356371,-8.,2.));
#5375 = LINE('',#5376,#5377);
#5376 = CARTESIAN_POINT('',(28.,-8.,2.));
#5377 = VECTOR('',#5378,1.);
#5378 = DIRECTION('',(1.,0.,-0.));
#5379 = ORIENTED_EDGE('',*,*,#5380,.F.);
#5380 = EDGE_CURVE('',#5381,#5373,#5383,.T.);
#5381 = VERTEX_POINT('',#5382);
#5382 = CARTESIAN_POINT('',(175.,-7.900000000001,2.));
#5383 = CIRCLE('',#5384,1.6);
#5384 = AXIS2_PLACEMENT_3D('',#5385,#5386,#5387);
#5385 = CARTESIAN_POINT('',(175.,-9.5,2.));
#5386 = DIRECTION('',(0.,0.,1.));
#5387 = DIRECTION('',(1.,0.,-0.));
#5388 = ORIENTED_EDGE('',*,*,#5389,.T.);
#5389 = EDGE_CURVE('',#5381,#5390,#5392,.T.);
#5390 = VERTEX_POINT('',#5391);
#5391 = CARTESIAN_POINT('',(175.,-4.5,2.));
#5392 = LINE('',#5393,#5394);
#5393 = CARTESIAN_POINT('',(175.,-8.,2.));
#5394 = VECTOR('',#5395,1.);
#5395 = DIRECTION('',(-0.,1.,0.));
#5396 = ORIENTED_EDGE('',*,*,#5397,.F.);
#5397 = EDGE_CURVE('',#5398,#5390,#5400,.T.);
#5398 = VERTEX_POINT('',#5399);
#5399 = CARTESIAN_POINT('',(175.,4.5,2.));
#5400 = CIRCLE('',#5401,4.5);
#5401 = AXIS2_PLACEMENT_3D('',#5402,#5403,#5404);
#5402 = CARTESIAN_POINT('',(175.,0.,2.));
#5403 = DIRECTION('',(0.,0.,1.));
#5404 = DIRECTION('',(1.,0.,-0.));
#5405 = ORIENTED_EDGE('',*,*,#5406,.T.);
#5406 = EDGE_CURVE('',#5398,#5407,#5409,.T.);
#5407 = VERTEX_POINT('',#5408);
#5408 = CARTESIAN_POINT('',(175.,7.900000000001,2.));
#5409 = LINE('',#5410,#5411);
#5410 = CARTESIAN_POINT('',(175.,-8.,2.));
#5411 = VECTOR('',#5412,1.);
#5412 = DIRECTION('',(-0.,1.,0.));
#5413 = ORIENTED_EDGE('',*,*,#5414,.F.);
#5414 = EDGE_CURVE('',#5415,#5407,#5417,.T.);
#5415 = VERTEX_POINT('',#5416);
#5416 = CARTESIAN_POINT('',(174.44322356371,8.,2.));
#5417 = CIRCLE('',#5418,1.6);
#5418 = AXIS2_PLACEMENT_3D('',#5419,#5420,#5421);
#5419 = CARTESIAN_POINT('',(175.,9.5,2.));
#5420 = DIRECTION('',(0.,0.,1.));
#5421 = DIRECTION('',(1.,0.,-0.));
#5422 = ORIENTED_EDGE('',*,*,#5423,.F.);
#5423 = EDGE_CURVE('',#5424,#5415,#5426,.T.);
#5424 = VERTEX_POINT('',#5425);
#5425 = CARTESIAN_POINT('',(166.05677643628,8.,2.));
#5426 = LINE('',#5427,#5428);
#5427 = CARTESIAN_POINT('',(28.,8.,2.));
#5428 = VECTOR('',#5429,1.);
#5429 = DIRECTION('',(1.,0.,-0.));
#5430 = ORIENTED_EDGE('',*,*,#5431,.F.);
#5431 = EDGE_CURVE('',#5347,#5424,#5432,.T.);
#5432 = CIRCLE('',#5433,1.6);
#5433 = AXIS2_PLACEMENT_3D('',#5434,#5435,#5436);
#5434 = CARTESIAN_POINT('',(165.5,9.5,2.));
#5435 = DIRECTION('',(0.,0.,1.));
#5436 = DIRECTION('',(1.,0.,-0.));
#5437 = FACE_BOUND('',#5438,.T.);
#5438 = EDGE_LOOP('',(#5439));
#5439 = ORIENTED_EDGE('',*,*,#5440,.F.);
#5440 = EDGE_CURVE('',#5441,#5441,#5443,.T.);
#5441 = VERTEX_POINT('',#5442);
#5442 = CARTESIAN_POINT('',(168.6,-3.918869757272E-16,2.));
#5443 = CIRCLE('',#5444,1.6);
#5444 = AXIS2_PLACEMENT_3D('',#5445,#5446,#5447);
#5445 = CARTESIAN_POINT('',(167.,0.,2.));
#5446 = DIRECTION('',(0.,0.,1.));
#5447 = DIRECTION('',(1.,0.,-0.));
#5448 = PLANE('',#5449);
#5449 = AXIS2_PLACEMENT_3D('',#5450,#5451,#5452);
#5450 = CARTESIAN_POINT('',(28.,-8.,2.));
#5451 = DIRECTION('',(0.,0.,1.));
#5452 = DIRECTION('',(1.,0.,-0.));
#5453 = ADVANCED_FACE('',(#5454),#5479,.F.);
#5454 = FACE_BOUND('',#5455,.F.);
#5455 = EDGE_LOOP('',(#5456,#5466,#5472,#5473));
#5456 = ORIENTED_EDGE('',*,*,#5457,.F.);
#5457 = EDGE_CURVE('',#5458,#5460,#5462,.T.);
#5458 = VERTEX_POINT('',#5459);
#5459 = CARTESIAN_POINT('',(28.,-8.,0.));
#5460 = VERTEX_POINT('',#5461);
#5461 = CARTESIAN_POINT('',(158.8754845034,-8.,0.));
#5462 = LINE('',#5463,#5464);
#5463 = CARTESIAN_POINT('',(28.,-8.,0.));
#5464 = VECTOR('',#5465,1.);
#5465 = DIRECTION('',(1.,0.,-0.));
#5466 = ORIENTED_EDGE('',*,*,#5467,.T.);
#5467 = EDGE_CURVE('',#5458,#5222,#5468,.T.);
#5468 = LINE('',#5469,#5470);
#5469 = CARTESIAN_POINT('',(28.,-8.,0.));
#5470 = VECTOR('',#5471,1.);
#5471 = DIRECTION('',(0.,0.,1.));
#5472 = ORIENTED_EDGE('',*,*,#5254,.T.);
#5473 = ORIENTED_EDGE('',*,*,#5474,.F.);
#5474 = EDGE_CURVE('',#5460,#5255,#5475,.T.);
#5475 = LINE('',#5476,#5477);
#5476 = CARTESIAN_POINT('',(158.8754845034,-8.,0.));
#5477 = VECTOR('',#5478,1.);
#5478 = DIRECTION('',(0.,0.,1.));
#5479 = PLANE('',#5480);
#5480 = AXIS2_PLACEMENT_3D('',#5481,#5482,#5483);
#5481 = CARTESIAN_POINT('',(28.,-8.,0.));
#5482 = DIRECTION('',(-0.,1.,0.));
#5483 = DIRECTION('',(0.,0.,1.));
#5484 = ADVANCED_FACE('',(#5485),#5504,.F.);
#5485 = FACE_BOUND('',#5486,.F.);
#5486 = EDGE_LOOP('',(#5487,#5488,#5496,#5503));
#5487 = ORIENTED_EDGE('',*,*,#5271,.F.);
#5488 = ORIENTED_EDGE('',*,*,#5489,.F.);
#5489 = EDGE_CURVE('',#5490,#5272,#5492,.T.);
#5490 = VERTEX_POINT('',#5491);
#5491 = CARTESIAN_POINT('',(39.6,-3.918869757272E-16,0.));
#5492 = LINE('',#5493,#5494);
#5493 = CARTESIAN_POINT('',(39.6,-3.918869757272E-16,-1.));
#5494 = VECTOR('',#5495,1.);
#5495 = DIRECTION('',(0.,0.,1.));
#5496 = ORIENTED_EDGE('',*,*,#5497,.T.);
#5497 = EDGE_CURVE('',#5490,#5490,#5498,.T.);
#5498 = CIRCLE('',#5499,1.6);
#5499 = AXIS2_PLACEMENT_3D('',#5500,#5501,#5502);
#5500 = CARTESIAN_POINT('',(38.,0.,0.));
#5501 = DIRECTION('',(0.,0.,1.));
#5502 = DIRECTION('',(1.,0.,-0.));
#5503 = ORIENTED_EDGE('',*,*,#5489,.T.);
#5504 = CYLINDRICAL_SURFACE('',#5505,1.6);
#5505 = AXIS2_PLACEMENT_3D('',#5506,#5507,#5508);
#5506 = CARTESIAN_POINT('',(38.,0.,-1.));
#5507 = DIRECTION('',(0.,0.,1.));
#5508 = DIRECTION('',(1.,0.,-0.));
#5509 = ADVANCED_FACE('',(#5510),#5529,.F.);
#5510 = FACE_BOUND('',#5511,.F.);
#5511 = EDGE_LOOP('',(#5512,#5513,#5521,#5528));
#5512 = ORIENTED_EDGE('',*,*,#5282,.F.);
#5513 = ORIENTED_EDGE('',*,*,#5514,.F.);
#5514 = EDGE_CURVE('',#5515,#5283,#5517,.T.);
#5515 = VERTEX_POINT('',#5516);
#5516 = CARTESIAN_POINT('',(59.6,-3.918869757272E-16,0.));
#5517 = LINE('',#5518,#5519);
#5518 = CARTESIAN_POINT('',(59.6,-3.918869757272E-16,-1.));
#5519 = VECTOR('',#5520,1.);
#5520 = DIRECTION('',(0.,0.,1.));
#5521 = ORIENTED_EDGE('',*,*,#5522,.T.);
#5522 = EDGE_CURVE('',#5515,#5515,#5523,.T.);
#5523 = CIRCLE('',#5524,1.6);
#5524 = AXIS2_PLACEMENT_3D('',#5525,#5526,#5527);
#5525 = CARTESIAN_POINT('',(58.,0.,0.));
#5526 = DIRECTION('',(0.,0.,1.));
#5527 = DIRECTION('',(1.,0.,-0.));
#5528 = ORIENTED_EDGE('',*,*,#5514,.T.);
#5529 = CYLINDRICAL_SURFACE('',#5530,1.6);
#5530 = AXIS2_PLACEMENT_3D('',#5531,#5532,#5533);
#5531 = CARTESIAN_POINT('',(58.,0.,-1.));
#5532 = DIRECTION('',(0.,0.,1.));
#5533 = DIRECTION('',(1.,0.,-0.));
#5534 = ADVANCED_FACE('',(#5535),#5547,.T.);
#5535 = FACE_BOUND('',#5536,.T.);
#5536 = EDGE_LOOP('',(#5537,#5538,#5539,#5546));
#5537 = ORIENTED_EDGE('',*,*,#5300,.F.);
#5538 = ORIENTED_EDGE('',*,*,#5325,.F.);
#5539 = ORIENTED_EDGE('',*,*,#5540,.T.);
#5540 = EDGE_CURVE('',#5316,#5458,#5541,.T.);
#5541 = CIRCLE('',#5542,8.);
#5542 = AXIS2_PLACEMENT_3D('',#5543,#5544,#5545);
#5543 = CARTESIAN_POINT('',(28.,0.,0.));
#5544 = DIRECTION('',(0.,0.,1.));
#5545 = DIRECTION('',(1.,0.,-0.));
#5546 = ORIENTED_EDGE('',*,*,#5467,.T.);
#5547 = CYLINDRICAL_SURFACE('',#5548,8.);
#5548 = AXIS2_PLACEMENT_3D('',#5549,#5550,#5551);
#5549 = CARTESIAN_POINT('',(28.,0.,0.));
#5550 = DIRECTION('',(0.,0.,1.));
#5551 = DIRECTION('',(1.,0.,-0.));
#5552 = ADVANCED_FACE('',(#5553,#5580,#5583),#5586,.F.);
#5553 = FACE_BOUND('',#5554,.F.);
#5554 = EDGE_LOOP('',(#5555,#5556,#5565,#5572,#5573));
#5555 = ORIENTED_EDGE('',*,*,#5315,.F.);
#5556 = ORIENTED_EDGE('',*,*,#5557,.F.);
#5557 = EDGE_CURVE('',#5558,#5316,#5560,.T.);
#5558 = VERTEX_POINT('',#5559);
#5559 = CARTESIAN_POINT('',(36.,-1.959434878636E-15,0.));
#5560 = CIRCLE('',#5561,8.);
#5561 = AXIS2_PLACEMENT_3D('',#5562,#5563,#5564);
#5562 = CARTESIAN_POINT('',(28.,0.,0.));
#5563 = DIRECTION('',(0.,0.,1.));
#5564 = DIRECTION('',(1.,0.,-0.));
#5565 = ORIENTED_EDGE('',*,*,#5566,.F.);
#5566 = EDGE_CURVE('',#5458,#5558,#5567,.T.);
#5567 = CIRCLE('',#5568,8.);
#5568 = AXIS2_PLACEMENT_3D('',#5569,#5570,#5571);
#5569 = CARTESIAN_POINT('',(28.,0.,0.));
#5570 = DIRECTION('',(0.,0.,1.));
#5571 = DIRECTION('',(1.,0.,-0.));
#5572 = ORIENTED_EDGE('',*,*,#5457,.T.);
#5573 = ORIENTED_EDGE('',*,*,#5574,.F.);
#5574 = EDGE_CURVE('',#5318,#5460,#5575,.T.);
#5575 = CIRCLE('',#5576,18.);
#5576 = AXIS2_PLACEMENT_3D('',#5577,#5578,#5579);
#5577 = CARTESIAN_POINT('',(175.,0.,0.));
#5578 = DIRECTION('',(0.,0.,1.));
#5579 = DIRECTION('',(1.,0.,-0.));
#5580 = FACE_BOUND('',#5581,.F.);
#5581 = EDGE_LOOP('',(#5582));
#5582 = ORIENTED_EDGE('',*,*,#5497,.F.);
#5583 = FACE_BOUND('',#5584,.F.);
#5584 = EDGE_LOOP('',(#5585));
#5585 = ORIENTED_EDGE('',*,*,#5522,.F.);
#5586 = PLANE('',#5587);
#5587 = AXIS2_PLACEMENT_3D('',#5588,#5589,#5590);
#5588 = CARTESIAN_POINT('',(28.,-8.,0.));
#5589 = DIRECTION('',(0.,0.,1.));
#5590 = DIRECTION('',(1.,0.,-0.));
#5591 = ADVANCED_FACE('',(#5592),#5619,.T.);
#5592 = FACE_BOUND('',#5593,.T.);
#5593 = EDGE_LOOP('',(#5594,#5603,#5611,#5618));
#5594 = ORIENTED_EDGE('',*,*,#5595,.F.);
#5595 = EDGE_CURVE('',#5596,#5245,#5598,.T.);
#5596 = VERTEX_POINT('',#5597);
#5597 = CARTESIAN_POINT('',(193.,-4.40872847693E-15,2.));
#5598 = CIRCLE('',#5599,18.);
#5599 = AXIS2_PLACEMENT_3D('',#5600,#5601,#5602);
#5600 = CARTESIAN_POINT('',(175.,0.,2.));
#5601 = DIRECTION('',(0.,0.,1.));
#5602 = DIRECTION('',(1.,0.,-0.));
#5603 = ORIENTED_EDGE('',*,*,#5604,.F.);
#5604 = EDGE_CURVE('',#5605,#5596,#5607,.T.);
#5605 = VERTEX_POINT('',#5606);
#5606 = CARTESIAN_POINT('',(193.,-4.40872847693E-15,0.));
#5607 = LINE('',#5608,#5609);
#5608 = CARTESIAN_POINT('',(193.,-4.40872847693E-15,0.));
#5609 = VECTOR('',#5610,1.);
#5610 = DIRECTION('',(0.,0.,1.));
#5611 = ORIENTED_EDGE('',*,*,#5612,.T.);
#5612 = EDGE_CURVE('',#5605,#5318,#5613,.T.);
#5613 = CIRCLE('',#5614,18.);
#5614 = AXIS2_PLACEMENT_3D('',#5615,#5616,#5617);
#5615 = CARTESIAN_POINT('',(175.,0.,0.));
#5616 = DIRECTION('',(0.,0.,1.));
#5617 = DIRECTION('',(1.,0.,-0.));
#5618 = ORIENTED_EDGE('',*,*,#5332,.T.);
#5619 = CYLINDRICAL_SURFACE('',#5620,18.);
#5620 = AXIS2_PLACEMENT_3D('',#5621,#5622,#5623);
#5621 = CARTESIAN_POINT('',(175.,0.,0.));
#5622 = DIRECTION('',(0.,0.,1.));
#5623 = DIRECTION('',(1.,0.,-0.));
#5624 = ADVANCED_FACE('',(#5625,#5721,#5732,#5743),#5754,.T.);
#5625 = FACE_BOUND('',#5626,.T.);
#5626 = EDGE_LOOP('',(#5627,#5628,#5635,#5636,#5637,#5646,#5653,#5654,
    #5663,#5670,#5671,#5680,#5687,#5688,#5697,#5704,#5705,#5714));
#5627 = ORIENTED_EDGE('',*,*,#5355,.F.);
#5628 = ORIENTED_EDGE('',*,*,#5629,.T.);
#5629 = EDGE_CURVE('',#5255,#5596,#5630,.T.);
#5630 = CIRCLE('',#5631,18.);
#5631 = AXIS2_PLACEMENT_3D('',#5632,#5633,#5634);
#5632 = CARTESIAN_POINT('',(175.,0.,2.));
#5633 = DIRECTION('',(0.,0.,1.));
#5634 = DIRECTION('',(1.,0.,-0.));
#5635 = ORIENTED_EDGE('',*,*,#5595,.T.);
#5636 = ORIENTED_EDGE('',*,*,#5346,.T.);
#5637 = ORIENTED_EDGE('',*,*,#5638,.F.);
#5638 = EDGE_CURVE('',#5639,#5347,#5641,.T.);
#5639 = VERTEX_POINT('',#5640);
#5640 = CARTESIAN_POINT('',(167.1,9.5,2.));
#5641 = CIRCLE('',#5642,1.6);
#5642 = AXIS2_PLACEMENT_3D('',#5643,#5644,#5645);
#5643 = CARTESIAN_POINT('',(165.5,9.5,2.));
#5644 = DIRECTION('',(0.,0.,1.));
#5645 = DIRECTION('',(1.,0.,-0.));
#5646 = ORIENTED_EDGE('',*,*,#5647,.F.);
#5647 = EDGE_CURVE('',#5424,#5639,#5648,.T.);
#5648 = CIRCLE('',#5649,1.6);
#5649 = AXIS2_PLACEMENT_3D('',#5650,#5651,#5652);
#5650 = CARTESIAN_POINT('',(165.5,9.5,2.));
#5651 = DIRECTION('',(0.,0.,1.));
#5652 = DIRECTION('',(1.,0.,-0.));
#5653 = ORIENTED_EDGE('',*,*,#5423,.T.);
#5654 = ORIENTED_EDGE('',*,*,#5655,.F.);
#5655 = EDGE_CURVE('',#5656,#5415,#5658,.T.);
#5656 = VERTEX_POINT('',#5657);
#5657 = CARTESIAN_POINT('',(176.6,9.5,2.));
#5658 = CIRCLE('',#5659,1.6);
#5659 = AXIS2_PLACEMENT_3D('',#5660,#5661,#5662);
#5660 = CARTESIAN_POINT('',(175.,9.5,2.));
#5661 = DIRECTION('',(0.,0.,1.));
#5662 = DIRECTION('',(1.,0.,-0.));
#5663 = ORIENTED_EDGE('',*,*,#5664,.F.);
#5664 = EDGE_CURVE('',#5407,#5656,#5665,.T.);
#5665 = CIRCLE('',#5666,1.6);
#5666 = AXIS2_PLACEMENT_3D('',#5667,#5668,#5669);
#5667 = CARTESIAN_POINT('',(175.,9.5,2.));
#5668 = DIRECTION('',(0.,0.,1.));
#5669 = DIRECTION('',(1.,0.,-0.));
#5670 = ORIENTED_EDGE('',*,*,#5406,.F.);
#5671 = ORIENTED_EDGE('',*,*,#5672,.F.);
#5672 = EDGE_CURVE('',#5673,#5398,#5675,.T.);
#5673 = VERTEX_POINT('',#5674);
#5674 = CARTESIAN_POINT('',(179.5,-1.102182119233E-15,2.));
#5675 = CIRCLE('',#5676,4.5);
#5676 = AXIS2_PLACEMENT_3D('',#5677,#5678,#5679);
#5677 = CARTESIAN_POINT('',(175.,0.,2.));
#5678 = DIRECTION('',(0.,0.,1.));
#5679 = DIRECTION('',(1.,0.,-0.));
#5680 = ORIENTED_EDGE('',*,*,#5681,.F.);
#5681 = EDGE_CURVE('',#5390,#5673,#5682,.T.);
#5682 = CIRCLE('',#5683,4.5);
#5683 = AXIS2_PLACEMENT_3D('',#5684,#5685,#5686);
#5684 = CARTESIAN_POINT('',(175.,0.,2.));
#5685 = DIRECTION('',(0.,0.,1.));
#5686 = DIRECTION('',(1.,0.,-0.));
#5687 = ORIENTED_EDGE('',*,*,#5389,.F.);
#5688 = ORIENTED_EDGE('',*,*,#5689,.F.);
#5689 = EDGE_CURVE('',#5690,#5381,#5692,.T.);
#5690 = VERTEX_POINT('',#5691);
#5691 = CARTESIAN_POINT('',(176.6,-9.5,2.));
#5692 = CIRCLE('',#5693,1.6);
#5693 = AXIS2_PLACEMENT_3D('',#5694,#5695,#5696);
#5694 = CARTESIAN_POINT('',(175.,-9.5,2.));
#5695 = DIRECTION('',(0.,0.,1.));
#5696 = DIRECTION('',(1.,0.,-0.));
#5697 = ORIENTED_EDGE('',*,*,#5698,.F.);
#5698 = EDGE_CURVE('',#5373,#5690,#5699,.T.);
#5699 = CIRCLE('',#5700,1.6);
#5700 = AXIS2_PLACEMENT_3D('',#5701,#5702,#5703);
#5701 = CARTESIAN_POINT('',(175.,-9.5,2.));
#5702 = DIRECTION('',(0.,0.,1.));
#5703 = DIRECTION('',(1.,0.,-0.));
#5704 = ORIENTED_EDGE('',*,*,#5372,.F.);
#5705 = ORIENTED_EDGE('',*,*,#5706,.F.);
#5706 = EDGE_CURVE('',#5707,#5364,#5709,.T.);
#5707 = VERTEX_POINT('',#5708);
#5708 = CARTESIAN_POINT('',(167.1,-9.5,2.));
#5709 = CIRCLE('',#5710,1.6);
#5710 = AXIS2_PLACEMENT_3D('',#5711,#5712,#5713);
#5711 = CARTESIAN_POINT('',(165.5,-9.5,2.));
#5712 = DIRECTION('',(0.,0.,1.));
#5713 = DIRECTION('',(1.,0.,-0.));
#5714 = ORIENTED_EDGE('',*,*,#5715,.F.);
#5715 = EDGE_CURVE('',#5356,#5707,#5716,.T.);
#5716 = CIRCLE('',#5717,1.6);
#5717 = AXIS2_PLACEMENT_3D('',#5718,#5719,#5720);
#5718 = CARTESIAN_POINT('',(165.5,-9.5,2.));
#5719 = DIRECTION('',(0.,0.,1.));
#5720 = DIRECTION('',(1.,0.,-0.));
#5721 = FACE_BOUND('',#5722,.T.);
#5722 = EDGE_LOOP('',(#5723));
#5723 = ORIENTED_EDGE('',*,*,#5724,.F.);
#5724 = EDGE_CURVE('',#5725,#5725,#5727,.T.);
#5725 = VERTEX_POINT('',#5726);
#5726 = CARTESIAN_POINT('',(186.1,-9.5,2.));
#5727 = CIRCLE('',#5728,1.6);
#5728 = AXIS2_PLACEMENT_3D('',#5729,#5730,#5731);
#5729 = CARTESIAN_POINT('',(184.5,-9.5,2.));
#5730 = DIRECTION('',(0.,0.,1.));
#5731 = DIRECTION('',(1.,0.,-0.));
#5732 = FACE_BOUND('',#5733,.T.);
#5733 = EDGE_LOOP('',(#5734));
#5734 = ORIENTED_EDGE('',*,*,#5735,.F.);
#5735 = EDGE_CURVE('',#5736,#5736,#5738,.T.);
#5736 = VERTEX_POINT('',#5737);
#5737 = CARTESIAN_POINT('',(184.6,-3.918869757272E-16,2.));
#5738 = CIRCLE('',#5739,1.6);
#5739 = AXIS2_PLACEMENT_3D('',#5740,#5741,#5742);
#5740 = CARTESIAN_POINT('',(183.,0.,2.));
#5741 = DIRECTION('',(0.,0.,1.));
#5742 = DIRECTION('',(1.,0.,-0.));
#5743 = FACE_BOUND('',#5744,.T.);
#5744 = EDGE_LOOP('',(#5745));
#5745 = ORIENTED_EDGE('',*,*,#5746,.F.);
#5746 = EDGE_CURVE('',#5747,#5747,#5749,.T.);
#5747 = VERTEX_POINT('',#5748);
#5748 = CARTESIAN_POINT('',(186.1,9.5,2.));
#5749 = CIRCLE('',#5750,1.6);
#5750 = AXIS2_PLACEMENT_3D('',#5751,#5752,#5753);
#5751 = CARTESIAN_POINT('',(184.5,9.5,2.));
#5752 = DIRECTION('',(0.,0.,1.));
#5753 = DIRECTION('',(1.,0.,-0.));
#5754 = PLANE('',#5755);
#5755 = AXIS2_PLACEMENT_3D('',#5756,#5757,#5758);
#5756 = CARTESIAN_POINT('',(175.,0.,2.));
#5757 = DIRECTION('',(0.,0.,1.));
#5758 = DIRECTION('',(1.,0.,-0.));
#5759 = ADVANCED_FACE('',(#5760),#5799,.F.);
#5760 = FACE_BOUND('',#5761,.F.);
#5761 = EDGE_LOOP('',(#5762,#5763,#5771,#5780,#5789,#5796,#5797,#5798));
#5762 = ORIENTED_EDGE('',*,*,#5638,.F.);
#5763 = ORIENTED_EDGE('',*,*,#5764,.F.);
#5764 = EDGE_CURVE('',#5765,#5639,#5767,.T.);
#5765 = VERTEX_POINT('',#5766);
#5766 = CARTESIAN_POINT('',(167.1,9.5,0.));
#5767 = LINE('',#5768,#5769);
#5768 = CARTESIAN_POINT('',(167.1,9.5,-1.));
#5769 = VECTOR('',#5770,1.);
#5770 = DIRECTION('',(0.,0.,1.));
#5771 = ORIENTED_EDGE('',*,*,#5772,.T.);
#5772 = EDGE_CURVE('',#5765,#5773,#5775,.T.);
#5773 = VERTEX_POINT('',#5774);
#5774 = CARTESIAN_POINT('',(164.94322356371,8.,0.));
#5775 = CIRCLE('',#5776,1.6);
#5776 = AXIS2_PLACEMENT_3D('',#5777,#5778,#5779);
#5777 = CARTESIAN_POINT('',(165.5,9.5,0.));
#5778 = DIRECTION('',(0.,0.,1.));
#5779 = DIRECTION('',(1.,0.,-0.));
#5780 = ORIENTED_EDGE('',*,*,#5781,.T.);
#5781 = EDGE_CURVE('',#5773,#5782,#5784,.T.);
#5782 = VERTEX_POINT('',#5783);
#5783 = CARTESIAN_POINT('',(166.05677643628,8.,0.));
#5784 = CIRCLE('',#5785,1.6);
#5785 = AXIS2_PLACEMENT_3D('',#5786,#5787,#5788);
#5786 = CARTESIAN_POINT('',(165.5,9.5,0.));
#5787 = DIRECTION('',(0.,0.,1.));
#5788 = DIRECTION('',(1.,0.,-0.));
#5789 = ORIENTED_EDGE('',*,*,#5790,.T.);
#5790 = EDGE_CURVE('',#5782,#5765,#5791,.T.);
#5791 = CIRCLE('',#5792,1.6);
#5792 = AXIS2_PLACEMENT_3D('',#5793,#5794,#5795);
#5793 = CARTESIAN_POINT('',(165.5,9.5,0.));
#5794 = DIRECTION('',(0.,0.,1.));
#5795 = DIRECTION('',(1.,0.,-0.));
#5796 = ORIENTED_EDGE('',*,*,#5764,.T.);
#5797 = ORIENTED_EDGE('',*,*,#5647,.F.);
#5798 = ORIENTED_EDGE('',*,*,#5431,.F.);
#5799 = CYLINDRICAL_SURFACE('',#5800,1.6);
#5800 = AXIS2_PLACEMENT_3D('',#5801,#5802,#5803);
#5801 = CARTESIAN_POINT('',(165.5,9.5,-1.));
#5802 = DIRECTION('',(0.,0.,1.));
#5803 = DIRECTION('',(1.,0.,-0.));
#5804 = ADVANCED_FACE('',(#5805),#5844,.F.);
#5805 = FACE_BOUND('',#5806,.F.);
#5806 = EDGE_LOOP('',(#5807,#5808,#5816,#5825,#5834,#5841,#5842,#5843));
#5807 = ORIENTED_EDGE('',*,*,#5655,.F.);
#5808 = ORIENTED_EDGE('',*,*,#5809,.F.);
#5809 = EDGE_CURVE('',#5810,#5656,#5812,.T.);
#5810 = VERTEX_POINT('',#5811);
#5811 = CARTESIAN_POINT('',(176.6,9.5,0.));
#5812 = LINE('',#5813,#5814);
#5813 = CARTESIAN_POINT('',(176.6,9.5,-1.));
#5814 = VECTOR('',#5815,1.);
#5815 = DIRECTION('',(0.,0.,1.));
#5816 = ORIENTED_EDGE('',*,*,#5817,.T.);
#5817 = EDGE_CURVE('',#5810,#5818,#5820,.T.);
#5818 = VERTEX_POINT('',#5819);
#5819 = CARTESIAN_POINT('',(174.44322356371,8.,0.));
#5820 = CIRCLE('',#5821,1.6);
#5821 = AXIS2_PLACEMENT_3D('',#5822,#5823,#5824);
#5822 = CARTESIAN_POINT('',(175.,9.5,0.));
#5823 = DIRECTION('',(0.,0.,1.));
#5824 = DIRECTION('',(1.,0.,-0.));
#5825 = ORIENTED_EDGE('',*,*,#5826,.T.);
#5826 = EDGE_CURVE('',#5818,#5827,#5829,.T.);
#5827 = VERTEX_POINT('',#5828);
#5828 = CARTESIAN_POINT('',(175.,7.900000000001,0.));
#5829 = CIRCLE('',#5830,1.6);
#5830 = AXIS2_PLACEMENT_3D('',#5831,#5832,#5833);
#5831 = CARTESIAN_POINT('',(175.,9.5,0.));
#5832 = DIRECTION('',(0.,0.,1.));
#5833 = DIRECTION('',(1.,0.,-0.));
#5834 = ORIENTED_EDGE('',*,*,#5835,.T.);
#5835 = EDGE_CURVE('',#5827,#5810,#5836,.T.);
#5836 = CIRCLE('',#5837,1.6);
#5837 = AXIS2_PLACEMENT_3D('',#5838,#5839,#5840);
#5838 = CARTESIAN_POINT('',(175.,9.5,0.));
#5839 = DIRECTION('',(0.,0.,1.));
#5840 = DIRECTION('',(1.,0.,-0.));
#5841 = ORIENTED_EDGE('',*,*,#5809,.T.);
#5842 = ORIENTED_EDGE('',*,*,#5664,.F.);
#5843 = ORIENTED_EDGE('',*,*,#5414,.F.);
#5844 = CYLINDRICAL_SURFACE('',#5845,1.6);
#5845 = AXIS2_PLACEMENT_3D('',#5846,#5847,#5848);
#5846 = CARTESIAN_POINT('',(175.,9.5,-1.));
#5847 = DIRECTION('',(0.,0.,1.));
#5848 = DIRECTION('',(1.,0.,-0.));
#5849 = ADVANCED_FACE('',(#5850),#5889,.F.);
#5850 = FACE_BOUND('',#5851,.F.);
#5851 = EDGE_LOOP('',(#5852,#5853,#5861,#5870,#5879,#5886,#5887,#5888));
#5852 = ORIENTED_EDGE('',*,*,#5672,.F.);
#5853 = ORIENTED_EDGE('',*,*,#5854,.F.);
#5854 = EDGE_CURVE('',#5855,#5673,#5857,.T.);
#5855 = VERTEX_POINT('',#5856);
#5856 = CARTESIAN_POINT('',(179.5,-1.102182119233E-15,0.));
#5857 = LINE('',#5858,#5859);
#5858 = CARTESIAN_POINT('',(179.5,-1.102182119233E-15,-1.));
#5859 = VECTOR('',#5860,1.);
#5860 = DIRECTION('',(0.,0.,1.));
#5861 = ORIENTED_EDGE('',*,*,#5862,.T.);
#5862 = EDGE_CURVE('',#5855,#5863,#5865,.T.);
#5863 = VERTEX_POINT('',#5864);
#5864 = CARTESIAN_POINT('',(175.,4.5,0.));
#5865 = CIRCLE('',#5866,4.5);
#5866 = AXIS2_PLACEMENT_3D('',#5867,#5868,#5869);
#5867 = CARTESIAN_POINT('',(175.,0.,0.));
#5868 = DIRECTION('',(0.,0.,1.));
#5869 = DIRECTION('',(1.,0.,-0.));
#5870 = ORIENTED_EDGE('',*,*,#5871,.T.);
#5871 = EDGE_CURVE('',#5863,#5872,#5874,.T.);
#5872 = VERTEX_POINT('',#5873);
#5873 = CARTESIAN_POINT('',(175.,-4.5,0.));
#5874 = CIRCLE('',#5875,4.5);
#5875 = AXIS2_PLACEMENT_3D('',#5876,#5877,#5878);
#5876 = CARTESIAN_POINT('',(175.,0.,0.));
#5877 = DIRECTION('',(0.,0.,1.));
#5878 = DIRECTION('',(1.,0.,-0.));
#5879 = ORIENTED_EDGE('',*,*,#5880,.T.);
#5880 = EDGE_CURVE('',#5872,#5855,#5881,.T.);
#5881 = CIRCLE('',#5882,4.5);
#5882 = AXIS2_PLACEMENT_3D('',#5883,#5884,#5885);
#5883 = CARTESIAN_POINT('',(175.,0.,0.));
#5884 = DIRECTION('',(0.,0.,1.));
#5885 = DIRECTION('',(1.,0.,-0.));
#5886 = ORIENTED_EDGE('',*,*,#5854,.T.);
#5887 = ORIENTED_EDGE('',*,*,#5681,.F.);
#5888 = ORIENTED_EDGE('',*,*,#5397,.F.);
#5889 = CYLINDRICAL_SURFACE('',#5890,4.5);
#5890 = AXIS2_PLACEMENT_3D('',#5891,#5892,#5893);
#5891 = CARTESIAN_POINT('',(175.,0.,-1.));
#5892 = DIRECTION('',(0.,0.,1.));
#5893 = DIRECTION('',(1.,0.,-0.));
#5894 = ADVANCED_FACE('',(#5895),#5934,.F.);
#5895 = FACE_BOUND('',#5896,.F.);
#5896 = EDGE_LOOP('',(#5897,#5898,#5906,#5915,#5924,#5931,#5932,#5933));
#5897 = ORIENTED_EDGE('',*,*,#5689,.F.);
#5898 = ORIENTED_EDGE('',*,*,#5899,.F.);
#5899 = EDGE_CURVE('',#5900,#5690,#5902,.T.);
#5900 = VERTEX_POINT('',#5901);
#5901 = CARTESIAN_POINT('',(176.6,-9.5,0.));
#5902 = LINE('',#5903,#5904);
#5903 = CARTESIAN_POINT('',(176.6,-9.5,-1.));
#5904 = VECTOR('',#5905,1.);
#5905 = DIRECTION('',(0.,0.,1.));
#5906 = ORIENTED_EDGE('',*,*,#5907,.T.);
#5907 = EDGE_CURVE('',#5900,#5908,#5910,.T.);
#5908 = VERTEX_POINT('',#5909);
#5909 = CARTESIAN_POINT('',(175.,-7.900000000001,0.));
#5910 = CIRCLE('',#5911,1.6);
#5911 = AXIS2_PLACEMENT_3D('',#5912,#5913,#5914);
#5912 = CARTESIAN_POINT('',(175.,-9.5,0.));
#5913 = DIRECTION('',(0.,0.,1.));
#5914 = DIRECTION('',(1.,0.,-0.));
#5915 = ORIENTED_EDGE('',*,*,#5916,.T.);
#5916 = EDGE_CURVE('',#5908,#5917,#5919,.T.);
#5917 = VERTEX_POINT('',#5918);
#5918 = CARTESIAN_POINT('',(174.44322356371,-8.,0.));
#5919 = CIRCLE('',#5920,1.6);
#5920 = AXIS2_PLACEMENT_3D('',#5921,#5922,#5923);
#5921 = CARTESIAN_POINT('',(175.,-9.5,0.));
#5922 = DIRECTION('',(0.,0.,1.));
#5923 = DIRECTION('',(1.,0.,-0.));
#5924 = ORIENTED_EDGE('',*,*,#5925,.T.);
#5925 = EDGE_CURVE('',#5917,#5900,#5926,.T.);
#5926 = CIRCLE('',#5927,1.6);
#5927 = AXIS2_PLACEMENT_3D('',#5928,#5929,#5930);
#5928 = CARTESIAN_POINT('',(175.,-9.5,0.));
#5929 = DIRECTION('',(0.,0.,1.));
#5930 = DIRECTION('',(1.,0.,-0.));
#5931 = ORIENTED_EDGE('',*,*,#5899,.T.);
#5932 = ORIENTED_EDGE('',*,*,#5698,.F.);
#5933 = ORIENTED_EDGE('',*,*,#5380,.F.);
#5934 = CYLINDRICAL_SURFACE('',#5935,1.6);
#5935 = AXIS2_PLACEMENT_3D('',#5936,#5937,#5938);
#5936 = CARTESIAN_POINT('',(175.,-9.5,-1.));
#5937 = DIRECTION('',(0.,0.,1.));
#5938 = DIRECTION('',(1.,0.,-0.));
#5939 = ADVANCED_FACE('',(#5940),#5979,.F.);
#5940 = FACE_BOUND('',#5941,.F.);
#5941 = EDGE_LOOP('',(#5942,#5943,#5951,#5960,#5969,#5976,#5977,#5978));
#5942 = ORIENTED_EDGE('',*,*,#5706,.F.);
#5943 = ORIENTED_EDGE('',*,*,#5944,.F.);
#5944 = EDGE_CURVE('',#5945,#5707,#5947,.T.);
#5945 = VERTEX_POINT('',#5946);
#5946 = CARTESIAN_POINT('',(167.1,-9.5,0.));
#5947 = LINE('',#5948,#5949);
#5948 = CARTESIAN_POINT('',(167.1,-9.5,-1.));
#5949 = VECTOR('',#5950,1.);
#5950 = DIRECTION('',(0.,0.,1.));
#5951 = ORIENTED_EDGE('',*,*,#5952,.T.);
#5952 = EDGE_CURVE('',#5945,#5953,#5955,.T.);
#5953 = VERTEX_POINT('',#5954);
#5954 = CARTESIAN_POINT('',(166.05677643628,-8.,0.));
#5955 = CIRCLE('',#5956,1.6);
#5956 = AXIS2_PLACEMENT_3D('',#5957,#5958,#5959);
#5957 = CARTESIAN_POINT('',(165.5,-9.5,0.));
#5958 = DIRECTION('',(0.,0.,1.));
#5959 = DIRECTION('',(1.,0.,-0.));
#5960 = ORIENTED_EDGE('',*,*,#5961,.T.);
#5961 = EDGE_CURVE('',#5953,#5962,#5964,.T.);
#5962 = VERTEX_POINT('',#5963);
#5963 = CARTESIAN_POINT('',(164.94322356371,-8.,0.));
#5964 = CIRCLE('',#5965,1.6);
#5965 = AXIS2_PLACEMENT_3D('',#5966,#5967,#5968);
#5966 = CARTESIAN_POINT('',(165.5,-9.5,0.));
#5967 = DIRECTION('',(0.,0.,1.));
#5968 = DIRECTION('',(1.,0.,-0.));
#5969 = ORIENTED_EDGE('',*,*,#5970,.T.);
#5970 = EDGE_CURVE('',#5962,#5945,#5971,.T.);
#5971 = CIRCLE('',#5972,1.6);
#5972 = AXIS2_PLACEMENT_3D('',#5973,#5974,#5975);
#5973 = CARTESIAN_POINT('',(165.5,-9.5,0.));
#5974 = DIRECTION('',(0.,0.,1.));
#5975 = DIRECTION('',(1.,0.,-0.));
#5976 = ORIENTED_EDGE('',*,*,#5944,.T.);
#5977 = ORIENTED_EDGE('',*,*,#5715,.F.);
#5978 = ORIENTED_EDGE('',*,*,#5363,.F.);
#5979 = CYLINDRICAL_SURFACE('',#5980,1.6);
#5980 = AXIS2_PLACEMENT_3D('',#5981,#5982,#5983);
#5981 = CARTESIAN_POINT('',(165.5,-9.5,-1.));
#5982 = DIRECTION('',(0.,0.,1.));
#5983 = DIRECTION('',(1.,0.,-0.));
#5984 = ADVANCED_FACE('',(#5985),#6004,.F.);
#5985 = FACE_BOUND('',#5986,.F.);
#5986 = EDGE_LOOP('',(#5987,#5988,#5996,#6003));
#5987 = ORIENTED_EDGE('',*,*,#5440,.F.);
#5988 = ORIENTED_EDGE('',*,*,#5989,.F.);
#5989 = EDGE_CURVE('',#5990,#5441,#5992,.T.);
#5990 = VERTEX_POINT('',#5991);
#5991 = CARTESIAN_POINT('',(168.6,-3.918869757272E-16,0.));
#5992 = LINE('',#5993,#5994);
#5993 = CARTESIAN_POINT('',(168.6,-3.918869757272E-16,-1.));
#5994 = VECTOR('',#5995,1.);
#5995 = DIRECTION('',(0.,0.,1.));
#5996 = ORIENTED_EDGE('',*,*,#5997,.T.);
#5997 = EDGE_CURVE('',#5990,#5990,#5998,.T.);
#5998 = CIRCLE('',#5999,1.6);
#5999 = AXIS2_PLACEMENT_3D('',#6000,#6001,#6002);
#6000 = CARTESIAN_POINT('',(167.,0.,0.));
#6001 = DIRECTION('',(0.,0.,1.));
#6002 = DIRECTION('',(1.,0.,-0.));
#6003 = ORIENTED_EDGE('',*,*,#5989,.T.);
#6004 = CYLINDRICAL_SURFACE('',#6005,1.6);
#6005 = AXIS2_PLACEMENT_3D('',#6006,#6007,#6008);
#6006 = CARTESIAN_POINT('',(167.,0.,-1.));
#6007 = DIRECTION('',(0.,0.,1.));
#6008 = DIRECTION('',(1.,0.,-0.));
#6009 = ADVANCED_FACE('',(#6010),#6022,.T.);
#6010 = FACE_BOUND('',#6011,.T.);
#6011 = EDGE_LOOP('',(#6012,#6013,#6014,#6015));
#6012 = ORIENTED_EDGE('',*,*,#5604,.T.);
#6013 = ORIENTED_EDGE('',*,*,#5629,.F.);
#6014 = ORIENTED_EDGE('',*,*,#5474,.F.);
#6015 = ORIENTED_EDGE('',*,*,#6016,.T.);
#6016 = EDGE_CURVE('',#5460,#5605,#6017,.T.);
#6017 = CIRCLE('',#6018,18.);
#6018 = AXIS2_PLACEMENT_3D('',#6019,#6020,#6021);
#6019 = CARTESIAN_POINT('',(175.,0.,0.));
#6020 = DIRECTION('',(0.,0.,1.));
#6021 = DIRECTION('',(1.,0.,-0.));
#6022 = CYLINDRICAL_SURFACE('',#6023,18.);
#6023 = AXIS2_PLACEMENT_3D('',#6024,#6025,#6026);
#6024 = CARTESIAN_POINT('',(175.,0.,0.));
#6025 = DIRECTION('',(0.,0.,1.));
#6026 = DIRECTION('',(1.,0.,-0.));
#6027 = ADVANCED_FACE('',(#6028),#6037,.F.);
#6028 = FACE_BOUND('',#6029,.F.);
#6029 = EDGE_LOOP('',(#6030,#6036));
#6030 = ORIENTED_EDGE('',*,*,#6031,.T.);
#6031 = EDGE_CURVE('',#5458,#5316,#6032,.T.);
#6032 = LINE('',#6033,#6034);
#6033 = CARTESIAN_POINT('',(28.,-8.,0.));
#6034 = VECTOR('',#6035,1.);
#6035 = DIRECTION('',(-0.,1.,0.));
#6036 = ORIENTED_EDGE('',*,*,#5540,.T.);
#6037 = PLANE('',#6038);
#6038 = AXIS2_PLACEMENT_3D('',#6039,#6040,#6041);
#6039 = CARTESIAN_POINT('',(28.,0.,0.));
#6040 = DIRECTION('',(0.,0.,1.));
#6041 = DIRECTION('',(1.,0.,-0.));
#6042 = ADVANCED_FACE('',(#6043),#6048,.F.);
#6043 = FACE_BOUND('',#6044,.F.);
#6044 = EDGE_LOOP('',(#6045,#6046,#6047));
#6045 = ORIENTED_EDGE('',*,*,#5557,.T.);
#6046 = ORIENTED_EDGE('',*,*,#6031,.F.);
#6047 = ORIENTED_EDGE('',*,*,#5566,.T.);
#6048 = PLANE('',#6049);
#6049 = AXIS2_PLACEMENT_3D('',#6050,#6051,#6052);
#6050 = CARTESIAN_POINT('',(28.,-8.,0.));
#6051 = DIRECTION('',(0.,0.,1.));
#6052 = DIRECTION('',(1.,0.,-0.));
#6053 = ADVANCED_FACE('',(#6054,#6098),#6101,.F.);
#6054 = FACE_BOUND('',#6055,.F.);
#6055 = EDGE_LOOP('',(#6056,#6062,#6063,#6069,#6070,#6076,#6077,#6083,
    #6084,#6090,#6091,#6097));
#6056 = ORIENTED_EDGE('',*,*,#6057,.F.);
#6057 = EDGE_CURVE('',#5318,#5773,#6058,.T.);
#6058 = LINE('',#6059,#6060);
#6059 = CARTESIAN_POINT('',(28.,8.,0.));
#6060 = VECTOR('',#6061,1.);
#6061 = DIRECTION('',(1.,0.,-0.));
#6062 = ORIENTED_EDGE('',*,*,#5574,.T.);
#6063 = ORIENTED_EDGE('',*,*,#6064,.T.);
#6064 = EDGE_CURVE('',#5460,#5962,#6065,.T.);
#6065 = LINE('',#6066,#6067);
#6066 = CARTESIAN_POINT('',(28.,-8.,0.));
#6067 = VECTOR('',#6068,1.);
#6068 = DIRECTION('',(1.,0.,-0.));
#6069 = ORIENTED_EDGE('',*,*,#5961,.F.);
#6070 = ORIENTED_EDGE('',*,*,#6071,.T.);
#6071 = EDGE_CURVE('',#5953,#5917,#6072,.T.);
#6072 = LINE('',#6073,#6074);
#6073 = CARTESIAN_POINT('',(28.,-8.,0.));
#6074 = VECTOR('',#6075,1.);
#6075 = DIRECTION('',(1.,0.,-0.));
#6076 = ORIENTED_EDGE('',*,*,#5916,.F.);
#6077 = ORIENTED_EDGE('',*,*,#6078,.T.);
#6078 = EDGE_CURVE('',#5908,#5872,#6079,.T.);
#6079 = LINE('',#6080,#6081);
#6080 = CARTESIAN_POINT('',(175.,-8.,0.));
#6081 = VECTOR('',#6082,1.);
#6082 = DIRECTION('',(-0.,1.,0.));
#6083 = ORIENTED_EDGE('',*,*,#5871,.F.);
#6084 = ORIENTED_EDGE('',*,*,#6085,.T.);
#6085 = EDGE_CURVE('',#5863,#5827,#6086,.T.);
#6086 = LINE('',#6087,#6088);
#6087 = CARTESIAN_POINT('',(175.,-8.,0.));
#6088 = VECTOR('',#6089,1.);
#6089 = DIRECTION('',(-0.,1.,0.));
#6090 = ORIENTED_EDGE('',*,*,#5826,.F.);
#6091 = ORIENTED_EDGE('',*,*,#6092,.F.);
#6092 = EDGE_CURVE('',#5782,#5818,#6093,.T.);
#6093 = LINE('',#6094,#6095);
#6094 = CARTESIAN_POINT('',(28.,8.,0.));
#6095 = VECTOR('',#6096,1.);
#6096 = DIRECTION('',(1.,0.,-0.));
#6097 = ORIENTED_EDGE('',*,*,#5781,.F.);
#6098 = FACE_BOUND('',#6099,.F.);
#6099 = EDGE_LOOP('',(#6100));
#6100 = ORIENTED_EDGE('',*,*,#5997,.F.);
#6101 = PLANE('',#6102);
#6102 = AXIS2_PLACEMENT_3D('',#6103,#6104,#6105);
#6103 = CARTESIAN_POINT('',(28.,-8.,0.));
#6104 = DIRECTION('',(0.,0.,1.));
#6105 = DIRECTION('',(1.,0.,-0.));
#6106 = ADVANCED_FACE('',(#6107,#6127,#6138,#6149),#6160,.F.);
#6107 = FACE_BOUND('',#6108,.F.);
#6108 = EDGE_LOOP('',(#6109,#6110,#6111,#6112,#6113,#6114,#6115,#6116,
    #6117,#6118,#6119,#6120,#6121,#6122,#6123,#6124,#6125,#6126));
#6109 = ORIENTED_EDGE('',*,*,#6064,.F.);
#6110 = ORIENTED_EDGE('',*,*,#6016,.T.);
#6111 = ORIENTED_EDGE('',*,*,#5612,.T.);
#6112 = ORIENTED_EDGE('',*,*,#6057,.T.);
#6113 = ORIENTED_EDGE('',*,*,#5772,.F.);
#6114 = ORIENTED_EDGE('',*,*,#5790,.F.);
#6115 = ORIENTED_EDGE('',*,*,#6092,.T.);
#6116 = ORIENTED_EDGE('',*,*,#5817,.F.);
#6117 = ORIENTED_EDGE('',*,*,#5835,.F.);
#6118 = ORIENTED_EDGE('',*,*,#6085,.F.);
#6119 = ORIENTED_EDGE('',*,*,#5862,.F.);
#6120 = ORIENTED_EDGE('',*,*,#5880,.F.);
#6121 = ORIENTED_EDGE('',*,*,#6078,.F.);
#6122 = ORIENTED_EDGE('',*,*,#5907,.F.);
#6123 = ORIENTED_EDGE('',*,*,#5925,.F.);
#6124 = ORIENTED_EDGE('',*,*,#6071,.F.);
#6125 = ORIENTED_EDGE('',*,*,#5952,.F.);
#6126 = ORIENTED_EDGE('',*,*,#5970,.F.);
#6127 = FACE_BOUND('',#6128,.F.);
#6128 = EDGE_LOOP('',(#6129));
#6129 = ORIENTED_EDGE('',*,*,#6130,.F.);
#6130 = EDGE_CURVE('',#6131,#6131,#6133,.T.);
#6131 = VERTEX_POINT('',#6132);
#6132 = CARTESIAN_POINT('',(186.1,-9.5,0.));
#6133 = CIRCLE('',#6134,1.6);
#6134 = AXIS2_PLACEMENT_3D('',#6135,#6136,#6137);
#6135 = CARTESIAN_POINT('',(184.5,-9.5,0.));
#6136 = DIRECTION('',(0.,0.,1.));
#6137 = DIRECTION('',(1.,0.,-0.));
#6138 = FACE_BOUND('',#6139,.F.);
#6139 = EDGE_LOOP('',(#6140));
#6140 = ORIENTED_EDGE('',*,*,#6141,.F.);
#6141 = EDGE_CURVE('',#6142,#6142,#6144,.T.);
#6142 = VERTEX_POINT('',#6143);
#6143 = CARTESIAN_POINT('',(184.6,-3.918869757272E-16,0.));
#6144 = CIRCLE('',#6145,1.6);
#6145 = AXIS2_PLACEMENT_3D('',#6146,#6147,#6148);
#6146 = CARTESIAN_POINT('',(183.,0.,0.));
#6147 = DIRECTION('',(0.,0.,1.));
#6148 = DIRECTION('',(1.,0.,-0.));
#6149 = FACE_BOUND('',#6150,.F.);
#6150 = EDGE_LOOP('',(#6151));
#6151 = ORIENTED_EDGE('',*,*,#6152,.F.);
#6152 = EDGE_CURVE('',#6153,#6153,#6155,.T.);
#6153 = VERTEX_POINT('',#6154);
#6154 = CARTESIAN_POINT('',(186.1,9.5,0.));
#6155 = CIRCLE('',#6156,1.6);
#6156 = AXIS2_PLACEMENT_3D('',#6157,#6158,#6159);
#6157 = CARTESIAN_POINT('',(184.5,9.5,0.));
#6158 = DIRECTION('',(0.,0.,1.));
#6159 = DIRECTION('',(1.,0.,-0.));
#6160 = PLANE('',#6161);
#6161 = AXIS2_PLACEMENT_3D('',#6162,#6163,#6164);
#6162 = CARTESIAN_POINT('',(175.,0.,0.));
#6163 = DIRECTION('',(0.,0.,1.));
#6164 = DIRECTION('',(1.,0.,-0.));
#6165 = ADVANCED_FACE('',(#6166),#6177,.F.);
#6166 = FACE_BOUND('',#6167,.F.);
#6167 = EDGE_LOOP('',(#6168,#6169,#6175,#6176));
#6168 = ORIENTED_EDGE('',*,*,#5724,.F.);
#6169 = ORIENTED_EDGE('',*,*,#6170,.F.);
#6170 = EDGE_CURVE('',#6131,#5725,#6171,.T.);
#6171 = LINE('',#6172,#6173);
#6172 = CARTESIAN_POINT('',(186.1,-9.5,-1.));
#6173 = VECTOR('',#6174,1.);
#6174 = DIRECTION('',(0.,0.,1.));
#6175 = ORIENTED_EDGE('',*,*,#6130,.T.);
#6176 = ORIENTED_EDGE('',*,*,#6170,.T.);
#6177 = CYLINDRICAL_SURFACE('',#6178,1.6);
#6178 = AXIS2_PLACEMENT_3D('',#6179,#6180,#6181);
#6179 = CARTESIAN_POINT('',(184.5,-9.5,-1.));
#6180 = DIRECTION('',(0.,0.,1.));
#6181 = DIRECTION('',(1.,0.,-0.));
#6182 = ADVANCED_FACE('',(#6183),#6194,.F.);
#6183 = FACE_BOUND('',#6184,.F.);
#6184 = EDGE_LOOP('',(#6185,#6186,#6192,#6193));
#6185 = ORIENTED_EDGE('',*,*,#5735,.F.);
#6186 = ORIENTED_EDGE('',*,*,#6187,.F.);
#6187 = EDGE_CURVE('',#6142,#5736,#6188,.T.);
#6188 = LINE('',#6189,#6190);
#6189 = CARTESIAN_POINT('',(184.6,-3.918869757272E-16,-1.));
#6190 = VECTOR('',#6191,1.);
#6191 = DIRECTION('',(0.,0.,1.));
#6192 = ORIENTED_EDGE('',*,*,#6141,.T.);
#6193 = ORIENTED_EDGE('',*,*,#6187,.T.);
#6194 = CYLINDRICAL_SURFACE('',#6195,1.6);
#6195 = AXIS2_PLACEMENT_3D('',#6196,#6197,#6198);
#6196 = CARTESIAN_POINT('',(183.,0.,-1.));
#6197 = DIRECTION('',(0.,0.,1.));
#6198 = DIRECTION('',(1.,0.,-0.));
#6199 = ADVANCED_FACE('',(#6200),#6211,.F.);
#6200 = FACE_BOUND('',#6201,.F.);
#6201 = EDGE_LOOP('',(#6202,#6203,#6209,#6210));
#6202 = ORIENTED_EDGE('',*,*,#5746,.F.);
#6203 = ORIENTED_EDGE('',*,*,#6204,.F.);
#6204 = EDGE_CURVE('',#6153,#5747,#6205,.T.);
#6205 = LINE('',#6206,#6207);
#6206 = CARTESIAN_POINT('',(186.1,9.5,-1.));
#6207 = VECTOR('',#6208,1.);
#6208 = DIRECTION('',(0.,0.,1.));
#6209 = ORIENTED_EDGE('',*,*,#6152,.T.);
#6210 = ORIENTED_EDGE('',*,*,#6204,.T.);
#6211 = CYLINDRICAL_SURFACE('',#6212,1.6);
#6212 = AXIS2_PLACEMENT_3D('',#6213,#6214,#6215);
#6213 = CARTESIAN_POINT('',(184.5,9.5,-1.));
#6214 = DIRECTION('',(0.,0.,1.));
#6215 = DIRECTION('',(1.,0.,-0.));
#6216 = ( GEOMETRIC_REPRESENTATION_CONTEXT(3) 
GLOBAL_UNCERTAINTY_ASSIGNED_CONTEXT((#6220)) 
GLOBAL_UNIT_ASSIGNED_CONTEXT((#6217,#6218,#6219)) REPRESENTATION_CONTEXT
('Context #1','3D Context with UNIT and UNCERTAINTY') );
#6217 = ( LENGTH_UNIT() NAMED_UNIT(*) SI_UNIT(.MILLI.,.METRE.) );
#6218 = ( NAMED_UNIT(*) PLANE_ANGLE_UNIT() SI_UNIT($,.RADIAN.) );
#6219 = ( NAMED_UNIT(*) SI_UNIT($,.STERADIAN.) SOLID_ANGLE_UNIT() );
#6220 = UNCERTAINTY_MEASURE_WITH_UNIT(LENGTH_MEASURE(1.E-07),#6217,
  'distance_accuracy_value','confusion accuracy');
#6221 = CONTEXT_DEPENDENT_SHAPE_REPRESENTATION(#6222,#6224);
#6222 = ( REPRESENTATION_RELATIONSHIP('','',#5203,#10) 
REPRESENTATION_RELATIONSHIP_WITH_TRANSFORMATION(#6223) 
SHAPE_REPRESENTATION_RELATIONSHIP() );
#6223 = ITEM_DEFINED_TRANSFORMATION('','',#11,#35);
#6224 = PRODUCT_DEFINITION_SHAPE('Placement','Placement of an item',
  #6225);
#6225 = NEXT_ASSEMBLY_USAGE_OCCURRENCE('6','arm_4','',#5,#5198,$);
#6226 = PRODUCT_RELATED_PRODUCT_CATEGORY('part',$,(#5200));
ENDSEC;
END-ISO-10303-21;
